commodity,topRegion,midRegion,subRegion,region,country
1-Butanol,AMER,Latin America and the Caribbean,Caribbean,Caribbean,Trinidad and Tobago
1-Butanol,AMER,Latin America and the Caribbean,Central America,Central America,Mexico
1-Butanol,AMER,Latin America and the Caribbean,Other Central and South America (Region),Other Central and South America (Region),Other Central and South America (Country)
1-Butanol,AMER,Latin America and the Caribbean,South America,South America,Argentina
1-Butanol,AMER,Latin America and the Caribbean,South America,South America,Bolivia
1-Butanol,AMER,Latin America and the Caribbean,South America,South America,Brazil
1-Butanol,AMER,Latin America and the Caribbean,South America,South America,Chile
1-Butanol,AMER,Latin America and the Caribbean,South America,South America,Colombia
1-Butanol,AMER,Latin America and the Caribbean,South America,South America,Ecuador
1-Butanol,AMER,Latin America and the Caribbean,South America,South America,Paraguay
1-Butanol,AMER,Latin America and the Caribbean,South America,South America,Peru
1-Butanol,AMER,Latin America and the Caribbean,South America,South America,Uruguay
1-Butanol,AMER,Latin America and the Caribbean,South America,South America,Venezuela
1-Butanol,AMER,North America,,North America,Canada
1-Butanol,AMER,North America,,North America,Other North America
1-Butanol,AMER,North America,,North America,United States
1-Butanol,APAC,Asia,Eastern Asia,Eastern Asia,China
1-Butanol,APAC,Asia,Eastern Asia,Eastern Asia,Hong Kong
1-Butanol,APAC,Asia,Eastern Asia,Eastern Asia,Japan
1-Butanol,APAC,Asia,Eastern Asia,Eastern Asia,Macao
1-Butanol,APAC,Asia,Eastern Asia,Eastern Asia,Other Northeast Asia ex China
1-Butanol,APAC,Asia,Eastern Asia,Eastern Asia,South Korea
1-Butanol,APAC,Asia,Eastern Asia,Eastern Asia,Taiwan
1-Butanol,APAC,Asia,South-eastern Asia,South-eastern Asia,Brunei Darussalam
1-Butanol,APAC,Asia,South-eastern Asia,South-eastern Asia,Indonesia
1-Butanol,APAC,Asia,South-eastern Asia,South-eastern Asia,Malaysia
1-Butanol,APAC,Asia,South-eastern Asia,South-eastern Asia,Myanmar
1-Butanol,APAC,Asia,South-eastern Asia,South-eastern Asia,Other Southeast Asia
1-Butanol,APAC,Asia,South-eastern Asia,South-eastern Asia,Philippines
1-Butanol,APAC,Asia,South-eastern Asia,South-eastern Asia,Singapore
1-Butanol,APAC,Asia,South-eastern Asia,South-eastern Asia,Thailand
1-Butanol,APAC,Asia,South-eastern Asia,South-eastern Asia,Vietnam
1-Butanol,APAC,Asia,Southern Asia,Southern Asia,Bangladesh
1-Butanol,APAC,Asia,Southern Asia,Southern Asia,India
1-Butanol,APAC,Asia,Southern Asia,Southern Asia,Other South Asia
1-Butanol,APAC,Asia,Southern Asia,Southern Asia,Pakistan
1-Butanol,APAC,Asia,Southern Asia,Southern Asia,Sri Lanka
1-Butanol,APAC,Oceania,Australia and New Zealand,Australia and New Zealand,Australia
1-Butanol,APAC,Oceania,Australia and New Zealand,Australia and New Zealand,New Zealand
1-Butanol,EMEA,Africa,Central Africa,Central Africa,Angola
1-Butanol,EMEA,Africa,Central Africa,Central Africa,Cameroon
1-Butanol,EMEA,Africa,Central Africa,Central Africa,Equatorial Guinea
1-Butanol,EMEA,Africa,Central Africa,Central Africa,Republic of the Congo
1-Butanol,EMEA,Africa,Eastern Africa,Eastern Africa,Ethiopia
1-Butanol,EMEA,Africa,Eastern Africa,Eastern Africa,Kenya
1-Butanol,EMEA,Africa,Eastern Africa,Eastern Africa,Tanzania
1-Butanol,EMEA,Africa,Eastern Africa,Eastern Africa,Uganda
1-Butanol,EMEA,Africa,Northern Africa,Northern Africa,Algeria
1-Butanol,EMEA,Africa,Northern Africa,Northern Africa,Egypt
1-Butanol,EMEA,Africa,Northern Africa,Northern Africa,Libya
1-Butanol,EMEA,Africa,Northern Africa,Northern Africa,Morocco
1-Butanol,EMEA,Africa,Northern Africa,Northern Africa,Tunisia
1-Butanol,EMEA,Africa,Other Africa (Region),Other Africa (Region),Other Africa (Country)
1-Butanol,EMEA,Africa,Southern Africa,Southern Africa,Mozambique
1-Butanol,EMEA,Africa,Southern Africa,Southern Africa,South Africa
1-Butanol,EMEA,Africa,Western Africa,Western Africa,Ghana
1-Butanol,EMEA,Africa,Western Africa,Western Africa,Nigeria
1-Butanol,EMEA,Eurasia,,Eurasia,Azerbaijan
1-Butanol,EMEA,Eurasia,,Eurasia,Belarus
1-Butanol,EMEA,Eurasia,,Eurasia,Kazakhstan
1-Butanol,EMEA,Eurasia,,Eurasia,Other Russia and CIS
1-Butanol,EMEA,Eurasia,,Eurasia,Russia
1-Butanol,EMEA,Eurasia,,Eurasia,Turkmenistan
1-Butanol,EMEA,Eurasia,,Eurasia,Ukraine
1-Butanol,EMEA,Eurasia,,Eurasia,Uzbekistan
1-Butanol,EMEA,Europe,Eastern Europe,Eastern Europe,Bulgaria
1-Butanol,EMEA,Europe,Eastern Europe,Eastern Europe,Czechia
1-Butanol,EMEA,Europe,Eastern Europe,Eastern Europe,Hungary
1-Butanol,EMEA,Europe,Eastern Europe,Eastern Europe,Poland
1-Butanol,EMEA,Europe,Eastern Europe,Eastern Europe,Romania
1-Butanol,EMEA,Europe,Eastern Europe,Eastern Europe,Slovakia
1-Butanol,EMEA,Europe,Northern Europe,Northern Europe,Denmark
1-Butanol,EMEA,Europe,Northern Europe,Northern Europe,Estonia
1-Butanol,EMEA,Europe,Northern Europe,Northern Europe,Finland
1-Butanol,EMEA,Europe,Northern Europe,Northern Europe,Latvia
1-Butanol,EMEA,Europe,Northern Europe,Northern Europe,Lithuania
1-Butanol,EMEA,Europe,Northern Europe,Northern Europe,Norway
1-Butanol,EMEA,Europe,Northern Europe,Northern Europe,Sweden
1-Butanol,EMEA,Europe,Northern Europe,Northern Europe,United Kingdom
1-Butanol,EMEA,Europe,Other Central and Eastern Europe (Region),Other Central and Eastern Europe (Region),Other Central and Eastern Europe (Country)
1-Butanol,EMEA,Europe,Southern Europe,Southern Europe,Croatia
1-Butanol,EMEA,Europe,Southern Europe,Southern Europe,Greece
1-Butanol,EMEA,Europe,Southern Europe,Southern Europe,Italy
1-Butanol,EMEA,Europe,Southern Europe,Southern Europe,Portugal
1-Butanol,EMEA,Europe,Southern Europe,Southern Europe,Serbia
1-Butanol,EMEA,Europe,Southern Europe,Southern Europe,Slovenia
1-Butanol,EMEA,Europe,Southern Europe,Southern Europe,Spain
1-Butanol,EMEA,Europe,Southern Europe,Southern Europe,Turkey
1-Butanol,EMEA,Europe,Western Europe,Western Europe,Austria
1-Butanol,EMEA,Europe,Western Europe,Western Europe,Belgium
1-Butanol,EMEA,Europe,Western Europe,Western Europe,France
1-Butanol,EMEA,Europe,Western Europe,Western Europe,Germany
1-Butanol,EMEA,Europe,Western Europe,Western Europe,Netherlands
1-Butanol,EMEA,Europe,Western Europe,Western Europe,Other Western Europe
1-Butanol,EMEA,Europe,Western Europe,Western Europe,Switzerland
1-Butanol,EMEA,Middle East,,Middle East,Bahrain
1-Butanol,EMEA,Middle East,,Middle East,Iran
1-Butanol,EMEA,Middle East,,Middle East,Iraq
1-Butanol,EMEA,Middle East,,Middle East,Israel
1-Butanol,EMEA,Middle East,,Middle East,Kuwait
1-Butanol,EMEA,Middle East,,Middle East,Oman
1-Butanol,EMEA,Middle East,,Middle East,Other Middle East
1-Butanol,EMEA,Middle East,,Middle East,Qatar
1-Butanol,EMEA,Middle East,,Middle East,Saudi Arabia
1-Butanol,EMEA,Middle East,,Middle East,United Arab Emirates
1-Butene,AMER,Latin America and the Caribbean,Caribbean,Caribbean,Trinidad and Tobago
1-Butene,AMER,Latin America and the Caribbean,Central America,Central America,Mexico
1-Butene,AMER,Latin America and the Caribbean,Other Central and South America (Region),Other Central and South America (Region),Other Central and South America (Country)
1-Butene,AMER,Latin America and the Caribbean,South America,South America,Argentina
1-Butene,AMER,Latin America and the Caribbean,South America,South America,Bolivia
1-Butene,AMER,Latin America and the Caribbean,South America,South America,Brazil
1-Butene,AMER,Latin America and the Caribbean,South America,South America,Chile
1-Butene,AMER,Latin America and the Caribbean,South America,South America,Colombia
1-Butene,AMER,Latin America and the Caribbean,South America,South America,Ecuador
1-Butene,AMER,Latin America and the Caribbean,South America,South America,Paraguay
1-Butene,AMER,Latin America and the Caribbean,South America,South America,Peru
1-Butene,AMER,Latin America and the Caribbean,South America,South America,Uruguay
1-Butene,AMER,Latin America and the Caribbean,South America,South America,Venezuela
1-Butene,AMER,North America,,North America,Canada
1-Butene,AMER,North America,,North America,Other North America
1-Butene,AMER,North America,,North America,United States
1-Butene,APAC,Asia,Eastern Asia,Eastern Asia,China
1-Butene,APAC,Asia,Eastern Asia,Eastern Asia,Hong Kong
1-Butene,APAC,Asia,Eastern Asia,Eastern Asia,Japan
1-Butene,APAC,Asia,Eastern Asia,Eastern Asia,Macao
1-Butene,APAC,Asia,Eastern Asia,Eastern Asia,Other Northeast Asia ex China
1-Butene,APAC,Asia,Eastern Asia,Eastern Asia,South Korea
1-Butene,APAC,Asia,Eastern Asia,Eastern Asia,Taiwan
1-Butene,APAC,Asia,South-eastern Asia,South-eastern Asia,Brunei Darussalam
1-Butene,APAC,Asia,South-eastern Asia,South-eastern Asia,Indonesia
1-Butene,APAC,Asia,South-eastern Asia,South-eastern Asia,Malaysia
1-Butene,APAC,Asia,South-eastern Asia,South-eastern Asia,Myanmar
1-Butene,APAC,Asia,South-eastern Asia,South-eastern Asia,Other Southeast Asia
1-Butene,APAC,Asia,South-eastern Asia,South-eastern Asia,Philippines
1-Butene,APAC,Asia,South-eastern Asia,South-eastern Asia,Singapore
1-Butene,APAC,Asia,South-eastern Asia,South-eastern Asia,Thailand
1-Butene,APAC,Asia,South-eastern Asia,South-eastern Asia,Vietnam
1-Butene,APAC,Asia,Southern Asia,Southern Asia,Bangladesh
1-Butene,APAC,Asia,Southern Asia,Southern Asia,India
1-Butene,APAC,Asia,Southern Asia,Southern Asia,Other South Asia
1-Butene,APAC,Asia,Southern Asia,Southern Asia,Pakistan
1-Butene,APAC,Asia,Southern Asia,Southern Asia,Sri Lanka
1-Butene,APAC,Oceania,Australia and New Zealand,Australia and New Zealand,Australia
1-Butene,APAC,Oceania,Australia and New Zealand,Australia and New Zealand,New Zealand
1-Butene,EMEA,Africa,Central Africa,Central Africa,Angola
1-Butene,EMEA,Africa,Central Africa,Central Africa,Cameroon
1-Butene,EMEA,Africa,Central Africa,Central Africa,Equatorial Guinea
1-Butene,EMEA,Africa,Central Africa,Central Africa,Republic of the Congo
1-Butene,EMEA,Africa,Eastern Africa,Eastern Africa,Ethiopia
1-Butene,EMEA,Africa,Eastern Africa,Eastern Africa,Kenya
1-Butene,EMEA,Africa,Eastern Africa,Eastern Africa,Tanzania
1-Butene,EMEA,Africa,Eastern Africa,Eastern Africa,Uganda
1-Butene,EMEA,Africa,Northern Africa,Northern Africa,Algeria
1-Butene,EMEA,Africa,Northern Africa,Northern Africa,Egypt
1-Butene,EMEA,Africa,Northern Africa,Northern Africa,Libya
1-Butene,EMEA,Africa,Northern Africa,Northern Africa,Morocco
1-Butene,EMEA,Africa,Northern Africa,Northern Africa,Tunisia
1-Butene,EMEA,Africa,Other Africa (Region),Other Africa (Region),Other Africa (Country)
1-Butene,EMEA,Africa,Southern Africa,Southern Africa,Mozambique
1-Butene,EMEA,Africa,Southern Africa,Southern Africa,South Africa
1-Butene,EMEA,Africa,Western Africa,Western Africa,Ghana
1-Butene,EMEA,Africa,Western Africa,Western Africa,Nigeria
1-Butene,EMEA,Eurasia,,Eurasia,Azerbaijan
1-Butene,EMEA,Eurasia,,Eurasia,Belarus
1-Butene,EMEA,Eurasia,,Eurasia,Kazakhstan
1-Butene,EMEA,Eurasia,,Eurasia,Other Russia and CIS
1-Butene,EMEA,Eurasia,,Eurasia,Russia
1-Butene,EMEA,Eurasia,,Eurasia,Turkmenistan
1-Butene,EMEA,Eurasia,,Eurasia,Ukraine
1-Butene,EMEA,Eurasia,,Eurasia,Uzbekistan
1-Butene,EMEA,Europe,Eastern Europe,Eastern Europe,Bulgaria
1-Butene,EMEA,Europe,Eastern Europe,Eastern Europe,Czechia
1-Butene,EMEA,Europe,Eastern Europe,Eastern Europe,Hungary
1-Butene,EMEA,Europe,Eastern Europe,Eastern Europe,Poland
1-Butene,EMEA,Europe,Eastern Europe,Eastern Europe,Romania
1-Butene,EMEA,Europe,Eastern Europe,Eastern Europe,Slovakia
1-Butene,EMEA,Europe,Northern Europe,Northern Europe,Denmark
1-Butene,EMEA,Europe,Northern Europe,Northern Europe,Estonia
1-Butene,EMEA,Europe,Northern Europe,Northern Europe,Finland
1-Butene,EMEA,Europe,Northern Europe,Northern Europe,Latvia
1-Butene,EMEA,Europe,Northern Europe,Northern Europe,Lithuania
1-Butene,EMEA,Europe,Northern Europe,Northern Europe,Norway
1-Butene,EMEA,Europe,Northern Europe,Northern Europe,Sweden
1-Butene,EMEA,Europe,Northern Europe,Northern Europe,United Kingdom
1-Butene,EMEA,Europe,Other Central and Eastern Europe (Region),Other Central and Eastern Europe (Region),Other Central and Eastern Europe (Country)
1-Butene,EMEA,Europe,Southern Europe,Southern Europe,Croatia
1-Butene,EMEA,Europe,Southern Europe,Southern Europe,Greece
1-Butene,EMEA,Europe,Southern Europe,Southern Europe,Italy
1-Butene,EMEA,Europe,Southern Europe,Southern Europe,Portugal
1-Butene,EMEA,Europe,Southern Europe,Southern Europe,Serbia
1-Butene,EMEA,Europe,Southern Europe,Southern Europe,Slovenia
1-Butene,EMEA,Europe,Southern Europe,Southern Europe,Spain
1-Butene,EMEA,Europe,Southern Europe,Southern Europe,Turkey
1-Butene,EMEA,Europe,Western Europe,Western Europe,Austria
1-Butene,EMEA,Europe,Western Europe,Western Europe,Belgium
1-Butene,EMEA,Europe,Western Europe,Western Europe,France
1-Butene,EMEA,Europe,Western Europe,Western Europe,Germany
1-Butene,EMEA,Europe,Western Europe,Western Europe,Netherlands
1-Butene,EMEA,Europe,Western Europe,Western Europe,Other Western Europe
1-Butene,EMEA,Europe,Western Europe,Western Europe,Switzerland
1-Butene,EMEA,Middle East,,Middle East,Bahrain
1-Butene,EMEA,Middle East,,Middle East,Iran
1-Butene,EMEA,Middle East,,Middle East,Iraq
1-Butene,EMEA,Middle East,,Middle East,Israel
1-Butene,EMEA,Middle East,,Middle East,Kuwait
1-Butene,EMEA,Middle East,,Middle East,Oman
1-Butene,EMEA,Middle East,,Middle East,Other Middle East
1-Butene,EMEA,Middle East,,Middle East,Qatar
1-Butene,EMEA,Middle East,,Middle East,Saudi Arabia
1-Butene,EMEA,Middle East,,Middle East,United Arab Emirates
2-Ethylhexanol,AMER,Latin America and the Caribbean,Caribbean,Caribbean,Trinidad and Tobago
2-Ethylhexanol,AMER,Latin America and the Caribbean,Central America,Central America,Mexico
2-Ethylhexanol,AMER,Latin America and the Caribbean,Other Central and South America (Region),Other Central and South America (Region),Other Central and South America (Country)
2-Ethylhexanol,AMER,Latin America and the Caribbean,South America,South America,Argentina
2-Ethylhexanol,AMER,Latin America and the Caribbean,South America,South America,Bolivia
2-Ethylhexanol,AMER,Latin America and the Caribbean,South America,South America,Brazil
2-Ethylhexanol,AMER,Latin America and the Caribbean,South America,South America,Chile
2-Ethylhexanol,AMER,Latin America and the Caribbean,South America,South America,Colombia
2-Ethylhexanol,AMER,Latin America and the Caribbean,South America,South America,Ecuador
2-Ethylhexanol,AMER,Latin America and the Caribbean,South America,South America,Paraguay
2-Ethylhexanol,AMER,Latin America and the Caribbean,South America,South America,Peru
2-Ethylhexanol,AMER,Latin America and the Caribbean,South America,South America,Uruguay
2-Ethylhexanol,AMER,Latin America and the Caribbean,South America,South America,Venezuela
2-Ethylhexanol,AMER,North America,,North America,Canada
2-Ethylhexanol,AMER,North America,,North America,Other North America
2-Ethylhexanol,AMER,North America,,North America,United States
2-Ethylhexanol,APAC,Asia,Eastern Asia,Eastern Asia,China
2-Ethylhexanol,APAC,Asia,Eastern Asia,Eastern Asia,Hong Kong
2-Ethylhexanol,APAC,Asia,Eastern Asia,Eastern Asia,Japan
2-Ethylhexanol,APAC,Asia,Eastern Asia,Eastern Asia,Macao
2-Ethylhexanol,APAC,Asia,Eastern Asia,Eastern Asia,Other Northeast Asia ex China
2-Ethylhexanol,APAC,Asia,Eastern Asia,Eastern Asia,South Korea
2-Ethylhexanol,APAC,Asia,Eastern Asia,Eastern Asia,Taiwan
2-Ethylhexanol,APAC,Asia,South-eastern Asia,South-eastern Asia,Brunei Darussalam
2-Ethylhexanol,APAC,Asia,South-eastern Asia,South-eastern Asia,Indonesia
2-Ethylhexanol,APAC,Asia,South-eastern Asia,South-eastern Asia,Malaysia
2-Ethylhexanol,APAC,Asia,South-eastern Asia,South-eastern Asia,Myanmar
2-Ethylhexanol,APAC,Asia,South-eastern Asia,South-eastern Asia,Other Southeast Asia
2-Ethylhexanol,APAC,Asia,South-eastern Asia,South-eastern Asia,Philippines
2-Ethylhexanol,APAC,Asia,South-eastern Asia,South-eastern Asia,Singapore
2-Ethylhexanol,APAC,Asia,South-eastern Asia,South-eastern Asia,Thailand
2-Ethylhexanol,APAC,Asia,South-eastern Asia,South-eastern Asia,Vietnam
2-Ethylhexanol,APAC,Asia,Southern Asia,Southern Asia,Bangladesh
2-Ethylhexanol,APAC,Asia,Southern Asia,Southern Asia,India
2-Ethylhexanol,APAC,Asia,Southern Asia,Southern Asia,Other South Asia
2-Ethylhexanol,APAC,Asia,Southern Asia,Southern Asia,Pakistan
2-Ethylhexanol,APAC,Asia,Southern Asia,Southern Asia,Sri Lanka
2-Ethylhexanol,APAC,Oceania,Australia and New Zealand,Australia and New Zealand,Australia
2-Ethylhexanol,APAC,Oceania,Australia and New Zealand,Australia and New Zealand,New Zealand
2-Ethylhexanol,EMEA,Africa,Central Africa,Central Africa,Angola
2-Ethylhexanol,EMEA,Africa,Central Africa,Central Africa,Cameroon
2-Ethylhexanol,EMEA,Africa,Central Africa,Central Africa,Equatorial Guinea
2-Ethylhexanol,EMEA,Africa,Central Africa,Central Africa,Republic of the Congo
2-Ethylhexanol,EMEA,Africa,Eastern Africa,Eastern Africa,Ethiopia
2-Ethylhexanol,EMEA,Africa,Eastern Africa,Eastern Africa,Kenya
2-Ethylhexanol,EMEA,Africa,Eastern Africa,Eastern Africa,Tanzania
2-Ethylhexanol,EMEA,Africa,Eastern Africa,Eastern Africa,Uganda
2-Ethylhexanol,EMEA,Africa,Northern Africa,Northern Africa,Algeria
2-Ethylhexanol,EMEA,Africa,Northern Africa,Northern Africa,Egypt
2-Ethylhexanol,EMEA,Africa,Northern Africa,Northern Africa,Libya
2-Ethylhexanol,EMEA,Africa,Northern Africa,Northern Africa,Morocco
2-Ethylhexanol,EMEA,Africa,Northern Africa,Northern Africa,Tunisia
2-Ethylhexanol,EMEA,Africa,Other Africa (Region),Other Africa (Region),Other Africa (Country)
2-Ethylhexanol,EMEA,Africa,Southern Africa,Southern Africa,Mozambique
2-Ethylhexanol,EMEA,Africa,Southern Africa,Southern Africa,South Africa
2-Ethylhexanol,EMEA,Africa,Western Africa,Western Africa,Ghana
2-Ethylhexanol,EMEA,Africa,Western Africa,Western Africa,Nigeria
2-Ethylhexanol,EMEA,Eurasia,,Eurasia,Azerbaijan
2-Ethylhexanol,EMEA,Eurasia,,Eurasia,Belarus
2-Ethylhexanol,EMEA,Eurasia,,Eurasia,Kazakhstan
2-Ethylhexanol,EMEA,Eurasia,,Eurasia,Other Russia and CIS
2-Ethylhexanol,EMEA,Eurasia,,Eurasia,Russia
2-Ethylhexanol,EMEA,Eurasia,,Eurasia,Turkmenistan
2-Ethylhexanol,EMEA,Eurasia,,Eurasia,Ukraine
2-Ethylhexanol,EMEA,Eurasia,,Eurasia,Uzbekistan
2-Ethylhexanol,EMEA,Europe,Eastern Europe,Eastern Europe,Bulgaria
2-Ethylhexanol,EMEA,Europe,Eastern Europe,Eastern Europe,Czechia
2-Ethylhexanol,EMEA,Europe,Eastern Europe,Eastern Europe,Hungary
2-Ethylhexanol,EMEA,Europe,Eastern Europe,Eastern Europe,Poland
2-Ethylhexanol,EMEA,Europe,Eastern Europe,Eastern Europe,Romania
2-Ethylhexanol,EMEA,Europe,Eastern Europe,Eastern Europe,Slovakia
2-Ethylhexanol,EMEA,Europe,Northern Europe,Northern Europe,Denmark
2-Ethylhexanol,EMEA,Europe,Northern Europe,Northern Europe,Estonia
2-Ethylhexanol,EMEA,Europe,Northern Europe,Northern Europe,Finland
2-Ethylhexanol,EMEA,Europe,Northern Europe,Northern Europe,Latvia
2-Ethylhexanol,EMEA,Europe,Northern Europe,Northern Europe,Lithuania
2-Ethylhexanol,EMEA,Europe,Northern Europe,Northern Europe,Norway
2-Ethylhexanol,EMEA,Europe,Northern Europe,Northern Europe,Sweden
2-Ethylhexanol,EMEA,Europe,Northern Europe,Northern Europe,United Kingdom
2-Ethylhexanol,EMEA,Europe,Other Central and Eastern Europe (Region),Other Central and Eastern Europe (Region),Other Central and Eastern Europe (Country)
2-Ethylhexanol,EMEA,Europe,Southern Europe,Southern Europe,Croatia
2-Ethylhexanol,EMEA,Europe,Southern Europe,Southern Europe,Greece
2-Ethylhexanol,EMEA,Europe,Southern Europe,Southern Europe,Italy
2-Ethylhexanol,EMEA,Europe,Southern Europe,Southern Europe,Portugal
2-Ethylhexanol,EMEA,Europe,Southern Europe,Southern Europe,Serbia
2-Ethylhexanol,EMEA,Europe,Southern Europe,Southern Europe,Slovenia
2-Ethylhexanol,EMEA,Europe,Southern Europe,Southern Europe,Spain
2-Ethylhexanol,EMEA,Europe,Southern Europe,Southern Europe,Turkey
2-Ethylhexanol,EMEA,Europe,Western Europe,Western Europe,Austria
2-Ethylhexanol,EMEA,Europe,Western Europe,Western Europe,Belgium
2-Ethylhexanol,EMEA,Europe,Western Europe,Western Europe,France
2-Ethylhexanol,EMEA,Europe,Western Europe,Western Europe,Germany
2-Ethylhexanol,EMEA,Europe,Western Europe,Western Europe,Netherlands
2-Ethylhexanol,EMEA,Europe,Western Europe,Western Europe,Other Western Europe
2-Ethylhexanol,EMEA,Europe,Western Europe,Western Europe,Switzerland
2-Ethylhexanol,EMEA,Middle East,,Middle East,Bahrain
2-Ethylhexanol,EMEA,Middle East,,Middle East,Iran
2-Ethylhexanol,EMEA,Middle East,,Middle East,Iraq
2-Ethylhexanol,EMEA,Middle East,,Middle East,Israel
2-Ethylhexanol,EMEA,Middle East,,Middle East,Kuwait
2-Ethylhexanol,EMEA,Middle East,,Middle East,Oman
2-Ethylhexanol,EMEA,Middle East,,Middle East,Other Middle East
2-Ethylhexanol,EMEA,Middle East,,Middle East,Qatar
2-Ethylhexanol,EMEA,Middle East,,Middle East,Saudi Arabia
2-Ethylhexanol,EMEA,Middle East,,Middle East,United Arab Emirates
Acetic Acid,AMER,Latin America and the Caribbean,Caribbean,Caribbean,Trinidad and Tobago
Acetic Acid,AMER,Latin America and the Caribbean,Central America,Central America,Mexico
Acetic Acid,AMER,Latin America and the Caribbean,Other Central and South America (Region),Other Central and South America (Region),Other Central and South America (Country)
Acetic Acid,AMER,Latin America and the Caribbean,South America,South America,Argentina
Acetic Acid,AMER,Latin America and the Caribbean,South America,South America,Bolivia
Acetic Acid,AMER,Latin America and the Caribbean,South America,South America,Brazil
Acetic Acid,AMER,Latin America and the Caribbean,South America,South America,Chile
Acetic Acid,AMER,Latin America and the Caribbean,South America,South America,Colombia
Acetic Acid,AMER,Latin America and the Caribbean,South America,South America,Ecuador
Acetic Acid,AMER,Latin America and the Caribbean,South America,South America,Paraguay
Acetic Acid,AMER,Latin America and the Caribbean,South America,South America,Peru
Acetic Acid,AMER,Latin America and the Caribbean,South America,South America,Uruguay
Acetic Acid,AMER,Latin America and the Caribbean,South America,South America,Venezuela
Acetic Acid,AMER,North America,,North America,Canada
Acetic Acid,AMER,North America,,North America,Other North America
Acetic Acid,AMER,North America,,North America,United States
Acetic Acid,APAC,Asia,Eastern Asia,Eastern Asia,China
Acetic Acid,APAC,Asia,Eastern Asia,Eastern Asia,Hong Kong
Acetic Acid,APAC,Asia,Eastern Asia,Eastern Asia,Japan
Acetic Acid,APAC,Asia,Eastern Asia,Eastern Asia,Macao
Acetic Acid,APAC,Asia,Eastern Asia,Eastern Asia,Other Northeast Asia ex China
Acetic Acid,APAC,Asia,Eastern Asia,Eastern Asia,South Korea
Acetic Acid,APAC,Asia,Eastern Asia,Eastern Asia,Taiwan
Acetic Acid,APAC,Asia,South-eastern Asia,South-eastern Asia,Brunei Darussalam
Acetic Acid,APAC,Asia,South-eastern Asia,South-eastern Asia,Indonesia
Acetic Acid,APAC,Asia,South-eastern Asia,South-eastern Asia,Malaysia
Acetic Acid,APAC,Asia,South-eastern Asia,South-eastern Asia,Myanmar
Acetic Acid,APAC,Asia,South-eastern Asia,South-eastern Asia,Other Southeast Asia
Acetic Acid,APAC,Asia,South-eastern Asia,South-eastern Asia,Philippines
Acetic Acid,APAC,Asia,South-eastern Asia,South-eastern Asia,Singapore
Acetic Acid,APAC,Asia,South-eastern Asia,South-eastern Asia,Thailand
Acetic Acid,APAC,Asia,South-eastern Asia,South-eastern Asia,Vietnam
Acetic Acid,APAC,Asia,Southern Asia,Southern Asia,Bangladesh
Acetic Acid,APAC,Asia,Southern Asia,Southern Asia,India
Acetic Acid,APAC,Asia,Southern Asia,Southern Asia,Other South Asia
Acetic Acid,APAC,Asia,Southern Asia,Southern Asia,Pakistan
Acetic Acid,APAC,Asia,Southern Asia,Southern Asia,Sri Lanka
Acetic Acid,APAC,Oceania,Australia and New Zealand,Australia and New Zealand,Australia
Acetic Acid,APAC,Oceania,Australia and New Zealand,Australia and New Zealand,New Zealand
Acetic Acid,EMEA,Africa,Central Africa,Central Africa,Angola
Acetic Acid,EMEA,Africa,Central Africa,Central Africa,Cameroon
Acetic Acid,EMEA,Africa,Central Africa,Central Africa,Equatorial Guinea
Acetic Acid,EMEA,Africa,Central Africa,Central Africa,Republic of the Congo
Acetic Acid,EMEA,Africa,Eastern Africa,Eastern Africa,Ethiopia
Acetic Acid,EMEA,Africa,Eastern Africa,Eastern Africa,Kenya
Acetic Acid,EMEA,Africa,Eastern Africa,Eastern Africa,Tanzania
Acetic Acid,EMEA,Africa,Eastern Africa,Eastern Africa,Uganda
Acetic Acid,EMEA,Africa,Northern Africa,Northern Africa,Algeria
Acetic Acid,EMEA,Africa,Northern Africa,Northern Africa,Egypt
Acetic Acid,EMEA,Africa,Northern Africa,Northern Africa,Libya
Acetic Acid,EMEA,Africa,Northern Africa,Northern Africa,Morocco
Acetic Acid,EMEA,Africa,Northern Africa,Northern Africa,Tunisia
Acetic Acid,EMEA,Africa,Other Africa (Region),Other Africa (Region),Other Africa (Country)
Acetic Acid,EMEA,Africa,Southern Africa,Southern Africa,Mozambique
Acetic Acid,EMEA,Africa,Southern Africa,Southern Africa,South Africa
Acetic Acid,EMEA,Africa,Western Africa,Western Africa,Ghana
Acetic Acid,EMEA,Africa,Western Africa,Western Africa,Nigeria
Acetic Acid,EMEA,Eurasia,,Eurasia,Azerbaijan
Acetic Acid,EMEA,Eurasia,,Eurasia,Belarus
Acetic Acid,EMEA,Eurasia,,Eurasia,Kazakhstan
Acetic Acid,EMEA,Eurasia,,Eurasia,Other Russia and CIS
Acetic Acid,EMEA,Eurasia,,Eurasia,Russia
Acetic Acid,EMEA,Eurasia,,Eurasia,Turkmenistan
Acetic Acid,EMEA,Eurasia,,Eurasia,Ukraine
Acetic Acid,EMEA,Eurasia,,Eurasia,Uzbekistan
Acetic Acid,EMEA,Europe,Eastern Europe,Eastern Europe,Bulgaria
Acetic Acid,EMEA,Europe,Eastern Europe,Eastern Europe,Czechia
Acetic Acid,EMEA,Europe,Eastern Europe,Eastern Europe,Hungary
Acetic Acid,EMEA,Europe,Eastern Europe,Eastern Europe,Poland
Acetic Acid,EMEA,Europe,Eastern Europe,Eastern Europe,Romania
Acetic Acid,EMEA,Europe,Eastern Europe,Eastern Europe,Slovakia
Acetic Acid,EMEA,Europe,Northern Europe,Northern Europe,Denmark
Acetic Acid,EMEA,Europe,Northern Europe,Northern Europe,Estonia
Acetic Acid,EMEA,Europe,Northern Europe,Northern Europe,Finland
Acetic Acid,EMEA,Europe,Northern Europe,Northern Europe,Latvia
Acetic Acid,EMEA,Europe,Northern Europe,Northern Europe,Lithuania
Acetic Acid,EMEA,Europe,Northern Europe,Northern Europe,Norway
Acetic Acid,EMEA,Europe,Northern Europe,Northern Europe,Sweden
Acetic Acid,EMEA,Europe,Northern Europe,Northern Europe,United Kingdom
Acetic Acid,EMEA,Europe,Other Central and Eastern Europe (Region),Other Central and Eastern Europe (Region),Other Central and Eastern Europe (Country)
Acetic Acid,EMEA,Europe,Southern Europe,Southern Europe,Croatia
Acetic Acid,EMEA,Europe,Southern Europe,Southern Europe,Greece
Acetic Acid,EMEA,Europe,Southern Europe,Southern Europe,Italy
Acetic Acid,EMEA,Europe,Southern Europe,Southern Europe,Portugal
Acetic Acid,EMEA,Europe,Southern Europe,Southern Europe,Serbia
Acetic Acid,EMEA,Europe,Southern Europe,Southern Europe,Slovenia
Acetic Acid,EMEA,Europe,Southern Europe,Southern Europe,Spain
Acetic Acid,EMEA,Europe,Southern Europe,Southern Europe,Turkey
Acetic Acid,EMEA,Europe,Western Europe,Western Europe,Austria
Acetic Acid,EMEA,Europe,Western Europe,Western Europe,Belgium
Acetic Acid,EMEA,Europe,Western Europe,Western Europe,France
Acetic Acid,EMEA,Europe,Western Europe,Western Europe,Germany
Acetic Acid,EMEA,Europe,Western Europe,Western Europe,Netherlands
Acetic Acid,EMEA,Europe,Western Europe,Western Europe,Other Western Europe
Acetic Acid,EMEA,Europe,Western Europe,Western Europe,Switzerland
Acetic Acid,EMEA,Middle East,,Middle East,Bahrain
Acetic Acid,EMEA,Middle East,,Middle East,Iran
Acetic Acid,EMEA,Middle East,,Middle East,Iraq
Acetic Acid,EMEA,Middle East,,Middle East,Israel
Acetic Acid,EMEA,Middle East,,Middle East,Kuwait
Acetic Acid,EMEA,Middle East,,Middle East,Oman
Acetic Acid,EMEA,Middle East,,Middle East,Other Middle East
Acetic Acid,EMEA,Middle East,,Middle East,Qatar
Acetic Acid,EMEA,Middle East,,Middle East,Saudi Arabia
Acetic Acid,EMEA,Middle East,,Middle East,United Arab Emirates
Acetic Anhydride,AMER,Latin America and the Caribbean,Caribbean,Caribbean,Trinidad and Tobago
Acetic Anhydride,AMER,Latin America and the Caribbean,Central America,Central America,Mexico
Acetic Anhydride,AMER,Latin America and the Caribbean,Other Central and South America (Region),Other Central and South America (Region),Other Central and South America (Country)
Acetic Anhydride,AMER,Latin America and the Caribbean,South America,South America,Argentina
Acetic Anhydride,AMER,Latin America and the Caribbean,South America,South America,Bolivia
Acetic Anhydride,AMER,Latin America and the Caribbean,South America,South America,Brazil
Acetic Anhydride,AMER,Latin America and the Caribbean,South America,South America,Chile
Acetic Anhydride,AMER,Latin America and the Caribbean,South America,South America,Colombia
Acetic Anhydride,AMER,Latin America and the Caribbean,South America,South America,Ecuador
Acetic Anhydride,AMER,Latin America and the Caribbean,South America,South America,Paraguay
Acetic Anhydride,AMER,Latin America and the Caribbean,South America,South America,Peru
Acetic Anhydride,AMER,Latin America and the Caribbean,South America,South America,Uruguay
Acetic Anhydride,AMER,Latin America and the Caribbean,South America,South America,Venezuela
Acetic Anhydride,AMER,North America,,North America,Canada
Acetic Anhydride,AMER,North America,,North America,Other North America
Acetic Anhydride,AMER,North America,,North America,United States
Acetic Anhydride,APAC,Asia,Eastern Asia,Eastern Asia,China
Acetic Anhydride,APAC,Asia,Eastern Asia,Eastern Asia,Hong Kong
Acetic Anhydride,APAC,Asia,Eastern Asia,Eastern Asia,Japan
Acetic Anhydride,APAC,Asia,Eastern Asia,Eastern Asia,Macao
Acetic Anhydride,APAC,Asia,Eastern Asia,Eastern Asia,Other Northeast Asia ex China
Acetic Anhydride,APAC,Asia,Eastern Asia,Eastern Asia,South Korea
Acetic Anhydride,APAC,Asia,Eastern Asia,Eastern Asia,Taiwan
Acetic Anhydride,APAC,Asia,South-eastern Asia,South-eastern Asia,Brunei Darussalam
Acetic Anhydride,APAC,Asia,South-eastern Asia,South-eastern Asia,Indonesia
Acetic Anhydride,APAC,Asia,South-eastern Asia,South-eastern Asia,Malaysia
Acetic Anhydride,APAC,Asia,South-eastern Asia,South-eastern Asia,Myanmar
Acetic Anhydride,APAC,Asia,South-eastern Asia,South-eastern Asia,Other Southeast Asia
Acetic Anhydride,APAC,Asia,South-eastern Asia,South-eastern Asia,Philippines
Acetic Anhydride,APAC,Asia,South-eastern Asia,South-eastern Asia,Singapore
Acetic Anhydride,APAC,Asia,South-eastern Asia,South-eastern Asia,Thailand
Acetic Anhydride,APAC,Asia,South-eastern Asia,South-eastern Asia,Vietnam
Acetic Anhydride,APAC,Asia,Southern Asia,Southern Asia,Bangladesh
Acetic Anhydride,APAC,Asia,Southern Asia,Southern Asia,India
Acetic Anhydride,APAC,Asia,Southern Asia,Southern Asia,Other South Asia
Acetic Anhydride,APAC,Asia,Southern Asia,Southern Asia,Pakistan
Acetic Anhydride,APAC,Asia,Southern Asia,Southern Asia,Sri Lanka
Acetic Anhydride,APAC,Oceania,Australia and New Zealand,Australia and New Zealand,Australia
Acetic Anhydride,APAC,Oceania,Australia and New Zealand,Australia and New Zealand,New Zealand
Acetic Anhydride,EMEA,Africa,Central Africa,Central Africa,Angola
Acetic Anhydride,EMEA,Africa,Central Africa,Central Africa,Cameroon
Acetic Anhydride,EMEA,Africa,Central Africa,Central Africa,Equatorial Guinea
Acetic Anhydride,EMEA,Africa,Central Africa,Central Africa,Republic of the Congo
Acetic Anhydride,EMEA,Africa,Eastern Africa,Eastern Africa,Ethiopia
Acetic Anhydride,EMEA,Africa,Eastern Africa,Eastern Africa,Kenya
Acetic Anhydride,EMEA,Africa,Eastern Africa,Eastern Africa,Tanzania
Acetic Anhydride,EMEA,Africa,Eastern Africa,Eastern Africa,Uganda
Acetic Anhydride,EMEA,Africa,Northern Africa,Northern Africa,Algeria
Acetic Anhydride,EMEA,Africa,Northern Africa,Northern Africa,Egypt
Acetic Anhydride,EMEA,Africa,Northern Africa,Northern Africa,Libya
Acetic Anhydride,EMEA,Africa,Northern Africa,Northern Africa,Morocco
Acetic Anhydride,EMEA,Africa,Northern Africa,Northern Africa,Tunisia
Acetic Anhydride,EMEA,Africa,Other Africa (Region),Other Africa (Region),Other Africa (Country)
Acetic Anhydride,EMEA,Africa,Southern Africa,Southern Africa,Mozambique
Acetic Anhydride,EMEA,Africa,Southern Africa,Southern Africa,South Africa
Acetic Anhydride,EMEA,Africa,Western Africa,Western Africa,Ghana
Acetic Anhydride,EMEA,Africa,Western Africa,Western Africa,Nigeria
Acetic Anhydride,EMEA,Eurasia,,Eurasia,Azerbaijan
Acetic Anhydride,EMEA,Eurasia,,Eurasia,Belarus
Acetic Anhydride,EMEA,Eurasia,,Eurasia,Kazakhstan
Acetic Anhydride,EMEA,Eurasia,,Eurasia,Other Russia and CIS
Acetic Anhydride,EMEA,Eurasia,,Eurasia,Russia
Acetic Anhydride,EMEA,Eurasia,,Eurasia,Turkmenistan
Acetic Anhydride,EMEA,Eurasia,,Eurasia,Ukraine
Acetic Anhydride,EMEA,Eurasia,,Eurasia,Uzbekistan
Acetic Anhydride,EMEA,Europe,Eastern Europe,Eastern Europe,Bulgaria
Acetic Anhydride,EMEA,Europe,Eastern Europe,Eastern Europe,Czechia
Acetic Anhydride,EMEA,Europe,Eastern Europe,Eastern Europe,Hungary
Acetic Anhydride,EMEA,Europe,Eastern Europe,Eastern Europe,Poland
Acetic Anhydride,EMEA,Europe,Eastern Europe,Eastern Europe,Romania
Acetic Anhydride,EMEA,Europe,Eastern Europe,Eastern Europe,Slovakia
Acetic Anhydride,EMEA,Europe,Northern Europe,Northern Europe,Denmark
Acetic Anhydride,EMEA,Europe,Northern Europe,Northern Europe,Estonia
Acetic Anhydride,EMEA,Europe,Northern Europe,Northern Europe,Finland
Acetic Anhydride,EMEA,Europe,Northern Europe,Northern Europe,Latvia
Acetic Anhydride,EMEA,Europe,Northern Europe,Northern Europe,Lithuania
Acetic Anhydride,EMEA,Europe,Northern Europe,Northern Europe,Norway
Acetic Anhydride,EMEA,Europe,Northern Europe,Northern Europe,Sweden
Acetic Anhydride,EMEA,Europe,Northern Europe,Northern Europe,United Kingdom
Acetic Anhydride,EMEA,Europe,Other Central and Eastern Europe (Region),Other Central and Eastern Europe (Region),Other Central and Eastern Europe (Country)
Acetic Anhydride,EMEA,Europe,Southern Europe,Southern Europe,Croatia
Acetic Anhydride,EMEA,Europe,Southern Europe,Southern Europe,Greece
Acetic Anhydride,EMEA,Europe,Southern Europe,Southern Europe,Italy
Acetic Anhydride,EMEA,Europe,Southern Europe,Southern Europe,Portugal
Acetic Anhydride,EMEA,Europe,Southern Europe,Southern Europe,Serbia
Acetic Anhydride,EMEA,Europe,Southern Europe,Southern Europe,Slovenia
Acetic Anhydride,EMEA,Europe,Southern Europe,Southern Europe,Spain
Acetic Anhydride,EMEA,Europe,Southern Europe,Southern Europe,Turkey
Acetic Anhydride,EMEA,Europe,Western Europe,Western Europe,Austria
Acetic Anhydride,EMEA,Europe,Western Europe,Western Europe,Belgium
Acetic Anhydride,EMEA,Europe,Western Europe,Western Europe,France
Acetic Anhydride,EMEA,Europe,Western Europe,Western Europe,Germany
Acetic Anhydride,EMEA,Europe,Western Europe,Western Europe,Netherlands
Acetic Anhydride,EMEA,Europe,Western Europe,Western Europe,Other Western Europe
Acetic Anhydride,EMEA,Europe,Western Europe,Western Europe,Switzerland
Acetic Anhydride,EMEA,Middle East,,Middle East,Bahrain
Acetic Anhydride,EMEA,Middle East,,Middle East,Iran
Acetic Anhydride,EMEA,Middle East,,Middle East,Iraq
Acetic Anhydride,EMEA,Middle East,,Middle East,Israel
Acetic Anhydride,EMEA,Middle East,,Middle East,Kuwait
Acetic Anhydride,EMEA,Middle East,,Middle East,Oman
Acetic Anhydride,EMEA,Middle East,,Middle East,Other Middle East
Acetic Anhydride,EMEA,Middle East,,Middle East,Qatar
Acetic Anhydride,EMEA,Middle East,,Middle East,Saudi Arabia
Acetic Anhydride,EMEA,Middle East,,Middle East,United Arab Emirates
Acetone,AMER,Latin America and the Caribbean,Caribbean,Caribbean,Trinidad and Tobago
Acetone,AMER,Latin America and the Caribbean,Central America,Central America,Mexico
Acetone,AMER,Latin America and the Caribbean,Other Central and South America (Region),Other Central and South America (Region),Other Central and South America (Country)
Acetone,AMER,Latin America and the Caribbean,South America,South America,Argentina
Acetone,AMER,Latin America and the Caribbean,South America,South America,Bolivia
Acetone,AMER,Latin America and the Caribbean,South America,South America,Brazil
Acetone,AMER,Latin America and the Caribbean,South America,South America,Chile
Acetone,AMER,Latin America and the Caribbean,South America,South America,Colombia
Acetone,AMER,Latin America and the Caribbean,South America,South America,Ecuador
Acetone,AMER,Latin America and the Caribbean,South America,South America,Paraguay
Acetone,AMER,Latin America and the Caribbean,South America,South America,Peru
Acetone,AMER,Latin America and the Caribbean,South America,South America,Uruguay
Acetone,AMER,Latin America and the Caribbean,South America,South America,Venezuela
Acetone,AMER,North America,,North America,Canada
Acetone,AMER,North America,,North America,Other North America
Acetone,AMER,North America,,North America,United States
Acetone,APAC,Asia,Eastern Asia,Eastern Asia,China
Acetone,APAC,Asia,Eastern Asia,Eastern Asia,Hong Kong
Acetone,APAC,Asia,Eastern Asia,Eastern Asia,Japan
Acetone,APAC,Asia,Eastern Asia,Eastern Asia,Macao
Acetone,APAC,Asia,Eastern Asia,Eastern Asia,Other Northeast Asia ex China
Acetone,APAC,Asia,Eastern Asia,Eastern Asia,South Korea
Acetone,APAC,Asia,Eastern Asia,Eastern Asia,Taiwan
Acetone,APAC,Asia,South-eastern Asia,South-eastern Asia,Brunei Darussalam
Acetone,APAC,Asia,South-eastern Asia,South-eastern Asia,Indonesia
Acetone,APAC,Asia,South-eastern Asia,South-eastern Asia,Malaysia
Acetone,APAC,Asia,South-eastern Asia,South-eastern Asia,Myanmar
Acetone,APAC,Asia,South-eastern Asia,South-eastern Asia,Other Southeast Asia
Acetone,APAC,Asia,South-eastern Asia,South-eastern Asia,Philippines
Acetone,APAC,Asia,South-eastern Asia,South-eastern Asia,Singapore
Acetone,APAC,Asia,South-eastern Asia,South-eastern Asia,Thailand
Acetone,APAC,Asia,South-eastern Asia,South-eastern Asia,Vietnam
Acetone,APAC,Asia,Southern Asia,Southern Asia,Bangladesh
Acetone,APAC,Asia,Southern Asia,Southern Asia,India
Acetone,APAC,Asia,Southern Asia,Southern Asia,Other South Asia
Acetone,APAC,Asia,Southern Asia,Southern Asia,Pakistan
Acetone,APAC,Asia,Southern Asia,Southern Asia,Sri Lanka
Acetone,APAC,Oceania,Australia and New Zealand,Australia and New Zealand,Australia
Acetone,APAC,Oceania,Australia and New Zealand,Australia and New Zealand,New Zealand
Acetone,EMEA,Africa,Central Africa,Central Africa,Angola
Acetone,EMEA,Africa,Central Africa,Central Africa,Cameroon
Acetone,EMEA,Africa,Central Africa,Central Africa,Equatorial Guinea
Acetone,EMEA,Africa,Central Africa,Central Africa,Republic of the Congo
Acetone,EMEA,Africa,Eastern Africa,Eastern Africa,Ethiopia
Acetone,EMEA,Africa,Eastern Africa,Eastern Africa,Kenya
Acetone,EMEA,Africa,Eastern Africa,Eastern Africa,Tanzania
Acetone,EMEA,Africa,Eastern Africa,Eastern Africa,Uganda
Acetone,EMEA,Africa,Northern Africa,Northern Africa,Algeria
Acetone,EMEA,Africa,Northern Africa,Northern Africa,Egypt
Acetone,EMEA,Africa,Northern Africa,Northern Africa,Libya
Acetone,EMEA,Africa,Northern Africa,Northern Africa,Morocco
Acetone,EMEA,Africa,Northern Africa,Northern Africa,Tunisia
Acetone,EMEA,Africa,Other Africa (Region),Other Africa (Region),Other Africa (Country)
Acetone,EMEA,Africa,Southern Africa,Southern Africa,Mozambique
Acetone,EMEA,Africa,Southern Africa,Southern Africa,South Africa
Acetone,EMEA,Africa,Western Africa,Western Africa,Ghana
Acetone,EMEA,Africa,Western Africa,Western Africa,Nigeria
Acetone,EMEA,Eurasia,,Eurasia,Azerbaijan
Acetone,EMEA,Eurasia,,Eurasia,Belarus
Acetone,EMEA,Eurasia,,Eurasia,Kazakhstan
Acetone,EMEA,Eurasia,,Eurasia,Other Russia and CIS
Acetone,EMEA,Eurasia,,Eurasia,Russia
Acetone,EMEA,Eurasia,,Eurasia,Turkmenistan
Acetone,EMEA,Eurasia,,Eurasia,Ukraine
Acetone,EMEA,Eurasia,,Eurasia,Uzbekistan
Acetone,EMEA,Europe,Eastern Europe,Eastern Europe,Bulgaria
Acetone,EMEA,Europe,Eastern Europe,Eastern Europe,Czechia
Acetone,EMEA,Europe,Eastern Europe,Eastern Europe,Hungary
Acetone,EMEA,Europe,Eastern Europe,Eastern Europe,Poland
Acetone,EMEA,Europe,Eastern Europe,Eastern Europe,Romania
Acetone,EMEA,Europe,Eastern Europe,Eastern Europe,Slovakia
Acetone,EMEA,Europe,Northern Europe,Northern Europe,Denmark
Acetone,EMEA,Europe,Northern Europe,Northern Europe,Estonia
Acetone,EMEA,Europe,Northern Europe,Northern Europe,Finland
Acetone,EMEA,Europe,Northern Europe,Northern Europe,Latvia
Acetone,EMEA,Europe,Northern Europe,Northern Europe,Lithuania
Acetone,EMEA,Europe,Northern Europe,Northern Europe,Norway
Acetone,EMEA,Europe,Northern Europe,Northern Europe,Sweden
Acetone,EMEA,Europe,Northern Europe,Northern Europe,United Kingdom
Acetone,EMEA,Europe,Other Central and Eastern Europe (Region),Other Central and Eastern Europe (Region),Other Central and Eastern Europe (Country)
Acetone,EMEA,Europe,Southern Europe,Southern Europe,Croatia
Acetone,EMEA,Europe,Southern Europe,Southern Europe,Greece
Acetone,EMEA,Europe,Southern Europe,Southern Europe,Italy
Acetone,EMEA,Europe,Southern Europe,Southern Europe,Portugal
Acetone,EMEA,Europe,Southern Europe,Southern Europe,Serbia
Acetone,EMEA,Europe,Southern Europe,Southern Europe,Slovenia
Acetone,EMEA,Europe,Southern Europe,Southern Europe,Spain
Acetone,EMEA,Europe,Southern Europe,Southern Europe,Turkey
Acetone,EMEA,Europe,Western Europe,Western Europe,Austria
Acetone,EMEA,Europe,Western Europe,Western Europe,Belgium
Acetone,EMEA,Europe,Western Europe,Western Europe,France
Acetone,EMEA,Europe,Western Europe,Western Europe,Germany
Acetone,EMEA,Europe,Western Europe,Western Europe,Netherlands
Acetone,EMEA,Europe,Western Europe,Western Europe,Other Western Europe
Acetone,EMEA,Europe,Western Europe,Western Europe,Switzerland
Acetone,EMEA,Middle East,,Middle East,Bahrain
Acetone,EMEA,Middle East,,Middle East,Iran
Acetone,EMEA,Middle East,,Middle East,Iraq
Acetone,EMEA,Middle East,,Middle East,Israel
Acetone,EMEA,Middle East,,Middle East,Kuwait
Acetone,EMEA,Middle East,,Middle East,Oman
Acetone,EMEA,Middle East,,Middle East,Other Middle East
Acetone,EMEA,Middle East,,Middle East,Qatar
Acetone,EMEA,Middle East,,Middle East,Saudi Arabia
Acetone,EMEA,Middle East,,Middle East,United Arab Emirates
Acrylic Acid,AMER,Latin America and the Caribbean,Caribbean,Caribbean,Trinidad and Tobago
Acrylic Acid,AMER,Latin America and the Caribbean,Central America,Central America,Mexico
Acrylic Acid,AMER,Latin America and the Caribbean,Other Central and South America (Region),Other Central and South America (Region),Other Central and South America (Country)
Acrylic Acid,AMER,Latin America and the Caribbean,South America,South America,Argentina
Acrylic Acid,AMER,Latin America and the Caribbean,South America,South America,Bolivia
Acrylic Acid,AMER,Latin America and the Caribbean,South America,South America,Brazil
Acrylic Acid,AMER,Latin America and the Caribbean,South America,South America,Chile
Acrylic Acid,AMER,Latin America and the Caribbean,South America,South America,Colombia
Acrylic Acid,AMER,Latin America and the Caribbean,South America,South America,Ecuador
Acrylic Acid,AMER,Latin America and the Caribbean,South America,South America,Paraguay
Acrylic Acid,AMER,Latin America and the Caribbean,South America,South America,Peru
Acrylic Acid,AMER,Latin America and the Caribbean,South America,South America,Uruguay
Acrylic Acid,AMER,Latin America and the Caribbean,South America,South America,Venezuela
Acrylic Acid,AMER,North America,,North America,Canada
Acrylic Acid,AMER,North America,,North America,Other North America
Acrylic Acid,AMER,North America,,North America,United States
Acrylic Acid,APAC,Asia,Eastern Asia,Eastern Asia,China
Acrylic Acid,APAC,Asia,Eastern Asia,Eastern Asia,Hong Kong
Acrylic Acid,APAC,Asia,Eastern Asia,Eastern Asia,Japan
Acrylic Acid,APAC,Asia,Eastern Asia,Eastern Asia,Macao
Acrylic Acid,APAC,Asia,Eastern Asia,Eastern Asia,Other Northeast Asia ex China
Acrylic Acid,APAC,Asia,Eastern Asia,Eastern Asia,South Korea
Acrylic Acid,APAC,Asia,Eastern Asia,Eastern Asia,Taiwan
Acrylic Acid,APAC,Asia,South-eastern Asia,South-eastern Asia,Brunei Darussalam
Acrylic Acid,APAC,Asia,South-eastern Asia,South-eastern Asia,Indonesia
Acrylic Acid,APAC,Asia,South-eastern Asia,South-eastern Asia,Malaysia
Acrylic Acid,APAC,Asia,South-eastern Asia,South-eastern Asia,Myanmar
Acrylic Acid,APAC,Asia,South-eastern Asia,South-eastern Asia,Other Southeast Asia
Acrylic Acid,APAC,Asia,South-eastern Asia,South-eastern Asia,Philippines
Acrylic Acid,APAC,Asia,South-eastern Asia,South-eastern Asia,Singapore
Acrylic Acid,APAC,Asia,South-eastern Asia,South-eastern Asia,Thailand
Acrylic Acid,APAC,Asia,South-eastern Asia,South-eastern Asia,Vietnam
Acrylic Acid,APAC,Asia,Southern Asia,Southern Asia,Bangladesh
Acrylic Acid,APAC,Asia,Southern Asia,Southern Asia,India
Acrylic Acid,APAC,Asia,Southern Asia,Southern Asia,Other South Asia
Acrylic Acid,APAC,Asia,Southern Asia,Southern Asia,Pakistan
Acrylic Acid,APAC,Asia,Southern Asia,Southern Asia,Sri Lanka
Acrylic Acid,APAC,Oceania,Australia and New Zealand,Australia and New Zealand,Australia
Acrylic Acid,APAC,Oceania,Australia and New Zealand,Australia and New Zealand,New Zealand
Acrylic Acid,EMEA,Africa,Central Africa,Central Africa,Angola
Acrylic Acid,EMEA,Africa,Central Africa,Central Africa,Cameroon
Acrylic Acid,EMEA,Africa,Central Africa,Central Africa,Equatorial Guinea
Acrylic Acid,EMEA,Africa,Central Africa,Central Africa,Republic of the Congo
Acrylic Acid,EMEA,Africa,Eastern Africa,Eastern Africa,Ethiopia
Acrylic Acid,EMEA,Africa,Eastern Africa,Eastern Africa,Kenya
Acrylic Acid,EMEA,Africa,Eastern Africa,Eastern Africa,Tanzania
Acrylic Acid,EMEA,Africa,Eastern Africa,Eastern Africa,Uganda
Acrylic Acid,EMEA,Africa,Northern Africa,Northern Africa,Algeria
Acrylic Acid,EMEA,Africa,Northern Africa,Northern Africa,Egypt
Acrylic Acid,EMEA,Africa,Northern Africa,Northern Africa,Libya
Acrylic Acid,EMEA,Africa,Northern Africa,Northern Africa,Morocco
Acrylic Acid,EMEA,Africa,Northern Africa,Northern Africa,Tunisia
Acrylic Acid,EMEA,Africa,Other Africa (Region),Other Africa (Region),Other Africa (Country)
Acrylic Acid,EMEA,Africa,Southern Africa,Southern Africa,Mozambique
Acrylic Acid,EMEA,Africa,Southern Africa,Southern Africa,South Africa
Acrylic Acid,EMEA,Africa,Western Africa,Western Africa,Ghana
Acrylic Acid,EMEA,Africa,Western Africa,Western Africa,Nigeria
Acrylic Acid,EMEA,Eurasia,,Eurasia,Azerbaijan
Acrylic Acid,EMEA,Eurasia,,Eurasia,Belarus
Acrylic Acid,EMEA,Eurasia,,Eurasia,Kazakhstan
Acrylic Acid,EMEA,Eurasia,,Eurasia,Other Russia and CIS
Acrylic Acid,EMEA,Eurasia,,Eurasia,Russia
Acrylic Acid,EMEA,Eurasia,,Eurasia,Turkmenistan
Acrylic Acid,EMEA,Eurasia,,Eurasia,Ukraine
Acrylic Acid,EMEA,Eurasia,,Eurasia,Uzbekistan
Acrylic Acid,EMEA,Europe,Eastern Europe,Eastern Europe,Bulgaria
Acrylic Acid,EMEA,Europe,Eastern Europe,Eastern Europe,Czechia
Acrylic Acid,EMEA,Europe,Eastern Europe,Eastern Europe,Hungary
Acrylic Acid,EMEA,Europe,Eastern Europe,Eastern Europe,Poland
Acrylic Acid,EMEA,Europe,Eastern Europe,Eastern Europe,Romania
Acrylic Acid,EMEA,Europe,Eastern Europe,Eastern Europe,Slovakia
Acrylic Acid,EMEA,Europe,Northern Europe,Northern Europe,Denmark
Acrylic Acid,EMEA,Europe,Northern Europe,Northern Europe,Estonia
Acrylic Acid,EMEA,Europe,Northern Europe,Northern Europe,Finland
Acrylic Acid,EMEA,Europe,Northern Europe,Northern Europe,Latvia
Acrylic Acid,EMEA,Europe,Northern Europe,Northern Europe,Lithuania
Acrylic Acid,EMEA,Europe,Northern Europe,Northern Europe,Norway
Acrylic Acid,EMEA,Europe,Northern Europe,Northern Europe,Sweden
Acrylic Acid,EMEA,Europe,Northern Europe,Northern Europe,United Kingdom
Acrylic Acid,EMEA,Europe,Other Central and Eastern Europe (Region),Other Central and Eastern Europe (Region),Other Central and Eastern Europe (Country)
Acrylic Acid,EMEA,Europe,Southern Europe,Southern Europe,Croatia
Acrylic Acid,EMEA,Europe,Southern Europe,Southern Europe,Greece
Acrylic Acid,EMEA,Europe,Southern Europe,Southern Europe,Italy
Acrylic Acid,EMEA,Europe,Southern Europe,Southern Europe,Portugal
Acrylic Acid,EMEA,Europe,Southern Europe,Southern Europe,Serbia
Acrylic Acid,EMEA,Europe,Southern Europe,Southern Europe,Slovenia
Acrylic Acid,EMEA,Europe,Southern Europe,Southern Europe,Spain
Acrylic Acid,EMEA,Europe,Southern Europe,Southern Europe,Turkey
Acrylic Acid,EMEA,Europe,Western Europe,Western Europe,Austria
Acrylic Acid,EMEA,Europe,Western Europe,Western Europe,Belgium
Acrylic Acid,EMEA,Europe,Western Europe,Western Europe,France
Acrylic Acid,EMEA,Europe,Western Europe,Western Europe,Germany
Acrylic Acid,EMEA,Europe,Western Europe,Western Europe,Netherlands
Acrylic Acid,EMEA,Europe,Western Europe,Western Europe,Other Western Europe
Acrylic Acid,EMEA,Europe,Western Europe,Western Europe,Switzerland
Acrylic Acid,EMEA,Middle East,,Middle East,Bahrain
Acrylic Acid,EMEA,Middle East,,Middle East,Iran
Acrylic Acid,EMEA,Middle East,,Middle East,Iraq
Acrylic Acid,EMEA,Middle East,,Middle East,Israel
Acrylic Acid,EMEA,Middle East,,Middle East,Kuwait
Acrylic Acid,EMEA,Middle East,,Middle East,Oman
Acrylic Acid,EMEA,Middle East,,Middle East,Other Middle East
Acrylic Acid,EMEA,Middle East,,Middle East,Qatar
Acrylic Acid,EMEA,Middle East,,Middle East,Saudi Arabia
Acrylic Acid,EMEA,Middle East,,Middle East,United Arab Emirates
Acrylonitrile,AMER,Latin America and the Caribbean,Caribbean,Caribbean,Trinidad and Tobago
Acrylonitrile,AMER,Latin America and the Caribbean,Central America,Central America,Mexico
Acrylonitrile,AMER,Latin America and the Caribbean,Other Central and South America (Region),Other Central and South America (Region),Other Central and South America (Country)
Acrylonitrile,AMER,Latin America and the Caribbean,South America,South America,Argentina
Acrylonitrile,AMER,Latin America and the Caribbean,South America,South America,Bolivia
Acrylonitrile,AMER,Latin America and the Caribbean,South America,South America,Brazil
Acrylonitrile,AMER,Latin America and the Caribbean,South America,South America,Chile
Acrylonitrile,AMER,Latin America and the Caribbean,South America,South America,Colombia
Acrylonitrile,AMER,Latin America and the Caribbean,South America,South America,Ecuador
Acrylonitrile,AMER,Latin America and the Caribbean,South America,South America,Paraguay
Acrylonitrile,AMER,Latin America and the Caribbean,South America,South America,Peru
Acrylonitrile,AMER,Latin America and the Caribbean,South America,South America,Uruguay
Acrylonitrile,AMER,Latin America and the Caribbean,South America,South America,Venezuela
Acrylonitrile,AMER,North America,,North America,Canada
Acrylonitrile,AMER,North America,,North America,Other North America
Acrylonitrile,AMER,North America,,North America,United States
Acrylonitrile,APAC,Asia,Eastern Asia,Eastern Asia,China
Acrylonitrile,APAC,Asia,Eastern Asia,Eastern Asia,Hong Kong
Acrylonitrile,APAC,Asia,Eastern Asia,Eastern Asia,Japan
Acrylonitrile,APAC,Asia,Eastern Asia,Eastern Asia,Macao
Acrylonitrile,APAC,Asia,Eastern Asia,Eastern Asia,Other Northeast Asia ex China
Acrylonitrile,APAC,Asia,Eastern Asia,Eastern Asia,South Korea
Acrylonitrile,APAC,Asia,Eastern Asia,Eastern Asia,Taiwan
Acrylonitrile,APAC,Asia,South-eastern Asia,South-eastern Asia,Brunei Darussalam
Acrylonitrile,APAC,Asia,South-eastern Asia,South-eastern Asia,Indonesia
Acrylonitrile,APAC,Asia,South-eastern Asia,South-eastern Asia,Malaysia
Acrylonitrile,APAC,Asia,South-eastern Asia,South-eastern Asia,Myanmar
Acrylonitrile,APAC,Asia,South-eastern Asia,South-eastern Asia,Other Southeast Asia
Acrylonitrile,APAC,Asia,South-eastern Asia,South-eastern Asia,Philippines
Acrylonitrile,APAC,Asia,South-eastern Asia,South-eastern Asia,Singapore
Acrylonitrile,APAC,Asia,South-eastern Asia,South-eastern Asia,Thailand
Acrylonitrile,APAC,Asia,South-eastern Asia,South-eastern Asia,Vietnam
Acrylonitrile,APAC,Asia,Southern Asia,Southern Asia,Bangladesh
Acrylonitrile,APAC,Asia,Southern Asia,Southern Asia,India
Acrylonitrile,APAC,Asia,Southern Asia,Southern Asia,Other South Asia
Acrylonitrile,APAC,Asia,Southern Asia,Southern Asia,Pakistan
Acrylonitrile,APAC,Asia,Southern Asia,Southern Asia,Sri Lanka
Acrylonitrile,APAC,Oceania,Australia and New Zealand,Australia and New Zealand,Australia
Acrylonitrile,APAC,Oceania,Australia and New Zealand,Australia and New Zealand,New Zealand
Acrylonitrile,EMEA,Africa,Central Africa,Central Africa,Angola
Acrylonitrile,EMEA,Africa,Central Africa,Central Africa,Cameroon
Acrylonitrile,EMEA,Africa,Central Africa,Central Africa,Equatorial Guinea
Acrylonitrile,EMEA,Africa,Central Africa,Central Africa,Republic of the Congo
Acrylonitrile,EMEA,Africa,Eastern Africa,Eastern Africa,Ethiopia
Acrylonitrile,EMEA,Africa,Eastern Africa,Eastern Africa,Kenya
Acrylonitrile,EMEA,Africa,Eastern Africa,Eastern Africa,Tanzania
Acrylonitrile,EMEA,Africa,Eastern Africa,Eastern Africa,Uganda
Acrylonitrile,EMEA,Africa,Northern Africa,Northern Africa,Algeria
Acrylonitrile,EMEA,Africa,Northern Africa,Northern Africa,Egypt
Acrylonitrile,EMEA,Africa,Northern Africa,Northern Africa,Libya
Acrylonitrile,EMEA,Africa,Northern Africa,Northern Africa,Morocco
Acrylonitrile,EMEA,Africa,Northern Africa,Northern Africa,Tunisia
Acrylonitrile,EMEA,Africa,Other Africa (Region),Other Africa (Region),Other Africa (Country)
Acrylonitrile,EMEA,Africa,Southern Africa,Southern Africa,Mozambique
Acrylonitrile,EMEA,Africa,Southern Africa,Southern Africa,South Africa
Acrylonitrile,EMEA,Africa,Western Africa,Western Africa,Ghana
Acrylonitrile,EMEA,Africa,Western Africa,Western Africa,Nigeria
Acrylonitrile,EMEA,Eurasia,,Eurasia,Azerbaijan
Acrylonitrile,EMEA,Eurasia,,Eurasia,Belarus
Acrylonitrile,EMEA,Eurasia,,Eurasia,Kazakhstan
Acrylonitrile,EMEA,Eurasia,,Eurasia,Other Russia and CIS
Acrylonitrile,EMEA,Eurasia,,Eurasia,Russia
Acrylonitrile,EMEA,Eurasia,,Eurasia,Turkmenistan
Acrylonitrile,EMEA,Eurasia,,Eurasia,Ukraine
Acrylonitrile,EMEA,Eurasia,,Eurasia,Uzbekistan
Acrylonitrile,EMEA,Europe,Eastern Europe,Eastern Europe,Bulgaria
Acrylonitrile,EMEA,Europe,Eastern Europe,Eastern Europe,Czechia
Acrylonitrile,EMEA,Europe,Eastern Europe,Eastern Europe,Hungary
Acrylonitrile,EMEA,Europe,Eastern Europe,Eastern Europe,Poland
Acrylonitrile,EMEA,Europe,Eastern Europe,Eastern Europe,Romania
Acrylonitrile,EMEA,Europe,Eastern Europe,Eastern Europe,Slovakia
Acrylonitrile,EMEA,Europe,Northern Europe,Northern Europe,Denmark
Acrylonitrile,EMEA,Europe,Northern Europe,Northern Europe,Estonia
Acrylonitrile,EMEA,Europe,Northern Europe,Northern Europe,Finland
Acrylonitrile,EMEA,Europe,Northern Europe,Northern Europe,Latvia
Acrylonitrile,EMEA,Europe,Northern Europe,Northern Europe,Lithuania
Acrylonitrile,EMEA,Europe,Northern Europe,Northern Europe,Norway
Acrylonitrile,EMEA,Europe,Northern Europe,Northern Europe,Sweden
Acrylonitrile,EMEA,Europe,Northern Europe,Northern Europe,United Kingdom
Acrylonitrile,EMEA,Europe,Other Central and Eastern Europe (Region),Other Central and Eastern Europe (Region),Other Central and Eastern Europe (Country)
Acrylonitrile,EMEA,Europe,Southern Europe,Southern Europe,Croatia
Acrylonitrile,EMEA,Europe,Southern Europe,Southern Europe,Greece
Acrylonitrile,EMEA,Europe,Southern Europe,Southern Europe,Italy
Acrylonitrile,EMEA,Europe,Southern Europe,Southern Europe,Portugal
Acrylonitrile,EMEA,Europe,Southern Europe,Southern Europe,Serbia
Acrylonitrile,EMEA,Europe,Southern Europe,Southern Europe,Slovenia
Acrylonitrile,EMEA,Europe,Southern Europe,Southern Europe,Spain
Acrylonitrile,EMEA,Europe,Southern Europe,Southern Europe,Turkey
Acrylonitrile,EMEA,Europe,Western Europe,Western Europe,Austria
Acrylonitrile,EMEA,Europe,Western Europe,Western Europe,Belgium
Acrylonitrile,EMEA,Europe,Western Europe,Western Europe,France
Acrylonitrile,EMEA,Europe,Western Europe,Western Europe,Germany
Acrylonitrile,EMEA,Europe,Western Europe,Western Europe,Netherlands
Acrylonitrile,EMEA,Europe,Western Europe,Western Europe,Other Western Europe
Acrylonitrile,EMEA,Europe,Western Europe,Western Europe,Switzerland
Acrylonitrile,EMEA,Middle East,,Middle East,Bahrain
Acrylonitrile,EMEA,Middle East,,Middle East,Iran
Acrylonitrile,EMEA,Middle East,,Middle East,Iraq
Acrylonitrile,EMEA,Middle East,,Middle East,Israel
Acrylonitrile,EMEA,Middle East,,Middle East,Kuwait
Acrylonitrile,EMEA,Middle East,,Middle East,Oman
Acrylonitrile,EMEA,Middle East,,Middle East,Other Middle East
Acrylonitrile,EMEA,Middle East,,Middle East,Qatar
Acrylonitrile,EMEA,Middle East,,Middle East,Saudi Arabia
Acrylonitrile,EMEA,Middle East,,Middle East,United Arab Emirates
Adipic Acid,AMER,Latin America and the Caribbean,Caribbean,Caribbean,Trinidad and Tobago
Adipic Acid,AMER,Latin America and the Caribbean,Central America,Central America,Mexico
Adipic Acid,AMER,Latin America and the Caribbean,Other Central and South America (Region),Other Central and South America (Region),Other Central and South America (Country)
Adipic Acid,AMER,Latin America and the Caribbean,South America,South America,Argentina
Adipic Acid,AMER,Latin America and the Caribbean,South America,South America,Bolivia
Adipic Acid,AMER,Latin America and the Caribbean,South America,South America,Brazil
Adipic Acid,AMER,Latin America and the Caribbean,South America,South America,Chile
Adipic Acid,AMER,Latin America and the Caribbean,South America,South America,Colombia
Adipic Acid,AMER,Latin America and the Caribbean,South America,South America,Ecuador
Adipic Acid,AMER,Latin America and the Caribbean,South America,South America,Paraguay
Adipic Acid,AMER,Latin America and the Caribbean,South America,South America,Peru
Adipic Acid,AMER,Latin America and the Caribbean,South America,South America,Uruguay
Adipic Acid,AMER,Latin America and the Caribbean,South America,South America,Venezuela
Adipic Acid,AMER,North America,,North America,Canada
Adipic Acid,AMER,North America,,North America,Other North America
Adipic Acid,AMER,North America,,North America,United States
Adipic Acid,APAC,Asia,Eastern Asia,Eastern Asia,China
Adipic Acid,APAC,Asia,Eastern Asia,Eastern Asia,Hong Kong
Adipic Acid,APAC,Asia,Eastern Asia,Eastern Asia,Japan
Adipic Acid,APAC,Asia,Eastern Asia,Eastern Asia,Macao
Adipic Acid,APAC,Asia,Eastern Asia,Eastern Asia,Other Northeast Asia ex China
Adipic Acid,APAC,Asia,Eastern Asia,Eastern Asia,South Korea
Adipic Acid,APAC,Asia,Eastern Asia,Eastern Asia,Taiwan
Adipic Acid,APAC,Asia,South-eastern Asia,South-eastern Asia,Brunei Darussalam
Adipic Acid,APAC,Asia,South-eastern Asia,South-eastern Asia,Indonesia
Adipic Acid,APAC,Asia,South-eastern Asia,South-eastern Asia,Malaysia
Adipic Acid,APAC,Asia,South-eastern Asia,South-eastern Asia,Myanmar
Adipic Acid,APAC,Asia,South-eastern Asia,South-eastern Asia,Other Southeast Asia
Adipic Acid,APAC,Asia,South-eastern Asia,South-eastern Asia,Philippines
Adipic Acid,APAC,Asia,South-eastern Asia,South-eastern Asia,Singapore
Adipic Acid,APAC,Asia,South-eastern Asia,South-eastern Asia,Thailand
Adipic Acid,APAC,Asia,South-eastern Asia,South-eastern Asia,Vietnam
Adipic Acid,APAC,Asia,Southern Asia,Southern Asia,Bangladesh
Adipic Acid,APAC,Asia,Southern Asia,Southern Asia,India
Adipic Acid,APAC,Asia,Southern Asia,Southern Asia,Other South Asia
Adipic Acid,APAC,Asia,Southern Asia,Southern Asia,Pakistan
Adipic Acid,APAC,Asia,Southern Asia,Southern Asia,Sri Lanka
Adipic Acid,APAC,Oceania,Australia and New Zealand,Australia and New Zealand,Australia
Adipic Acid,APAC,Oceania,Australia and New Zealand,Australia and New Zealand,New Zealand
Adipic Acid,EMEA,Africa,Central Africa,Central Africa,Angola
Adipic Acid,EMEA,Africa,Central Africa,Central Africa,Cameroon
Adipic Acid,EMEA,Africa,Central Africa,Central Africa,Equatorial Guinea
Adipic Acid,EMEA,Africa,Central Africa,Central Africa,Republic of the Congo
Adipic Acid,EMEA,Africa,Eastern Africa,Eastern Africa,Ethiopia
Adipic Acid,EMEA,Africa,Eastern Africa,Eastern Africa,Kenya
Adipic Acid,EMEA,Africa,Eastern Africa,Eastern Africa,Tanzania
Adipic Acid,EMEA,Africa,Eastern Africa,Eastern Africa,Uganda
Adipic Acid,EMEA,Africa,Northern Africa,Northern Africa,Algeria
Adipic Acid,EMEA,Africa,Northern Africa,Northern Africa,Egypt
Adipic Acid,EMEA,Africa,Northern Africa,Northern Africa,Libya
Adipic Acid,EMEA,Africa,Northern Africa,Northern Africa,Morocco
Adipic Acid,EMEA,Africa,Northern Africa,Northern Africa,Tunisia
Adipic Acid,EMEA,Africa,Other Africa (Region),Other Africa (Region),Other Africa (Country)
Adipic Acid,EMEA,Africa,Southern Africa,Southern Africa,Mozambique
Adipic Acid,EMEA,Africa,Southern Africa,Southern Africa,South Africa
Adipic Acid,EMEA,Africa,Western Africa,Western Africa,Ghana
Adipic Acid,EMEA,Africa,Western Africa,Western Africa,Nigeria
Adipic Acid,EMEA,Eurasia,,Eurasia,Azerbaijan
Adipic Acid,EMEA,Eurasia,,Eurasia,Belarus
Adipic Acid,EMEA,Eurasia,,Eurasia,Kazakhstan
Adipic Acid,EMEA,Eurasia,,Eurasia,Other Russia and CIS
Adipic Acid,EMEA,Eurasia,,Eurasia,Russia
Adipic Acid,EMEA,Eurasia,,Eurasia,Turkmenistan
Adipic Acid,EMEA,Eurasia,,Eurasia,Ukraine
Adipic Acid,EMEA,Eurasia,,Eurasia,Uzbekistan
Adipic Acid,EMEA,Europe,Eastern Europe,Eastern Europe,Bulgaria
Adipic Acid,EMEA,Europe,Eastern Europe,Eastern Europe,Czechia
Adipic Acid,EMEA,Europe,Eastern Europe,Eastern Europe,Hungary
Adipic Acid,EMEA,Europe,Eastern Europe,Eastern Europe,Poland
Adipic Acid,EMEA,Europe,Eastern Europe,Eastern Europe,Romania
Adipic Acid,EMEA,Europe,Eastern Europe,Eastern Europe,Slovakia
Adipic Acid,EMEA,Europe,Northern Europe,Northern Europe,Denmark
Adipic Acid,EMEA,Europe,Northern Europe,Northern Europe,Estonia
Adipic Acid,EMEA,Europe,Northern Europe,Northern Europe,Finland
Adipic Acid,EMEA,Europe,Northern Europe,Northern Europe,Latvia
Adipic Acid,EMEA,Europe,Northern Europe,Northern Europe,Lithuania
Adipic Acid,EMEA,Europe,Northern Europe,Northern Europe,Norway
Adipic Acid,EMEA,Europe,Northern Europe,Northern Europe,Sweden
Adipic Acid,EMEA,Europe,Northern Europe,Northern Europe,United Kingdom
Adipic Acid,EMEA,Europe,Other Central and Eastern Europe (Region),Other Central and Eastern Europe (Region),Other Central and Eastern Europe (Country)
Adipic Acid,EMEA,Europe,Southern Europe,Southern Europe,Croatia
Adipic Acid,EMEA,Europe,Southern Europe,Southern Europe,Greece
Adipic Acid,EMEA,Europe,Southern Europe,Southern Europe,Italy
Adipic Acid,EMEA,Europe,Southern Europe,Southern Europe,Portugal
Adipic Acid,EMEA,Europe,Southern Europe,Southern Europe,Serbia
Adipic Acid,EMEA,Europe,Southern Europe,Southern Europe,Slovenia
Adipic Acid,EMEA,Europe,Southern Europe,Southern Europe,Spain
Adipic Acid,EMEA,Europe,Southern Europe,Southern Europe,Turkey
Adipic Acid,EMEA,Europe,Western Europe,Western Europe,Austria
Adipic Acid,EMEA,Europe,Western Europe,Western Europe,Belgium
Adipic Acid,EMEA,Europe,Western Europe,Western Europe,France
Adipic Acid,EMEA,Europe,Western Europe,Western Europe,Germany
Adipic Acid,EMEA,Europe,Western Europe,Western Europe,Netherlands
Adipic Acid,EMEA,Europe,Western Europe,Western Europe,Other Western Europe
Adipic Acid,EMEA,Europe,Western Europe,Western Europe,Switzerland
Adipic Acid,EMEA,Middle East,,Middle East,Bahrain
Adipic Acid,EMEA,Middle East,,Middle East,Iran
Adipic Acid,EMEA,Middle East,,Middle East,Iraq
Adipic Acid,EMEA,Middle East,,Middle East,Israel
Adipic Acid,EMEA,Middle East,,Middle East,Kuwait
Adipic Acid,EMEA,Middle East,,Middle East,Oman
Adipic Acid,EMEA,Middle East,,Middle East,Other Middle East
Adipic Acid,EMEA,Middle East,,Middle East,Qatar
Adipic Acid,EMEA,Middle East,,Middle East,Saudi Arabia
Adipic Acid,EMEA,Middle East,,Middle East,United Arab Emirates
Adiponitrile,AMER,Latin America and the Caribbean,Caribbean,Caribbean,Trinidad and Tobago
Adiponitrile,AMER,Latin America and the Caribbean,Central America,Central America,Mexico
Adiponitrile,AMER,Latin America and the Caribbean,Other Central and South America (Region),Other Central and South America (Region),Other Central and South America (Country)
Adiponitrile,AMER,Latin America and the Caribbean,South America,South America,Argentina
Adiponitrile,AMER,Latin America and the Caribbean,South America,South America,Bolivia
Adiponitrile,AMER,Latin America and the Caribbean,South America,South America,Brazil
Adiponitrile,AMER,Latin America and the Caribbean,South America,South America,Chile
Adiponitrile,AMER,Latin America and the Caribbean,South America,South America,Colombia
Adiponitrile,AMER,Latin America and the Caribbean,South America,South America,Ecuador
Adiponitrile,AMER,Latin America and the Caribbean,South America,South America,Paraguay
Adiponitrile,AMER,Latin America and the Caribbean,South America,South America,Peru
Adiponitrile,AMER,Latin America and the Caribbean,South America,South America,Uruguay
Adiponitrile,AMER,Latin America and the Caribbean,South America,South America,Venezuela
Adiponitrile,AMER,North America,,North America,Canada
Adiponitrile,AMER,North America,,North America,Other North America
Adiponitrile,AMER,North America,,North America,United States
Adiponitrile,APAC,Asia,Eastern Asia,Eastern Asia,China
Adiponitrile,APAC,Asia,Eastern Asia,Eastern Asia,Hong Kong
Adiponitrile,APAC,Asia,Eastern Asia,Eastern Asia,Japan
Adiponitrile,APAC,Asia,Eastern Asia,Eastern Asia,Macao
Adiponitrile,APAC,Asia,Eastern Asia,Eastern Asia,Other Northeast Asia ex China
Adiponitrile,APAC,Asia,Eastern Asia,Eastern Asia,South Korea
Adiponitrile,APAC,Asia,Eastern Asia,Eastern Asia,Taiwan
Adiponitrile,APAC,Asia,South-eastern Asia,South-eastern Asia,Brunei Darussalam
Adiponitrile,APAC,Asia,South-eastern Asia,South-eastern Asia,Indonesia
Adiponitrile,APAC,Asia,South-eastern Asia,South-eastern Asia,Malaysia
Adiponitrile,APAC,Asia,South-eastern Asia,South-eastern Asia,Myanmar
Adiponitrile,APAC,Asia,South-eastern Asia,South-eastern Asia,Other Southeast Asia
Adiponitrile,APAC,Asia,South-eastern Asia,South-eastern Asia,Philippines
Adiponitrile,APAC,Asia,South-eastern Asia,South-eastern Asia,Singapore
Adiponitrile,APAC,Asia,South-eastern Asia,South-eastern Asia,Thailand
Adiponitrile,APAC,Asia,South-eastern Asia,South-eastern Asia,Vietnam
Adiponitrile,APAC,Asia,Southern Asia,Southern Asia,Bangladesh
Adiponitrile,APAC,Asia,Southern Asia,Southern Asia,India
Adiponitrile,APAC,Asia,Southern Asia,Southern Asia,Other South Asia
Adiponitrile,APAC,Asia,Southern Asia,Southern Asia,Pakistan
Adiponitrile,APAC,Asia,Southern Asia,Southern Asia,Sri Lanka
Adiponitrile,APAC,Oceania,Australia and New Zealand,Australia and New Zealand,Australia
Adiponitrile,APAC,Oceania,Australia and New Zealand,Australia and New Zealand,New Zealand
Adiponitrile,EMEA,Africa,Central Africa,Central Africa,Angola
Adiponitrile,EMEA,Africa,Central Africa,Central Africa,Cameroon
Adiponitrile,EMEA,Africa,Central Africa,Central Africa,Equatorial Guinea
Adiponitrile,EMEA,Africa,Central Africa,Central Africa,Republic of the Congo
Adiponitrile,EMEA,Africa,Eastern Africa,Eastern Africa,Ethiopia
Adiponitrile,EMEA,Africa,Eastern Africa,Eastern Africa,Kenya
Adiponitrile,EMEA,Africa,Eastern Africa,Eastern Africa,Tanzania
Adiponitrile,EMEA,Africa,Eastern Africa,Eastern Africa,Uganda
Adiponitrile,EMEA,Africa,Northern Africa,Northern Africa,Algeria
Adiponitrile,EMEA,Africa,Northern Africa,Northern Africa,Egypt
Adiponitrile,EMEA,Africa,Northern Africa,Northern Africa,Libya
Adiponitrile,EMEA,Africa,Northern Africa,Northern Africa,Morocco
Adiponitrile,EMEA,Africa,Northern Africa,Northern Africa,Tunisia
Adiponitrile,EMEA,Africa,Other Africa (Region),Other Africa (Region),Other Africa (Country)
Adiponitrile,EMEA,Africa,Southern Africa,Southern Africa,Mozambique
Adiponitrile,EMEA,Africa,Southern Africa,Southern Africa,South Africa
Adiponitrile,EMEA,Africa,Western Africa,Western Africa,Ghana
Adiponitrile,EMEA,Africa,Western Africa,Western Africa,Nigeria
Adiponitrile,EMEA,Eurasia,,Eurasia,Azerbaijan
Adiponitrile,EMEA,Eurasia,,Eurasia,Belarus
Adiponitrile,EMEA,Eurasia,,Eurasia,Kazakhstan
Adiponitrile,EMEA,Eurasia,,Eurasia,Other Russia and CIS
Adiponitrile,EMEA,Eurasia,,Eurasia,Russia
Adiponitrile,EMEA,Eurasia,,Eurasia,Turkmenistan
Adiponitrile,EMEA,Eurasia,,Eurasia,Ukraine
Adiponitrile,EMEA,Eurasia,,Eurasia,Uzbekistan
Adiponitrile,EMEA,Europe,Eastern Europe,Eastern Europe,Bulgaria
Adiponitrile,EMEA,Europe,Eastern Europe,Eastern Europe,Czechia
Adiponitrile,EMEA,Europe,Eastern Europe,Eastern Europe,Hungary
Adiponitrile,EMEA,Europe,Eastern Europe,Eastern Europe,Poland
Adiponitrile,EMEA,Europe,Eastern Europe,Eastern Europe,Romania
Adiponitrile,EMEA,Europe,Eastern Europe,Eastern Europe,Slovakia
Adiponitrile,EMEA,Europe,Northern Europe,Northern Europe,Denmark
Adiponitrile,EMEA,Europe,Northern Europe,Northern Europe,Estonia
Adiponitrile,EMEA,Europe,Northern Europe,Northern Europe,Finland
Adiponitrile,EMEA,Europe,Northern Europe,Northern Europe,Latvia
Adiponitrile,EMEA,Europe,Northern Europe,Northern Europe,Lithuania
Adiponitrile,EMEA,Europe,Northern Europe,Northern Europe,Norway
Adiponitrile,EMEA,Europe,Northern Europe,Northern Europe,Sweden
Adiponitrile,EMEA,Europe,Northern Europe,Northern Europe,United Kingdom
Adiponitrile,EMEA,Europe,Other Central and Eastern Europe (Region),Other Central and Eastern Europe (Region),Other Central and Eastern Europe (Country)
Adiponitrile,EMEA,Europe,Southern Europe,Southern Europe,Croatia
Adiponitrile,EMEA,Europe,Southern Europe,Southern Europe,Greece
Adiponitrile,EMEA,Europe,Southern Europe,Southern Europe,Italy
Adiponitrile,EMEA,Europe,Southern Europe,Southern Europe,Portugal
Adiponitrile,EMEA,Europe,Southern Europe,Southern Europe,Serbia
Adiponitrile,EMEA,Europe,Southern Europe,Southern Europe,Slovenia
Adiponitrile,EMEA,Europe,Southern Europe,Southern Europe,Spain
Adiponitrile,EMEA,Europe,Southern Europe,Southern Europe,Turkey
Adiponitrile,EMEA,Europe,Western Europe,Western Europe,Austria
Adiponitrile,EMEA,Europe,Western Europe,Western Europe,Belgium
Adiponitrile,EMEA,Europe,Western Europe,Western Europe,France
Adiponitrile,EMEA,Europe,Western Europe,Western Europe,Germany
Adiponitrile,EMEA,Europe,Western Europe,Western Europe,Netherlands
Adiponitrile,EMEA,Europe,Western Europe,Western Europe,Other Western Europe
Adiponitrile,EMEA,Europe,Western Europe,Western Europe,Switzerland
Adiponitrile,EMEA,Middle East,,Middle East,Bahrain
Adiponitrile,EMEA,Middle East,,Middle East,Iran
Adiponitrile,EMEA,Middle East,,Middle East,Iraq
Adiponitrile,EMEA,Middle East,,Middle East,Israel
Adiponitrile,EMEA,Middle East,,Middle East,Kuwait
Adiponitrile,EMEA,Middle East,,Middle East,Oman
Adiponitrile,EMEA,Middle East,,Middle East,Other Middle East
Adiponitrile,EMEA,Middle East,,Middle East,Qatar
Adiponitrile,EMEA,Middle East,,Middle East,Saudi Arabia
Adiponitrile,EMEA,Middle East,,Middle East,United Arab Emirates
Aniline,AMER,Latin America and the Caribbean,Caribbean,Caribbean,Trinidad and Tobago
Aniline,AMER,Latin America and the Caribbean,Central America,Central America,Mexico
Aniline,AMER,Latin America and the Caribbean,Other Central and South America (Region),Other Central and South America (Region),Other Central and South America (Country)
Aniline,AMER,Latin America and the Caribbean,South America,South America,Argentina
Aniline,AMER,Latin America and the Caribbean,South America,South America,Bolivia
Aniline,AMER,Latin America and the Caribbean,South America,South America,Brazil
Aniline,AMER,Latin America and the Caribbean,South America,South America,Chile
Aniline,AMER,Latin America and the Caribbean,South America,South America,Colombia
Aniline,AMER,Latin America and the Caribbean,South America,South America,Ecuador
Aniline,AMER,Latin America and the Caribbean,South America,South America,Paraguay
Aniline,AMER,Latin America and the Caribbean,South America,South America,Peru
Aniline,AMER,Latin America and the Caribbean,South America,South America,Uruguay
Aniline,AMER,Latin America and the Caribbean,South America,South America,Venezuela
Aniline,AMER,North America,,North America,Canada
Aniline,AMER,North America,,North America,Other North America
Aniline,AMER,North America,,North America,United States
Aniline,APAC,Asia,Eastern Asia,Eastern Asia,China
Aniline,APAC,Asia,Eastern Asia,Eastern Asia,Hong Kong
Aniline,APAC,Asia,Eastern Asia,Eastern Asia,Japan
Aniline,APAC,Asia,Eastern Asia,Eastern Asia,Macao
Aniline,APAC,Asia,Eastern Asia,Eastern Asia,Other Northeast Asia ex China
Aniline,APAC,Asia,Eastern Asia,Eastern Asia,South Korea
Aniline,APAC,Asia,Eastern Asia,Eastern Asia,Taiwan
Aniline,APAC,Asia,South-eastern Asia,South-eastern Asia,Brunei Darussalam
Aniline,APAC,Asia,South-eastern Asia,South-eastern Asia,Indonesia
Aniline,APAC,Asia,South-eastern Asia,South-eastern Asia,Malaysia
Aniline,APAC,Asia,South-eastern Asia,South-eastern Asia,Myanmar
Aniline,APAC,Asia,South-eastern Asia,South-eastern Asia,Other Southeast Asia
Aniline,APAC,Asia,South-eastern Asia,South-eastern Asia,Philippines
Aniline,APAC,Asia,South-eastern Asia,South-eastern Asia,Singapore
Aniline,APAC,Asia,South-eastern Asia,South-eastern Asia,Thailand
Aniline,APAC,Asia,South-eastern Asia,South-eastern Asia,Vietnam
Aniline,APAC,Asia,Southern Asia,Southern Asia,Bangladesh
Aniline,APAC,Asia,Southern Asia,Southern Asia,India
Aniline,APAC,Asia,Southern Asia,Southern Asia,Other South Asia
Aniline,APAC,Asia,Southern Asia,Southern Asia,Pakistan
Aniline,APAC,Asia,Southern Asia,Southern Asia,Sri Lanka
Aniline,APAC,Oceania,Australia and New Zealand,Australia and New Zealand,Australia
Aniline,APAC,Oceania,Australia and New Zealand,Australia and New Zealand,New Zealand
Aniline,EMEA,Africa,Central Africa,Central Africa,Angola
Aniline,EMEA,Africa,Central Africa,Central Africa,Cameroon
Aniline,EMEA,Africa,Central Africa,Central Africa,Equatorial Guinea
Aniline,EMEA,Africa,Central Africa,Central Africa,Republic of the Congo
Aniline,EMEA,Africa,Eastern Africa,Eastern Africa,Ethiopia
Aniline,EMEA,Africa,Eastern Africa,Eastern Africa,Kenya
Aniline,EMEA,Africa,Eastern Africa,Eastern Africa,Tanzania
Aniline,EMEA,Africa,Eastern Africa,Eastern Africa,Uganda
Aniline,EMEA,Africa,Northern Africa,Northern Africa,Algeria
Aniline,EMEA,Africa,Northern Africa,Northern Africa,Egypt
Aniline,EMEA,Africa,Northern Africa,Northern Africa,Libya
Aniline,EMEA,Africa,Northern Africa,Northern Africa,Morocco
Aniline,EMEA,Africa,Northern Africa,Northern Africa,Tunisia
Aniline,EMEA,Africa,Other Africa (Region),Other Africa (Region),Other Africa (Country)
Aniline,EMEA,Africa,Southern Africa,Southern Africa,Mozambique
Aniline,EMEA,Africa,Southern Africa,Southern Africa,South Africa
Aniline,EMEA,Africa,Western Africa,Western Africa,Ghana
Aniline,EMEA,Africa,Western Africa,Western Africa,Nigeria
Aniline,EMEA,Eurasia,,Eurasia,Azerbaijan
Aniline,EMEA,Eurasia,,Eurasia,Belarus
Aniline,EMEA,Eurasia,,Eurasia,Kazakhstan
Aniline,EMEA,Eurasia,,Eurasia,Other Russia and CIS
Aniline,EMEA,Eurasia,,Eurasia,Russia
Aniline,EMEA,Eurasia,,Eurasia,Turkmenistan
Aniline,EMEA,Eurasia,,Eurasia,Ukraine
Aniline,EMEA,Eurasia,,Eurasia,Uzbekistan
Aniline,EMEA,Europe,Eastern Europe,Eastern Europe,Bulgaria
Aniline,EMEA,Europe,Eastern Europe,Eastern Europe,Czechia
Aniline,EMEA,Europe,Eastern Europe,Eastern Europe,Hungary
Aniline,EMEA,Europe,Eastern Europe,Eastern Europe,Poland
Aniline,EMEA,Europe,Eastern Europe,Eastern Europe,Romania
Aniline,EMEA,Europe,Eastern Europe,Eastern Europe,Slovakia
Aniline,EMEA,Europe,Northern Europe,Northern Europe,Denmark
Aniline,EMEA,Europe,Northern Europe,Northern Europe,Estonia
Aniline,EMEA,Europe,Northern Europe,Northern Europe,Finland
Aniline,EMEA,Europe,Northern Europe,Northern Europe,Latvia
Aniline,EMEA,Europe,Northern Europe,Northern Europe,Lithuania
Aniline,EMEA,Europe,Northern Europe,Northern Europe,Norway
Aniline,EMEA,Europe,Northern Europe,Northern Europe,Sweden
Aniline,EMEA,Europe,Northern Europe,Northern Europe,United Kingdom
Aniline,EMEA,Europe,Other Central and Eastern Europe (Region),Other Central and Eastern Europe (Region),Other Central and Eastern Europe (Country)
Aniline,EMEA,Europe,Southern Europe,Southern Europe,Croatia
Aniline,EMEA,Europe,Southern Europe,Southern Europe,Greece
Aniline,EMEA,Europe,Southern Europe,Southern Europe,Italy
Aniline,EMEA,Europe,Southern Europe,Southern Europe,Portugal
Aniline,EMEA,Europe,Southern Europe,Southern Europe,Serbia
Aniline,EMEA,Europe,Southern Europe,Southern Europe,Slovenia
Aniline,EMEA,Europe,Southern Europe,Southern Europe,Spain
Aniline,EMEA,Europe,Southern Europe,Southern Europe,Turkey
Aniline,EMEA,Europe,Western Europe,Western Europe,Austria
Aniline,EMEA,Europe,Western Europe,Western Europe,Belgium
Aniline,EMEA,Europe,Western Europe,Western Europe,France
Aniline,EMEA,Europe,Western Europe,Western Europe,Germany
Aniline,EMEA,Europe,Western Europe,Western Europe,Netherlands
Aniline,EMEA,Europe,Western Europe,Western Europe,Other Western Europe
Aniline,EMEA,Europe,Western Europe,Western Europe,Switzerland
Aniline,EMEA,Middle East,,Middle East,Bahrain
Aniline,EMEA,Middle East,,Middle East,Iran
Aniline,EMEA,Middle East,,Middle East,Iraq
Aniline,EMEA,Middle East,,Middle East,Israel
Aniline,EMEA,Middle East,,Middle East,Kuwait
Aniline,EMEA,Middle East,,Middle East,Oman
Aniline,EMEA,Middle East,,Middle East,Other Middle East
Aniline,EMEA,Middle East,,Middle East,Qatar
Aniline,EMEA,Middle East,,Middle East,Saudi Arabia
Aniline,EMEA,Middle East,,Middle East,United Arab Emirates
Benzene,AMER,Latin America and the Caribbean,Caribbean,Caribbean,Trinidad and Tobago
Benzene,AMER,Latin America and the Caribbean,Central America,Central America,Mexico
Benzene,AMER,Latin America and the Caribbean,Other Central and South America (Region),Other Central and South America (Region),Other Central and South America (Country)
Benzene,AMER,Latin America and the Caribbean,South America,South America,Argentina
Benzene,AMER,Latin America and the Caribbean,South America,South America,Bolivia
Benzene,AMER,Latin America and the Caribbean,South America,South America,Brazil
Benzene,AMER,Latin America and the Caribbean,South America,South America,Chile
Benzene,AMER,Latin America and the Caribbean,South America,South America,Colombia
Benzene,AMER,Latin America and the Caribbean,South America,South America,Ecuador
Benzene,AMER,Latin America and the Caribbean,South America,South America,Paraguay
Benzene,AMER,Latin America and the Caribbean,South America,South America,Peru
Benzene,AMER,Latin America and the Caribbean,South America,South America,Uruguay
Benzene,AMER,Latin America and the Caribbean,South America,South America,Venezuela
Benzene,AMER,North America,,North America,Canada
Benzene,AMER,North America,,North America,Other North America
Benzene,AMER,North America,,North America,United States
Benzene,APAC,Asia,Eastern Asia,Eastern Asia,China
Benzene,APAC,Asia,Eastern Asia,Eastern Asia,Hong Kong
Benzene,APAC,Asia,Eastern Asia,Eastern Asia,Japan
Benzene,APAC,Asia,Eastern Asia,Eastern Asia,Macao
Benzene,APAC,Asia,Eastern Asia,Eastern Asia,Other Northeast Asia ex China
Benzene,APAC,Asia,Eastern Asia,Eastern Asia,South Korea
Benzene,APAC,Asia,Eastern Asia,Eastern Asia,Taiwan
Benzene,APAC,Asia,South-eastern Asia,South-eastern Asia,Brunei Darussalam
Benzene,APAC,Asia,South-eastern Asia,South-eastern Asia,Indonesia
Benzene,APAC,Asia,South-eastern Asia,South-eastern Asia,Malaysia
Benzene,APAC,Asia,South-eastern Asia,South-eastern Asia,Myanmar
Benzene,APAC,Asia,South-eastern Asia,South-eastern Asia,Other Southeast Asia
Benzene,APAC,Asia,South-eastern Asia,South-eastern Asia,Philippines
Benzene,APAC,Asia,South-eastern Asia,South-eastern Asia,Singapore
Benzene,APAC,Asia,South-eastern Asia,South-eastern Asia,Thailand
Benzene,APAC,Asia,South-eastern Asia,South-eastern Asia,Vietnam
Benzene,APAC,Asia,Southern Asia,Southern Asia,Bangladesh
Benzene,APAC,Asia,Southern Asia,Southern Asia,India
Benzene,APAC,Asia,Southern Asia,Southern Asia,Other South Asia
Benzene,APAC,Asia,Southern Asia,Southern Asia,Pakistan
Benzene,APAC,Asia,Southern Asia,Southern Asia,Sri Lanka
Benzene,APAC,Oceania,Australia and New Zealand,Australia and New Zealand,Australia
Benzene,APAC,Oceania,Australia and New Zealand,Australia and New Zealand,New Zealand
Benzene,EMEA,Africa,Central Africa,Central Africa,Angola
Benzene,EMEA,Africa,Central Africa,Central Africa,Cameroon
Benzene,EMEA,Africa,Central Africa,Central Africa,Equatorial Guinea
Benzene,EMEA,Africa,Central Africa,Central Africa,Republic of the Congo
Benzene,EMEA,Africa,Eastern Africa,Eastern Africa,Ethiopia
Benzene,EMEA,Africa,Eastern Africa,Eastern Africa,Kenya
Benzene,EMEA,Africa,Eastern Africa,Eastern Africa,Tanzania
Benzene,EMEA,Africa,Eastern Africa,Eastern Africa,Uganda
Benzene,EMEA,Africa,Northern Africa,Northern Africa,Algeria
Benzene,EMEA,Africa,Northern Africa,Northern Africa,Egypt
Benzene,EMEA,Africa,Northern Africa,Northern Africa,Libya
Benzene,EMEA,Africa,Northern Africa,Northern Africa,Morocco
Benzene,EMEA,Africa,Northern Africa,Northern Africa,Tunisia
Benzene,EMEA,Africa,Other Africa (Region),Other Africa (Region),Other Africa (Country)
Benzene,EMEA,Africa,Southern Africa,Southern Africa,Mozambique
Benzene,EMEA,Africa,Southern Africa,Southern Africa,South Africa
Benzene,EMEA,Africa,Western Africa,Western Africa,Ghana
Benzene,EMEA,Africa,Western Africa,Western Africa,Nigeria
Benzene,EMEA,Eurasia,,Eurasia,Azerbaijan
Benzene,EMEA,Eurasia,,Eurasia,Belarus
Benzene,EMEA,Eurasia,,Eurasia,Kazakhstan
Benzene,EMEA,Eurasia,,Eurasia,Other Russia and CIS
Benzene,EMEA,Eurasia,,Eurasia,Russia
Benzene,EMEA,Eurasia,,Eurasia,Turkmenistan
Benzene,EMEA,Eurasia,,Eurasia,Ukraine
Benzene,EMEA,Eurasia,,Eurasia,Uzbekistan
Benzene,EMEA,Europe,Eastern Europe,Eastern Europe,Bulgaria
Benzene,EMEA,Europe,Eastern Europe,Eastern Europe,Czechia
Benzene,EMEA,Europe,Eastern Europe,Eastern Europe,Hungary
Benzene,EMEA,Europe,Eastern Europe,Eastern Europe,Poland
Benzene,EMEA,Europe,Eastern Europe,Eastern Europe,Romania
Benzene,EMEA,Europe,Eastern Europe,Eastern Europe,Slovakia
Benzene,EMEA,Europe,Northern Europe,Northern Europe,Denmark
Benzene,EMEA,Europe,Northern Europe,Northern Europe,Estonia
Benzene,EMEA,Europe,Northern Europe,Northern Europe,Finland
Benzene,EMEA,Europe,Northern Europe,Northern Europe,Latvia
Benzene,EMEA,Europe,Northern Europe,Northern Europe,Lithuania
Benzene,EMEA,Europe,Northern Europe,Northern Europe,Norway
Benzene,EMEA,Europe,Northern Europe,Northern Europe,Sweden
Benzene,EMEA,Europe,Northern Europe,Northern Europe,United Kingdom
Benzene,EMEA,Europe,Other Central and Eastern Europe (Region),Other Central and Eastern Europe (Region),Other Central and Eastern Europe (Country)
Benzene,EMEA,Europe,Southern Europe,Southern Europe,Croatia
Benzene,EMEA,Europe,Southern Europe,Southern Europe,Greece
Benzene,EMEA,Europe,Southern Europe,Southern Europe,Italy
Benzene,EMEA,Europe,Southern Europe,Southern Europe,Portugal
Benzene,EMEA,Europe,Southern Europe,Southern Europe,Serbia
Benzene,EMEA,Europe,Southern Europe,Southern Europe,Slovenia
Benzene,EMEA,Europe,Southern Europe,Southern Europe,Spain
Benzene,EMEA,Europe,Southern Europe,Southern Europe,Turkey
Benzene,EMEA,Europe,Western Europe,Western Europe,Austria
Benzene,EMEA,Europe,Western Europe,Western Europe,Belgium
Benzene,EMEA,Europe,Western Europe,Western Europe,France
Benzene,EMEA,Europe,Western Europe,Western Europe,Germany
Benzene,EMEA,Europe,Western Europe,Western Europe,Netherlands
Benzene,EMEA,Europe,Western Europe,Western Europe,Other Western Europe
Benzene,EMEA,Europe,Western Europe,Western Europe,Switzerland
Benzene,EMEA,Middle East,,Middle East,Bahrain
Benzene,EMEA,Middle East,,Middle East,Iran
Benzene,EMEA,Middle East,,Middle East,Iraq
Benzene,EMEA,Middle East,,Middle East,Israel
Benzene,EMEA,Middle East,,Middle East,Kuwait
Benzene,EMEA,Middle East,,Middle East,Oman
Benzene,EMEA,Middle East,,Middle East,Other Middle East
Benzene,EMEA,Middle East,,Middle East,Qatar
Benzene,EMEA,Middle East,,Middle East,Saudi Arabia
Benzene,EMEA,Middle East,,Middle East,United Arab Emirates
Bisphenol A,AMER,Latin America and the Caribbean,Caribbean,Caribbean,Trinidad and Tobago
Bisphenol A,AMER,Latin America and the Caribbean,Central America,Central America,Mexico
Bisphenol A,AMER,Latin America and the Caribbean,Other Central and South America (Region),Other Central and South America (Region),Other Central and South America (Country)
Bisphenol A,AMER,Latin America and the Caribbean,South America,South America,Argentina
Bisphenol A,AMER,Latin America and the Caribbean,South America,South America,Bolivia
Bisphenol A,AMER,Latin America and the Caribbean,South America,South America,Brazil
Bisphenol A,AMER,Latin America and the Caribbean,South America,South America,Chile
Bisphenol A,AMER,Latin America and the Caribbean,South America,South America,Colombia
Bisphenol A,AMER,Latin America and the Caribbean,South America,South America,Ecuador
Bisphenol A,AMER,Latin America and the Caribbean,South America,South America,Paraguay
Bisphenol A,AMER,Latin America and the Caribbean,South America,South America,Peru
Bisphenol A,AMER,Latin America and the Caribbean,South America,South America,Uruguay
Bisphenol A,AMER,Latin America and the Caribbean,South America,South America,Venezuela
Bisphenol A,AMER,North America,,North America,Canada
Bisphenol A,AMER,North America,,North America,Other North America
Bisphenol A,AMER,North America,,North America,United States
Bisphenol A,APAC,Asia,Eastern Asia,Eastern Asia,China
Bisphenol A,APAC,Asia,Eastern Asia,Eastern Asia,Hong Kong
Bisphenol A,APAC,Asia,Eastern Asia,Eastern Asia,Japan
Bisphenol A,APAC,Asia,Eastern Asia,Eastern Asia,Macao
Bisphenol A,APAC,Asia,Eastern Asia,Eastern Asia,Other Northeast Asia ex China
Bisphenol A,APAC,Asia,Eastern Asia,Eastern Asia,South Korea
Bisphenol A,APAC,Asia,Eastern Asia,Eastern Asia,Taiwan
Bisphenol A,APAC,Asia,South-eastern Asia,South-eastern Asia,Brunei Darussalam
Bisphenol A,APAC,Asia,South-eastern Asia,South-eastern Asia,Indonesia
Bisphenol A,APAC,Asia,South-eastern Asia,South-eastern Asia,Malaysia
Bisphenol A,APAC,Asia,South-eastern Asia,South-eastern Asia,Myanmar
Bisphenol A,APAC,Asia,South-eastern Asia,South-eastern Asia,Other Southeast Asia
Bisphenol A,APAC,Asia,South-eastern Asia,South-eastern Asia,Philippines
Bisphenol A,APAC,Asia,South-eastern Asia,South-eastern Asia,Singapore
Bisphenol A,APAC,Asia,South-eastern Asia,South-eastern Asia,Thailand
Bisphenol A,APAC,Asia,South-eastern Asia,South-eastern Asia,Vietnam
Bisphenol A,APAC,Asia,Southern Asia,Southern Asia,Bangladesh
Bisphenol A,APAC,Asia,Southern Asia,Southern Asia,India
Bisphenol A,APAC,Asia,Southern Asia,Southern Asia,Other South Asia
Bisphenol A,APAC,Asia,Southern Asia,Southern Asia,Pakistan
Bisphenol A,APAC,Asia,Southern Asia,Southern Asia,Sri Lanka
Bisphenol A,APAC,Oceania,Australia and New Zealand,Australia and New Zealand,Australia
Bisphenol A,APAC,Oceania,Australia and New Zealand,Australia and New Zealand,New Zealand
Bisphenol A,EMEA,Africa,Central Africa,Central Africa,Angola
Bisphenol A,EMEA,Africa,Central Africa,Central Africa,Cameroon
Bisphenol A,EMEA,Africa,Central Africa,Central Africa,Equatorial Guinea
Bisphenol A,EMEA,Africa,Central Africa,Central Africa,Republic of the Congo
Bisphenol A,EMEA,Africa,Eastern Africa,Eastern Africa,Ethiopia
Bisphenol A,EMEA,Africa,Eastern Africa,Eastern Africa,Kenya
Bisphenol A,EMEA,Africa,Eastern Africa,Eastern Africa,Tanzania
Bisphenol A,EMEA,Africa,Eastern Africa,Eastern Africa,Uganda
Bisphenol A,EMEA,Africa,Northern Africa,Northern Africa,Algeria
Bisphenol A,EMEA,Africa,Northern Africa,Northern Africa,Egypt
Bisphenol A,EMEA,Africa,Northern Africa,Northern Africa,Libya
Bisphenol A,EMEA,Africa,Northern Africa,Northern Africa,Morocco
Bisphenol A,EMEA,Africa,Northern Africa,Northern Africa,Tunisia
Bisphenol A,EMEA,Africa,Other Africa (Region),Other Africa (Region),Other Africa (Country)
Bisphenol A,EMEA,Africa,Southern Africa,Southern Africa,Mozambique
Bisphenol A,EMEA,Africa,Southern Africa,Southern Africa,South Africa
Bisphenol A,EMEA,Africa,Western Africa,Western Africa,Ghana
Bisphenol A,EMEA,Africa,Western Africa,Western Africa,Nigeria
Bisphenol A,EMEA,Eurasia,,Eurasia,Azerbaijan
Bisphenol A,EMEA,Eurasia,,Eurasia,Belarus
Bisphenol A,EMEA,Eurasia,,Eurasia,Kazakhstan
Bisphenol A,EMEA,Eurasia,,Eurasia,Other Russia and CIS
Bisphenol A,EMEA,Eurasia,,Eurasia,Russia
Bisphenol A,EMEA,Eurasia,,Eurasia,Turkmenistan
Bisphenol A,EMEA,Eurasia,,Eurasia,Ukraine
Bisphenol A,EMEA,Eurasia,,Eurasia,Uzbekistan
Bisphenol A,EMEA,Europe,Eastern Europe,Eastern Europe,Bulgaria
Bisphenol A,EMEA,Europe,Eastern Europe,Eastern Europe,Czechia
Bisphenol A,EMEA,Europe,Eastern Europe,Eastern Europe,Hungary
Bisphenol A,EMEA,Europe,Eastern Europe,Eastern Europe,Poland
Bisphenol A,EMEA,Europe,Eastern Europe,Eastern Europe,Romania
Bisphenol A,EMEA,Europe,Eastern Europe,Eastern Europe,Slovakia
Bisphenol A,EMEA,Europe,Northern Europe,Northern Europe,Denmark
Bisphenol A,EMEA,Europe,Northern Europe,Northern Europe,Estonia
Bisphenol A,EMEA,Europe,Northern Europe,Northern Europe,Finland
Bisphenol A,EMEA,Europe,Northern Europe,Northern Europe,Latvia
Bisphenol A,EMEA,Europe,Northern Europe,Northern Europe,Lithuania
Bisphenol A,EMEA,Europe,Northern Europe,Northern Europe,Norway
Bisphenol A,EMEA,Europe,Northern Europe,Northern Europe,Sweden
Bisphenol A,EMEA,Europe,Northern Europe,Northern Europe,United Kingdom
Bisphenol A,EMEA,Europe,Other Central and Eastern Europe (Region),Other Central and Eastern Europe (Region),Other Central and Eastern Europe (Country)
Bisphenol A,EMEA,Europe,Southern Europe,Southern Europe,Croatia
Bisphenol A,EMEA,Europe,Southern Europe,Southern Europe,Greece
Bisphenol A,EMEA,Europe,Southern Europe,Southern Europe,Italy
Bisphenol A,EMEA,Europe,Southern Europe,Southern Europe,Portugal
Bisphenol A,EMEA,Europe,Southern Europe,Southern Europe,Serbia
Bisphenol A,EMEA,Europe,Southern Europe,Southern Europe,Slovenia
Bisphenol A,EMEA,Europe,Southern Europe,Southern Europe,Spain
Bisphenol A,EMEA,Europe,Southern Europe,Southern Europe,Turkey
Bisphenol A,EMEA,Europe,Western Europe,Western Europe,Austria
Bisphenol A,EMEA,Europe,Western Europe,Western Europe,Belgium
Bisphenol A,EMEA,Europe,Western Europe,Western Europe,France
Bisphenol A,EMEA,Europe,Western Europe,Western Europe,Germany
Bisphenol A,EMEA,Europe,Western Europe,Western Europe,Netherlands
Bisphenol A,EMEA,Europe,Western Europe,Western Europe,Other Western Europe
Bisphenol A,EMEA,Europe,Western Europe,Western Europe,Switzerland
Bisphenol A,EMEA,Middle East,,Middle East,Bahrain
Bisphenol A,EMEA,Middle East,,Middle East,Iran
Bisphenol A,EMEA,Middle East,,Middle East,Iraq
Bisphenol A,EMEA,Middle East,,Middle East,Israel
Bisphenol A,EMEA,Middle East,,Middle East,Kuwait
Bisphenol A,EMEA,Middle East,,Middle East,Oman
Bisphenol A,EMEA,Middle East,,Middle East,Other Middle East
Bisphenol A,EMEA,Middle East,,Middle East,Qatar
Bisphenol A,EMEA,Middle East,,Middle East,Saudi Arabia
Bisphenol A,EMEA,Middle East,,Middle East,United Arab Emirates
Butadiene,AMER,Latin America and the Caribbean,Caribbean,Caribbean,Trinidad and Tobago
Butadiene,AMER,Latin America and the Caribbean,Central America,Central America,Mexico
Butadiene,AMER,Latin America and the Caribbean,Other Central and South America (Region),Other Central and South America (Region),Other Central and South America (Country)
Butadiene,AMER,Latin America and the Caribbean,South America,South America,Argentina
Butadiene,AMER,Latin America and the Caribbean,South America,South America,Bolivia
Butadiene,AMER,Latin America and the Caribbean,South America,South America,Brazil
Butadiene,AMER,Latin America and the Caribbean,South America,South America,Chile
Butadiene,AMER,Latin America and the Caribbean,South America,South America,Colombia
Butadiene,AMER,Latin America and the Caribbean,South America,South America,Ecuador
Butadiene,AMER,Latin America and the Caribbean,South America,South America,Paraguay
Butadiene,AMER,Latin America and the Caribbean,South America,South America,Peru
Butadiene,AMER,Latin America and the Caribbean,South America,South America,Uruguay
Butadiene,AMER,Latin America and the Caribbean,South America,South America,Venezuela
Butadiene,AMER,North America,,North America,Canada
Butadiene,AMER,North America,,North America,Other North America
Butadiene,AMER,North America,,North America,United States
Butadiene,APAC,Asia,Eastern Asia,Eastern Asia,China
Butadiene,APAC,Asia,Eastern Asia,Eastern Asia,Hong Kong
Butadiene,APAC,Asia,Eastern Asia,Eastern Asia,Japan
Butadiene,APAC,Asia,Eastern Asia,Eastern Asia,Macao
Butadiene,APAC,Asia,Eastern Asia,Eastern Asia,Other Northeast Asia ex China
Butadiene,APAC,Asia,Eastern Asia,Eastern Asia,South Korea
Butadiene,APAC,Asia,Eastern Asia,Eastern Asia,Taiwan
Butadiene,APAC,Asia,South-eastern Asia,South-eastern Asia,Brunei Darussalam
Butadiene,APAC,Asia,South-eastern Asia,South-eastern Asia,Indonesia
Butadiene,APAC,Asia,South-eastern Asia,South-eastern Asia,Malaysia
Butadiene,APAC,Asia,South-eastern Asia,South-eastern Asia,Myanmar
Butadiene,APAC,Asia,South-eastern Asia,South-eastern Asia,Other Southeast Asia
Butadiene,APAC,Asia,South-eastern Asia,South-eastern Asia,Philippines
Butadiene,APAC,Asia,South-eastern Asia,South-eastern Asia,Singapore
Butadiene,APAC,Asia,South-eastern Asia,South-eastern Asia,Thailand
Butadiene,APAC,Asia,South-eastern Asia,South-eastern Asia,Vietnam
Butadiene,APAC,Asia,Southern Asia,Southern Asia,Bangladesh
Butadiene,APAC,Asia,Southern Asia,Southern Asia,India
Butadiene,APAC,Asia,Southern Asia,Southern Asia,Other South Asia
Butadiene,APAC,Asia,Southern Asia,Southern Asia,Pakistan
Butadiene,APAC,Asia,Southern Asia,Southern Asia,Sri Lanka
Butadiene,APAC,Oceania,Australia and New Zealand,Australia and New Zealand,Australia
Butadiene,APAC,Oceania,Australia and New Zealand,Australia and New Zealand,New Zealand
Butadiene,EMEA,Africa,Central Africa,Central Africa,Angola
Butadiene,EMEA,Africa,Central Africa,Central Africa,Cameroon
Butadiene,EMEA,Africa,Central Africa,Central Africa,Equatorial Guinea
Butadiene,EMEA,Africa,Central Africa,Central Africa,Republic of the Congo
Butadiene,EMEA,Africa,Eastern Africa,Eastern Africa,Ethiopia
Butadiene,EMEA,Africa,Eastern Africa,Eastern Africa,Kenya
Butadiene,EMEA,Africa,Eastern Africa,Eastern Africa,Tanzania
Butadiene,EMEA,Africa,Eastern Africa,Eastern Africa,Uganda
Butadiene,EMEA,Africa,Northern Africa,Northern Africa,Algeria
Butadiene,EMEA,Africa,Northern Africa,Northern Africa,Egypt
Butadiene,EMEA,Africa,Northern Africa,Northern Africa,Libya
Butadiene,EMEA,Africa,Northern Africa,Northern Africa,Morocco
Butadiene,EMEA,Africa,Northern Africa,Northern Africa,Tunisia
Butadiene,EMEA,Africa,Other Africa (Region),Other Africa (Region),Other Africa (Country)
Butadiene,EMEA,Africa,Southern Africa,Southern Africa,Mozambique
Butadiene,EMEA,Africa,Southern Africa,Southern Africa,South Africa
Butadiene,EMEA,Africa,Western Africa,Western Africa,Ghana
Butadiene,EMEA,Africa,Western Africa,Western Africa,Nigeria
Butadiene,EMEA,Eurasia,,Eurasia,Azerbaijan
Butadiene,EMEA,Eurasia,,Eurasia,Belarus
Butadiene,EMEA,Eurasia,,Eurasia,Kazakhstan
Butadiene,EMEA,Eurasia,,Eurasia,Other Russia and CIS
Butadiene,EMEA,Eurasia,,Eurasia,Russia
Butadiene,EMEA,Eurasia,,Eurasia,Turkmenistan
Butadiene,EMEA,Eurasia,,Eurasia,Ukraine
Butadiene,EMEA,Eurasia,,Eurasia,Uzbekistan
Butadiene,EMEA,Europe,Eastern Europe,Eastern Europe,Bulgaria
Butadiene,EMEA,Europe,Eastern Europe,Eastern Europe,Czechia
Butadiene,EMEA,Europe,Eastern Europe,Eastern Europe,Hungary
Butadiene,EMEA,Europe,Eastern Europe,Eastern Europe,Poland
Butadiene,EMEA,Europe,Eastern Europe,Eastern Europe,Romania
Butadiene,EMEA,Europe,Eastern Europe,Eastern Europe,Slovakia
Butadiene,EMEA,Europe,Northern Europe,Northern Europe,Denmark
Butadiene,EMEA,Europe,Northern Europe,Northern Europe,Estonia
Butadiene,EMEA,Europe,Northern Europe,Northern Europe,Finland
Butadiene,EMEA,Europe,Northern Europe,Northern Europe,Latvia
Butadiene,EMEA,Europe,Northern Europe,Northern Europe,Lithuania
Butadiene,EMEA,Europe,Northern Europe,Northern Europe,Norway
Butadiene,EMEA,Europe,Northern Europe,Northern Europe,Sweden
Butadiene,EMEA,Europe,Northern Europe,Northern Europe,United Kingdom
Butadiene,EMEA,Europe,Other Central and Eastern Europe (Region),Other Central and Eastern Europe (Region),Other Central and Eastern Europe (Country)
Butadiene,EMEA,Europe,Southern Europe,Southern Europe,Croatia
Butadiene,EMEA,Europe,Southern Europe,Southern Europe,Greece
Butadiene,EMEA,Europe,Southern Europe,Southern Europe,Italy
Butadiene,EMEA,Europe,Southern Europe,Southern Europe,Portugal
Butadiene,EMEA,Europe,Southern Europe,Southern Europe,Serbia
Butadiene,EMEA,Europe,Southern Europe,Southern Europe,Slovenia
Butadiene,EMEA,Europe,Southern Europe,Southern Europe,Spain
Butadiene,EMEA,Europe,Southern Europe,Southern Europe,Turkey
Butadiene,EMEA,Europe,Western Europe,Western Europe,Austria
Butadiene,EMEA,Europe,Western Europe,Western Europe,Belgium
Butadiene,EMEA,Europe,Western Europe,Western Europe,France
Butadiene,EMEA,Europe,Western Europe,Western Europe,Germany
Butadiene,EMEA,Europe,Western Europe,Western Europe,Netherlands
Butadiene,EMEA,Europe,Western Europe,Western Europe,Other Western Europe
Butadiene,EMEA,Europe,Western Europe,Western Europe,Switzerland
Butadiene,EMEA,Middle East,,Middle East,Bahrain
Butadiene,EMEA,Middle East,,Middle East,Iran
Butadiene,EMEA,Middle East,,Middle East,Iraq
Butadiene,EMEA,Middle East,,Middle East,Israel
Butadiene,EMEA,Middle East,,Middle East,Kuwait
Butadiene,EMEA,Middle East,,Middle East,Oman
Butadiene,EMEA,Middle East,,Middle East,Other Middle East
Butadiene,EMEA,Middle East,,Middle East,Qatar
Butadiene,EMEA,Middle East,,Middle East,Saudi Arabia
Butadiene,EMEA,Middle East,,Middle East,United Arab Emirates
Butyl Rubber,AMER,Latin America and the Caribbean,Caribbean,Caribbean,Trinidad and Tobago
Butyl Rubber,AMER,Latin America and the Caribbean,Central America,Central America,Mexico
Butyl Rubber,AMER,Latin America and the Caribbean,Other Central and South America (Region),Other Central and South America (Region),Other Central and South America (Country)
Butyl Rubber,AMER,Latin America and the Caribbean,South America,South America,Argentina
Butyl Rubber,AMER,Latin America and the Caribbean,South America,South America,Bolivia
Butyl Rubber,AMER,Latin America and the Caribbean,South America,South America,Brazil
Butyl Rubber,AMER,Latin America and the Caribbean,South America,South America,Chile
Butyl Rubber,AMER,Latin America and the Caribbean,South America,South America,Colombia
Butyl Rubber,AMER,Latin America and the Caribbean,South America,South America,Ecuador
Butyl Rubber,AMER,Latin America and the Caribbean,South America,South America,Paraguay
Butyl Rubber,AMER,Latin America and the Caribbean,South America,South America,Peru
Butyl Rubber,AMER,Latin America and the Caribbean,South America,South America,Uruguay
Butyl Rubber,AMER,Latin America and the Caribbean,South America,South America,Venezuela
Butyl Rubber,AMER,North America,,North America,Canada
Butyl Rubber,AMER,North America,,North America,Other North America
Butyl Rubber,AMER,North America,,North America,United States
Butyl Rubber,APAC,Asia,Eastern Asia,Eastern Asia,China
Butyl Rubber,APAC,Asia,Eastern Asia,Eastern Asia,Hong Kong
Butyl Rubber,APAC,Asia,Eastern Asia,Eastern Asia,Japan
Butyl Rubber,APAC,Asia,Eastern Asia,Eastern Asia,Macao
Butyl Rubber,APAC,Asia,Eastern Asia,Eastern Asia,Other Northeast Asia ex China
Butyl Rubber,APAC,Asia,Eastern Asia,Eastern Asia,South Korea
Butyl Rubber,APAC,Asia,Eastern Asia,Eastern Asia,Taiwan
Butyl Rubber,APAC,Asia,South-eastern Asia,South-eastern Asia,Brunei Darussalam
Butyl Rubber,APAC,Asia,South-eastern Asia,South-eastern Asia,Indonesia
Butyl Rubber,APAC,Asia,South-eastern Asia,South-eastern Asia,Malaysia
Butyl Rubber,APAC,Asia,South-eastern Asia,South-eastern Asia,Myanmar
Butyl Rubber,APAC,Asia,South-eastern Asia,South-eastern Asia,Other Southeast Asia
Butyl Rubber,APAC,Asia,South-eastern Asia,South-eastern Asia,Philippines
Butyl Rubber,APAC,Asia,South-eastern Asia,South-eastern Asia,Singapore
Butyl Rubber,APAC,Asia,South-eastern Asia,South-eastern Asia,Thailand
Butyl Rubber,APAC,Asia,South-eastern Asia,South-eastern Asia,Vietnam
Butyl Rubber,APAC,Asia,Southern Asia,Southern Asia,Bangladesh
Butyl Rubber,APAC,Asia,Southern Asia,Southern Asia,India
Butyl Rubber,APAC,Asia,Southern Asia,Southern Asia,Other South Asia
Butyl Rubber,APAC,Asia,Southern Asia,Southern Asia,Pakistan
Butyl Rubber,APAC,Asia,Southern Asia,Southern Asia,Sri Lanka
Butyl Rubber,APAC,Oceania,Australia and New Zealand,Australia and New Zealand,Australia
Butyl Rubber,APAC,Oceania,Australia and New Zealand,Australia and New Zealand,New Zealand
Butyl Rubber,EMEA,Africa,Central Africa,Central Africa,Angola
Butyl Rubber,EMEA,Africa,Central Africa,Central Africa,Cameroon
Butyl Rubber,EMEA,Africa,Central Africa,Central Africa,Equatorial Guinea
Butyl Rubber,EMEA,Africa,Central Africa,Central Africa,Republic of the Congo
Butyl Rubber,EMEA,Africa,Eastern Africa,Eastern Africa,Ethiopia
Butyl Rubber,EMEA,Africa,Eastern Africa,Eastern Africa,Kenya
Butyl Rubber,EMEA,Africa,Eastern Africa,Eastern Africa,Tanzania
Butyl Rubber,EMEA,Africa,Eastern Africa,Eastern Africa,Uganda
Butyl Rubber,EMEA,Africa,Northern Africa,Northern Africa,Algeria
Butyl Rubber,EMEA,Africa,Northern Africa,Northern Africa,Egypt
Butyl Rubber,EMEA,Africa,Northern Africa,Northern Africa,Libya
Butyl Rubber,EMEA,Africa,Northern Africa,Northern Africa,Morocco
Butyl Rubber,EMEA,Africa,Northern Africa,Northern Africa,Tunisia
Butyl Rubber,EMEA,Africa,Other Africa (Region),Other Africa (Region),Other Africa (Country)
Butyl Rubber,EMEA,Africa,Southern Africa,Southern Africa,Mozambique
Butyl Rubber,EMEA,Africa,Southern Africa,Southern Africa,South Africa
Butyl Rubber,EMEA,Africa,Western Africa,Western Africa,Ghana
Butyl Rubber,EMEA,Africa,Western Africa,Western Africa,Nigeria
Butyl Rubber,EMEA,Eurasia,,Eurasia,Azerbaijan
Butyl Rubber,EMEA,Eurasia,,Eurasia,Belarus
Butyl Rubber,EMEA,Eurasia,,Eurasia,Kazakhstan
Butyl Rubber,EMEA,Eurasia,,Eurasia,Other Russia and CIS
Butyl Rubber,EMEA,Eurasia,,Eurasia,Russia
Butyl Rubber,EMEA,Eurasia,,Eurasia,Turkmenistan
Butyl Rubber,EMEA,Eurasia,,Eurasia,Ukraine
Butyl Rubber,EMEA,Eurasia,,Eurasia,Uzbekistan
Butyl Rubber,EMEA,Europe,Eastern Europe,Eastern Europe,Bulgaria
Butyl Rubber,EMEA,Europe,Eastern Europe,Eastern Europe,Czechia
Butyl Rubber,EMEA,Europe,Eastern Europe,Eastern Europe,Hungary
Butyl Rubber,EMEA,Europe,Eastern Europe,Eastern Europe,Poland
Butyl Rubber,EMEA,Europe,Eastern Europe,Eastern Europe,Romania
Butyl Rubber,EMEA,Europe,Eastern Europe,Eastern Europe,Slovakia
Butyl Rubber,EMEA,Europe,Northern Europe,Northern Europe,Denmark
Butyl Rubber,EMEA,Europe,Northern Europe,Northern Europe,Estonia
Butyl Rubber,EMEA,Europe,Northern Europe,Northern Europe,Finland
Butyl Rubber,EMEA,Europe,Northern Europe,Northern Europe,Latvia
Butyl Rubber,EMEA,Europe,Northern Europe,Northern Europe,Lithuania
Butyl Rubber,EMEA,Europe,Northern Europe,Northern Europe,Norway
Butyl Rubber,EMEA,Europe,Northern Europe,Northern Europe,Sweden
Butyl Rubber,EMEA,Europe,Northern Europe,Northern Europe,United Kingdom
Butyl Rubber,EMEA,Europe,Other Central and Eastern Europe (Region),Other Central and Eastern Europe (Region),Other Central and Eastern Europe (Country)
Butyl Rubber,EMEA,Europe,Southern Europe,Southern Europe,Croatia
Butyl Rubber,EMEA,Europe,Southern Europe,Southern Europe,Greece
Butyl Rubber,EMEA,Europe,Southern Europe,Southern Europe,Italy
Butyl Rubber,EMEA,Europe,Southern Europe,Southern Europe,Portugal
Butyl Rubber,EMEA,Europe,Southern Europe,Southern Europe,Serbia
Butyl Rubber,EMEA,Europe,Southern Europe,Southern Europe,Slovenia
Butyl Rubber,EMEA,Europe,Southern Europe,Southern Europe,Spain
Butyl Rubber,EMEA,Europe,Southern Europe,Southern Europe,Turkey
Butyl Rubber,EMEA,Europe,Western Europe,Western Europe,Austria
Butyl Rubber,EMEA,Europe,Western Europe,Western Europe,Belgium
Butyl Rubber,EMEA,Europe,Western Europe,Western Europe,France
Butyl Rubber,EMEA,Europe,Western Europe,Western Europe,Germany
Butyl Rubber,EMEA,Europe,Western Europe,Western Europe,Netherlands
Butyl Rubber,EMEA,Europe,Western Europe,Western Europe,Other Western Europe
Butyl Rubber,EMEA,Europe,Western Europe,Western Europe,Switzerland
Butyl Rubber,EMEA,Middle East,,Middle East,Bahrain
Butyl Rubber,EMEA,Middle East,,Middle East,Iran
Butyl Rubber,EMEA,Middle East,,Middle East,Iraq
Butyl Rubber,EMEA,Middle East,,Middle East,Israel
Butyl Rubber,EMEA,Middle East,,Middle East,Kuwait
Butyl Rubber,EMEA,Middle East,,Middle East,Oman
Butyl Rubber,EMEA,Middle East,,Middle East,Other Middle East
Butyl Rubber,EMEA,Middle East,,Middle East,Qatar
Butyl Rubber,EMEA,Middle East,,Middle East,Saudi Arabia
Butyl Rubber,EMEA,Middle East,,Middle East,United Arab Emirates
C4 Raffinate-1,AMER,Latin America and the Caribbean,Caribbean,Caribbean,Trinidad and Tobago
C4 Raffinate-1,AMER,Latin America and the Caribbean,Central America,Central America,Mexico
C4 Raffinate-1,AMER,Latin America and the Caribbean,Other Central and South America (Region),Other Central and South America (Region),Other Central and South America (Country)
C4 Raffinate-1,AMER,Latin America and the Caribbean,South America,South America,Argentina
C4 Raffinate-1,AMER,Latin America and the Caribbean,South America,South America,Bolivia
C4 Raffinate-1,AMER,Latin America and the Caribbean,South America,South America,Brazil
C4 Raffinate-1,AMER,Latin America and the Caribbean,South America,South America,Chile
C4 Raffinate-1,AMER,Latin America and the Caribbean,South America,South America,Colombia
C4 Raffinate-1,AMER,Latin America and the Caribbean,South America,South America,Ecuador
C4 Raffinate-1,AMER,Latin America and the Caribbean,South America,South America,Paraguay
C4 Raffinate-1,AMER,Latin America and the Caribbean,South America,South America,Peru
C4 Raffinate-1,AMER,Latin America and the Caribbean,South America,South America,Uruguay
C4 Raffinate-1,AMER,Latin America and the Caribbean,South America,South America,Venezuela
C4 Raffinate-1,AMER,North America,,North America,Canada
C4 Raffinate-1,AMER,North America,,North America,Other North America
C4 Raffinate-1,AMER,North America,,North America,United States
C4 Raffinate-1,APAC,Asia,Eastern Asia,Eastern Asia,China
C4 Raffinate-1,APAC,Asia,Eastern Asia,Eastern Asia,Hong Kong
C4 Raffinate-1,APAC,Asia,Eastern Asia,Eastern Asia,Japan
C4 Raffinate-1,APAC,Asia,Eastern Asia,Eastern Asia,Macao
C4 Raffinate-1,APAC,Asia,Eastern Asia,Eastern Asia,Other Northeast Asia ex China
C4 Raffinate-1,APAC,Asia,Eastern Asia,Eastern Asia,South Korea
C4 Raffinate-1,APAC,Asia,Eastern Asia,Eastern Asia,Taiwan
C4 Raffinate-1,APAC,Asia,South-eastern Asia,South-eastern Asia,Brunei Darussalam
C4 Raffinate-1,APAC,Asia,South-eastern Asia,South-eastern Asia,Indonesia
C4 Raffinate-1,APAC,Asia,South-eastern Asia,South-eastern Asia,Malaysia
C4 Raffinate-1,APAC,Asia,South-eastern Asia,South-eastern Asia,Myanmar
C4 Raffinate-1,APAC,Asia,South-eastern Asia,South-eastern Asia,Other Southeast Asia
C4 Raffinate-1,APAC,Asia,South-eastern Asia,South-eastern Asia,Philippines
C4 Raffinate-1,APAC,Asia,South-eastern Asia,South-eastern Asia,Singapore
C4 Raffinate-1,APAC,Asia,South-eastern Asia,South-eastern Asia,Thailand
C4 Raffinate-1,APAC,Asia,South-eastern Asia,South-eastern Asia,Vietnam
C4 Raffinate-1,APAC,Asia,Southern Asia,Southern Asia,Bangladesh
C4 Raffinate-1,APAC,Asia,Southern Asia,Southern Asia,India
C4 Raffinate-1,APAC,Asia,Southern Asia,Southern Asia,Other South Asia
C4 Raffinate-1,APAC,Asia,Southern Asia,Southern Asia,Pakistan
C4 Raffinate-1,APAC,Asia,Southern Asia,Southern Asia,Sri Lanka
C4 Raffinate-1,APAC,Oceania,Australia and New Zealand,Australia and New Zealand,Australia
C4 Raffinate-1,APAC,Oceania,Australia and New Zealand,Australia and New Zealand,New Zealand
C4 Raffinate-1,EMEA,Africa,Central Africa,Central Africa,Angola
C4 Raffinate-1,EMEA,Africa,Central Africa,Central Africa,Cameroon
C4 Raffinate-1,EMEA,Africa,Central Africa,Central Africa,Equatorial Guinea
C4 Raffinate-1,EMEA,Africa,Central Africa,Central Africa,Republic of the Congo
C4 Raffinate-1,EMEA,Africa,Eastern Africa,Eastern Africa,Ethiopia
C4 Raffinate-1,EMEA,Africa,Eastern Africa,Eastern Africa,Kenya
C4 Raffinate-1,EMEA,Africa,Eastern Africa,Eastern Africa,Tanzania
C4 Raffinate-1,EMEA,Africa,Eastern Africa,Eastern Africa,Uganda
C4 Raffinate-1,EMEA,Africa,Northern Africa,Northern Africa,Algeria
C4 Raffinate-1,EMEA,Africa,Northern Africa,Northern Africa,Egypt
C4 Raffinate-1,EMEA,Africa,Northern Africa,Northern Africa,Libya
C4 Raffinate-1,EMEA,Africa,Northern Africa,Northern Africa,Morocco
C4 Raffinate-1,EMEA,Africa,Northern Africa,Northern Africa,Tunisia
C4 Raffinate-1,EMEA,Africa,Other Africa (Region),Other Africa (Region),Other Africa (Country)
C4 Raffinate-1,EMEA,Africa,Southern Africa,Southern Africa,Mozambique
C4 Raffinate-1,EMEA,Africa,Southern Africa,Southern Africa,South Africa
C4 Raffinate-1,EMEA,Africa,Western Africa,Western Africa,Ghana
C4 Raffinate-1,EMEA,Africa,Western Africa,Western Africa,Nigeria
C4 Raffinate-1,EMEA,Eurasia,,Eurasia,Azerbaijan
C4 Raffinate-1,EMEA,Eurasia,,Eurasia,Belarus
C4 Raffinate-1,EMEA,Eurasia,,Eurasia,Kazakhstan
C4 Raffinate-1,EMEA,Eurasia,,Eurasia,Other Russia and CIS
C4 Raffinate-1,EMEA,Eurasia,,Eurasia,Russia
C4 Raffinate-1,EMEA,Eurasia,,Eurasia,Turkmenistan
C4 Raffinate-1,EMEA,Eurasia,,Eurasia,Ukraine
C4 Raffinate-1,EMEA,Eurasia,,Eurasia,Uzbekistan
C4 Raffinate-1,EMEA,Europe,Eastern Europe,Eastern Europe,Bulgaria
C4 Raffinate-1,EMEA,Europe,Eastern Europe,Eastern Europe,Czechia
C4 Raffinate-1,EMEA,Europe,Eastern Europe,Eastern Europe,Hungary
C4 Raffinate-1,EMEA,Europe,Eastern Europe,Eastern Europe,Poland
C4 Raffinate-1,EMEA,Europe,Eastern Europe,Eastern Europe,Romania
C4 Raffinate-1,EMEA,Europe,Eastern Europe,Eastern Europe,Slovakia
C4 Raffinate-1,EMEA,Europe,Northern Europe,Northern Europe,Denmark
C4 Raffinate-1,EMEA,Europe,Northern Europe,Northern Europe,Estonia
C4 Raffinate-1,EMEA,Europe,Northern Europe,Northern Europe,Finland
C4 Raffinate-1,EMEA,Europe,Northern Europe,Northern Europe,Latvia
C4 Raffinate-1,EMEA,Europe,Northern Europe,Northern Europe,Lithuania
C4 Raffinate-1,EMEA,Europe,Northern Europe,Northern Europe,Norway
C4 Raffinate-1,EMEA,Europe,Northern Europe,Northern Europe,Sweden
C4 Raffinate-1,EMEA,Europe,Northern Europe,Northern Europe,United Kingdom
C4 Raffinate-1,EMEA,Europe,Other Central and Eastern Europe (Region),Other Central and Eastern Europe (Region),Other Central and Eastern Europe (Country)
C4 Raffinate-1,EMEA,Europe,Southern Europe,Southern Europe,Croatia
C4 Raffinate-1,EMEA,Europe,Southern Europe,Southern Europe,Greece
C4 Raffinate-1,EMEA,Europe,Southern Europe,Southern Europe,Italy
C4 Raffinate-1,EMEA,Europe,Southern Europe,Southern Europe,Portugal
C4 Raffinate-1,EMEA,Europe,Southern Europe,Southern Europe,Serbia
C4 Raffinate-1,EMEA,Europe,Southern Europe,Southern Europe,Slovenia
C4 Raffinate-1,EMEA,Europe,Southern Europe,Southern Europe,Spain
C4 Raffinate-1,EMEA,Europe,Southern Europe,Southern Europe,Turkey
C4 Raffinate-1,EMEA,Europe,Western Europe,Western Europe,Austria
C4 Raffinate-1,EMEA,Europe,Western Europe,Western Europe,Belgium
C4 Raffinate-1,EMEA,Europe,Western Europe,Western Europe,France
C4 Raffinate-1,EMEA,Europe,Western Europe,Western Europe,Germany
C4 Raffinate-1,EMEA,Europe,Western Europe,Western Europe,Netherlands
C4 Raffinate-1,EMEA,Europe,Western Europe,Western Europe,Other Western Europe
C4 Raffinate-1,EMEA,Europe,Western Europe,Western Europe,Switzerland
C4 Raffinate-1,EMEA,Middle East,,Middle East,Bahrain
C4 Raffinate-1,EMEA,Middle East,,Middle East,Iran
C4 Raffinate-1,EMEA,Middle East,,Middle East,Iraq
C4 Raffinate-1,EMEA,Middle East,,Middle East,Israel
C4 Raffinate-1,EMEA,Middle East,,Middle East,Kuwait
C4 Raffinate-1,EMEA,Middle East,,Middle East,Oman
C4 Raffinate-1,EMEA,Middle East,,Middle East,Other Middle East
C4 Raffinate-1,EMEA,Middle East,,Middle East,Qatar
C4 Raffinate-1,EMEA,Middle East,,Middle East,Saudi Arabia
C4 Raffinate-1,EMEA,Middle East,,Middle East,United Arab Emirates
C4 Raffinate-2,AMER,Latin America and the Caribbean,Caribbean,Caribbean,Trinidad and Tobago
C4 Raffinate-2,AMER,Latin America and the Caribbean,Central America,Central America,Mexico
C4 Raffinate-2,AMER,Latin America and the Caribbean,Other Central and South America (Region),Other Central and South America (Region),Other Central and South America (Country)
C4 Raffinate-2,AMER,Latin America and the Caribbean,South America,South America,Argentina
C4 Raffinate-2,AMER,Latin America and the Caribbean,South America,South America,Bolivia
C4 Raffinate-2,AMER,Latin America and the Caribbean,South America,South America,Brazil
C4 Raffinate-2,AMER,Latin America and the Caribbean,South America,South America,Chile
C4 Raffinate-2,AMER,Latin America and the Caribbean,South America,South America,Colombia
C4 Raffinate-2,AMER,Latin America and the Caribbean,South America,South America,Ecuador
C4 Raffinate-2,AMER,Latin America and the Caribbean,South America,South America,Paraguay
C4 Raffinate-2,AMER,Latin America and the Caribbean,South America,South America,Peru
C4 Raffinate-2,AMER,Latin America and the Caribbean,South America,South America,Uruguay
C4 Raffinate-2,AMER,Latin America and the Caribbean,South America,South America,Venezuela
C4 Raffinate-2,AMER,North America,,North America,Canada
C4 Raffinate-2,AMER,North America,,North America,Other North America
C4 Raffinate-2,AMER,North America,,North America,United States
C4 Raffinate-2,APAC,Asia,Eastern Asia,Eastern Asia,China
C4 Raffinate-2,APAC,Asia,Eastern Asia,Eastern Asia,Hong Kong
C4 Raffinate-2,APAC,Asia,Eastern Asia,Eastern Asia,Japan
C4 Raffinate-2,APAC,Asia,Eastern Asia,Eastern Asia,Macao
C4 Raffinate-2,APAC,Asia,Eastern Asia,Eastern Asia,Other Northeast Asia ex China
C4 Raffinate-2,APAC,Asia,Eastern Asia,Eastern Asia,South Korea
C4 Raffinate-2,APAC,Asia,Eastern Asia,Eastern Asia,Taiwan
C4 Raffinate-2,APAC,Asia,South-eastern Asia,South-eastern Asia,Brunei Darussalam
C4 Raffinate-2,APAC,Asia,South-eastern Asia,South-eastern Asia,Indonesia
C4 Raffinate-2,APAC,Asia,South-eastern Asia,South-eastern Asia,Malaysia
C4 Raffinate-2,APAC,Asia,South-eastern Asia,South-eastern Asia,Myanmar
C4 Raffinate-2,APAC,Asia,South-eastern Asia,South-eastern Asia,Other Southeast Asia
C4 Raffinate-2,APAC,Asia,South-eastern Asia,South-eastern Asia,Philippines
C4 Raffinate-2,APAC,Asia,South-eastern Asia,South-eastern Asia,Singapore
C4 Raffinate-2,APAC,Asia,South-eastern Asia,South-eastern Asia,Thailand
C4 Raffinate-2,APAC,Asia,South-eastern Asia,South-eastern Asia,Vietnam
C4 Raffinate-2,APAC,Asia,Southern Asia,Southern Asia,Bangladesh
C4 Raffinate-2,APAC,Asia,Southern Asia,Southern Asia,India
C4 Raffinate-2,APAC,Asia,Southern Asia,Southern Asia,Other South Asia
C4 Raffinate-2,APAC,Asia,Southern Asia,Southern Asia,Pakistan
C4 Raffinate-2,APAC,Asia,Southern Asia,Southern Asia,Sri Lanka
C4 Raffinate-2,APAC,Oceania,Australia and New Zealand,Australia and New Zealand,Australia
C4 Raffinate-2,APAC,Oceania,Australia and New Zealand,Australia and New Zealand,New Zealand
C4 Raffinate-2,EMEA,Africa,Central Africa,Central Africa,Angola
C4 Raffinate-2,EMEA,Africa,Central Africa,Central Africa,Cameroon
C4 Raffinate-2,EMEA,Africa,Central Africa,Central Africa,Equatorial Guinea
C4 Raffinate-2,EMEA,Africa,Central Africa,Central Africa,Republic of the Congo
C4 Raffinate-2,EMEA,Africa,Eastern Africa,Eastern Africa,Ethiopia
C4 Raffinate-2,EMEA,Africa,Eastern Africa,Eastern Africa,Kenya
C4 Raffinate-2,EMEA,Africa,Eastern Africa,Eastern Africa,Tanzania
C4 Raffinate-2,EMEA,Africa,Eastern Africa,Eastern Africa,Uganda
C4 Raffinate-2,EMEA,Africa,Northern Africa,Northern Africa,Algeria
C4 Raffinate-2,EMEA,Africa,Northern Africa,Northern Africa,Egypt
C4 Raffinate-2,EMEA,Africa,Northern Africa,Northern Africa,Libya
C4 Raffinate-2,EMEA,Africa,Northern Africa,Northern Africa,Morocco
C4 Raffinate-2,EMEA,Africa,Northern Africa,Northern Africa,Tunisia
C4 Raffinate-2,EMEA,Africa,Other Africa (Region),Other Africa (Region),Other Africa (Country)
C4 Raffinate-2,EMEA,Africa,Southern Africa,Southern Africa,Mozambique
C4 Raffinate-2,EMEA,Africa,Southern Africa,Southern Africa,South Africa
C4 Raffinate-2,EMEA,Africa,Western Africa,Western Africa,Ghana
C4 Raffinate-2,EMEA,Africa,Western Africa,Western Africa,Nigeria
C4 Raffinate-2,EMEA,Eurasia,,Eurasia,Azerbaijan
C4 Raffinate-2,EMEA,Eurasia,,Eurasia,Belarus
C4 Raffinate-2,EMEA,Eurasia,,Eurasia,Kazakhstan
C4 Raffinate-2,EMEA,Eurasia,,Eurasia,Other Russia and CIS
C4 Raffinate-2,EMEA,Eurasia,,Eurasia,Russia
C4 Raffinate-2,EMEA,Eurasia,,Eurasia,Turkmenistan
C4 Raffinate-2,EMEA,Eurasia,,Eurasia,Ukraine
C4 Raffinate-2,EMEA,Eurasia,,Eurasia,Uzbekistan
C4 Raffinate-2,EMEA,Europe,Eastern Europe,Eastern Europe,Bulgaria
C4 Raffinate-2,EMEA,Europe,Eastern Europe,Eastern Europe,Czechia
C4 Raffinate-2,EMEA,Europe,Eastern Europe,Eastern Europe,Hungary
C4 Raffinate-2,EMEA,Europe,Eastern Europe,Eastern Europe,Poland
C4 Raffinate-2,EMEA,Europe,Eastern Europe,Eastern Europe,Romania
C4 Raffinate-2,EMEA,Europe,Eastern Europe,Eastern Europe,Slovakia
C4 Raffinate-2,EMEA,Europe,Northern Europe,Northern Europe,Denmark
C4 Raffinate-2,EMEA,Europe,Northern Europe,Northern Europe,Estonia
C4 Raffinate-2,EMEA,Europe,Northern Europe,Northern Europe,Finland
C4 Raffinate-2,EMEA,Europe,Northern Europe,Northern Europe,Latvia
C4 Raffinate-2,EMEA,Europe,Northern Europe,Northern Europe,Lithuania
C4 Raffinate-2,EMEA,Europe,Northern Europe,Northern Europe,Norway
C4 Raffinate-2,EMEA,Europe,Northern Europe,Northern Europe,Sweden
C4 Raffinate-2,EMEA,Europe,Northern Europe,Northern Europe,United Kingdom
C4 Raffinate-2,EMEA,Europe,Other Central and Eastern Europe (Region),Other Central and Eastern Europe (Region),Other Central and Eastern Europe (Country)
C4 Raffinate-2,EMEA,Europe,Southern Europe,Southern Europe,Croatia
C4 Raffinate-2,EMEA,Europe,Southern Europe,Southern Europe,Greece
C4 Raffinate-2,EMEA,Europe,Southern Europe,Southern Europe,Italy
C4 Raffinate-2,EMEA,Europe,Southern Europe,Southern Europe,Portugal
C4 Raffinate-2,EMEA,Europe,Southern Europe,Southern Europe,Serbia
C4 Raffinate-2,EMEA,Europe,Southern Europe,Southern Europe,Slovenia
C4 Raffinate-2,EMEA,Europe,Southern Europe,Southern Europe,Spain
C4 Raffinate-2,EMEA,Europe,Southern Europe,Southern Europe,Turkey
C4 Raffinate-2,EMEA,Europe,Western Europe,Western Europe,Austria
C4 Raffinate-2,EMEA,Europe,Western Europe,Western Europe,Belgium
C4 Raffinate-2,EMEA,Europe,Western Europe,Western Europe,France
C4 Raffinate-2,EMEA,Europe,Western Europe,Western Europe,Germany
C4 Raffinate-2,EMEA,Europe,Western Europe,Western Europe,Netherlands
C4 Raffinate-2,EMEA,Europe,Western Europe,Western Europe,Other Western Europe
C4 Raffinate-2,EMEA,Europe,Western Europe,Western Europe,Switzerland
C4 Raffinate-2,EMEA,Middle East,,Middle East,Bahrain
C4 Raffinate-2,EMEA,Middle East,,Middle East,Iran
C4 Raffinate-2,EMEA,Middle East,,Middle East,Iraq
C4 Raffinate-2,EMEA,Middle East,,Middle East,Israel
C4 Raffinate-2,EMEA,Middle East,,Middle East,Kuwait
C4 Raffinate-2,EMEA,Middle East,,Middle East,Oman
C4 Raffinate-2,EMEA,Middle East,,Middle East,Other Middle East
C4 Raffinate-2,EMEA,Middle East,,Middle East,Qatar
C4 Raffinate-2,EMEA,Middle East,,Middle East,Saudi Arabia
C4 Raffinate-2,EMEA,Middle East,,Middle East,United Arab Emirates
Caprolactam,AMER,Latin America and the Caribbean,Caribbean,Caribbean,Trinidad and Tobago
Caprolactam,AMER,Latin America and the Caribbean,Central America,Central America,Mexico
Caprolactam,AMER,Latin America and the Caribbean,Other Central and South America (Region),Other Central and South America (Region),Other Central and South America (Country)
Caprolactam,AMER,Latin America and the Caribbean,South America,South America,Argentina
Caprolactam,AMER,Latin America and the Caribbean,South America,South America,Bolivia
Caprolactam,AMER,Latin America and the Caribbean,South America,South America,Brazil
Caprolactam,AMER,Latin America and the Caribbean,South America,South America,Chile
Caprolactam,AMER,Latin America and the Caribbean,South America,South America,Colombia
Caprolactam,AMER,Latin America and the Caribbean,South America,South America,Ecuador
Caprolactam,AMER,Latin America and the Caribbean,South America,South America,Paraguay
Caprolactam,AMER,Latin America and the Caribbean,South America,South America,Peru
Caprolactam,AMER,Latin America and the Caribbean,South America,South America,Uruguay
Caprolactam,AMER,Latin America and the Caribbean,South America,South America,Venezuela
Caprolactam,AMER,North America,,North America,Canada
Caprolactam,AMER,North America,,North America,Other North America
Caprolactam,AMER,North America,,North America,United States
Caprolactam,APAC,Asia,Eastern Asia,Eastern Asia,China
Caprolactam,APAC,Asia,Eastern Asia,Eastern Asia,Hong Kong
Caprolactam,APAC,Asia,Eastern Asia,Eastern Asia,Japan
Caprolactam,APAC,Asia,Eastern Asia,Eastern Asia,Macao
Caprolactam,APAC,Asia,Eastern Asia,Eastern Asia,Other Northeast Asia ex China
Caprolactam,APAC,Asia,Eastern Asia,Eastern Asia,South Korea
Caprolactam,APAC,Asia,Eastern Asia,Eastern Asia,Taiwan
Caprolactam,APAC,Asia,South-eastern Asia,South-eastern Asia,Brunei Darussalam
Caprolactam,APAC,Asia,South-eastern Asia,South-eastern Asia,Indonesia
Caprolactam,APAC,Asia,South-eastern Asia,South-eastern Asia,Malaysia
Caprolactam,APAC,Asia,South-eastern Asia,South-eastern Asia,Myanmar
Caprolactam,APAC,Asia,South-eastern Asia,South-eastern Asia,Other Southeast Asia
Caprolactam,APAC,Asia,South-eastern Asia,South-eastern Asia,Philippines
Caprolactam,APAC,Asia,South-eastern Asia,South-eastern Asia,Singapore
Caprolactam,APAC,Asia,South-eastern Asia,South-eastern Asia,Thailand
Caprolactam,APAC,Asia,South-eastern Asia,South-eastern Asia,Vietnam
Caprolactam,APAC,Asia,Southern Asia,Southern Asia,Bangladesh
Caprolactam,APAC,Asia,Southern Asia,Southern Asia,India
Caprolactam,APAC,Asia,Southern Asia,Southern Asia,Other South Asia
Caprolactam,APAC,Asia,Southern Asia,Southern Asia,Pakistan
Caprolactam,APAC,Asia,Southern Asia,Southern Asia,Sri Lanka
Caprolactam,APAC,Oceania,Australia and New Zealand,Australia and New Zealand,Australia
Caprolactam,APAC,Oceania,Australia and New Zealand,Australia and New Zealand,New Zealand
Caprolactam,EMEA,Africa,Central Africa,Central Africa,Angola
Caprolactam,EMEA,Africa,Central Africa,Central Africa,Cameroon
Caprolactam,EMEA,Africa,Central Africa,Central Africa,Equatorial Guinea
Caprolactam,EMEA,Africa,Central Africa,Central Africa,Republic of the Congo
Caprolactam,EMEA,Africa,Eastern Africa,Eastern Africa,Ethiopia
Caprolactam,EMEA,Africa,Eastern Africa,Eastern Africa,Kenya
Caprolactam,EMEA,Africa,Eastern Africa,Eastern Africa,Tanzania
Caprolactam,EMEA,Africa,Eastern Africa,Eastern Africa,Uganda
Caprolactam,EMEA,Africa,Northern Africa,Northern Africa,Algeria
Caprolactam,EMEA,Africa,Northern Africa,Northern Africa,Egypt
Caprolactam,EMEA,Africa,Northern Africa,Northern Africa,Libya
Caprolactam,EMEA,Africa,Northern Africa,Northern Africa,Morocco
Caprolactam,EMEA,Africa,Northern Africa,Northern Africa,Tunisia
Caprolactam,EMEA,Africa,Other Africa (Region),Other Africa (Region),Other Africa (Country)
Caprolactam,EMEA,Africa,Southern Africa,Southern Africa,Mozambique
Caprolactam,EMEA,Africa,Southern Africa,Southern Africa,South Africa
Caprolactam,EMEA,Africa,Western Africa,Western Africa,Ghana
Caprolactam,EMEA,Africa,Western Africa,Western Africa,Nigeria
Caprolactam,EMEA,Eurasia,,Eurasia,Azerbaijan
Caprolactam,EMEA,Eurasia,,Eurasia,Belarus
Caprolactam,EMEA,Eurasia,,Eurasia,Kazakhstan
Caprolactam,EMEA,Eurasia,,Eurasia,Other Russia and CIS
Caprolactam,EMEA,Eurasia,,Eurasia,Russia
Caprolactam,EMEA,Eurasia,,Eurasia,Turkmenistan
Caprolactam,EMEA,Eurasia,,Eurasia,Ukraine
Caprolactam,EMEA,Eurasia,,Eurasia,Uzbekistan
Caprolactam,EMEA,Europe,Eastern Europe,Eastern Europe,Bulgaria
Caprolactam,EMEA,Europe,Eastern Europe,Eastern Europe,Czechia
Caprolactam,EMEA,Europe,Eastern Europe,Eastern Europe,Hungary
Caprolactam,EMEA,Europe,Eastern Europe,Eastern Europe,Poland
Caprolactam,EMEA,Europe,Eastern Europe,Eastern Europe,Romania
Caprolactam,EMEA,Europe,Eastern Europe,Eastern Europe,Slovakia
Caprolactam,EMEA,Europe,Northern Europe,Northern Europe,Denmark
Caprolactam,EMEA,Europe,Northern Europe,Northern Europe,Estonia
Caprolactam,EMEA,Europe,Northern Europe,Northern Europe,Finland
Caprolactam,EMEA,Europe,Northern Europe,Northern Europe,Latvia
Caprolactam,EMEA,Europe,Northern Europe,Northern Europe,Lithuania
Caprolactam,EMEA,Europe,Northern Europe,Northern Europe,Norway
Caprolactam,EMEA,Europe,Northern Europe,Northern Europe,Sweden
Caprolactam,EMEA,Europe,Northern Europe,Northern Europe,United Kingdom
Caprolactam,EMEA,Europe,Other Central and Eastern Europe (Region),Other Central and Eastern Europe (Region),Other Central and Eastern Europe (Country)
Caprolactam,EMEA,Europe,Southern Europe,Southern Europe,Croatia
Caprolactam,EMEA,Europe,Southern Europe,Southern Europe,Greece
Caprolactam,EMEA,Europe,Southern Europe,Southern Europe,Italy
Caprolactam,EMEA,Europe,Southern Europe,Southern Europe,Portugal
Caprolactam,EMEA,Europe,Southern Europe,Southern Europe,Serbia
Caprolactam,EMEA,Europe,Southern Europe,Southern Europe,Slovenia
Caprolactam,EMEA,Europe,Southern Europe,Southern Europe,Spain
Caprolactam,EMEA,Europe,Southern Europe,Southern Europe,Turkey
Caprolactam,EMEA,Europe,Western Europe,Western Europe,Austria
Caprolactam,EMEA,Europe,Western Europe,Western Europe,Belgium
Caprolactam,EMEA,Europe,Western Europe,Western Europe,France
Caprolactam,EMEA,Europe,Western Europe,Western Europe,Germany
Caprolactam,EMEA,Europe,Western Europe,Western Europe,Netherlands
Caprolactam,EMEA,Europe,Western Europe,Western Europe,Other Western Europe
Caprolactam,EMEA,Europe,Western Europe,Western Europe,Switzerland
Caprolactam,EMEA,Middle East,,Middle East,Bahrain
Caprolactam,EMEA,Middle East,,Middle East,Iran
Caprolactam,EMEA,Middle East,,Middle East,Iraq
Caprolactam,EMEA,Middle East,,Middle East,Israel
Caprolactam,EMEA,Middle East,,Middle East,Kuwait
Caprolactam,EMEA,Middle East,,Middle East,Oman
Caprolactam,EMEA,Middle East,,Middle East,Other Middle East
Caprolactam,EMEA,Middle East,,Middle East,Qatar
Caprolactam,EMEA,Middle East,,Middle East,Saudi Arabia
Caprolactam,EMEA,Middle East,,Middle East,United Arab Emirates
Caustic Soda,AMER,Latin America and the Caribbean,Caribbean,Caribbean,Trinidad and Tobago
Caustic Soda,AMER,Latin America and the Caribbean,Central America,Central America,Mexico
Caustic Soda,AMER,Latin America and the Caribbean,Other Central and South America (Region),Other Central and South America (Region),Other Central and South America (Country)
Caustic Soda,AMER,Latin America and the Caribbean,South America,South America,Argentina
Caustic Soda,AMER,Latin America and the Caribbean,South America,South America,Bolivia
Caustic Soda,AMER,Latin America and the Caribbean,South America,South America,Brazil
Caustic Soda,AMER,Latin America and the Caribbean,South America,South America,Chile
Caustic Soda,AMER,Latin America and the Caribbean,South America,South America,Colombia
Caustic Soda,AMER,Latin America and the Caribbean,South America,South America,Ecuador
Caustic Soda,AMER,Latin America and the Caribbean,South America,South America,Paraguay
Caustic Soda,AMER,Latin America and the Caribbean,South America,South America,Peru
Caustic Soda,AMER,Latin America and the Caribbean,South America,South America,Uruguay
Caustic Soda,AMER,Latin America and the Caribbean,South America,South America,Venezuela
Caustic Soda,AMER,North America,,North America,Canada
Caustic Soda,AMER,North America,,North America,Other North America
Caustic Soda,AMER,North America,,North America,United States
Caustic Soda,APAC,Asia,Eastern Asia,Eastern Asia,China
Caustic Soda,APAC,Asia,Eastern Asia,Eastern Asia,Hong Kong
Caustic Soda,APAC,Asia,Eastern Asia,Eastern Asia,Japan
Caustic Soda,APAC,Asia,Eastern Asia,Eastern Asia,Macao
Caustic Soda,APAC,Asia,Eastern Asia,Eastern Asia,Other Northeast Asia ex China
Caustic Soda,APAC,Asia,Eastern Asia,Eastern Asia,South Korea
Caustic Soda,APAC,Asia,Eastern Asia,Eastern Asia,Taiwan
Caustic Soda,APAC,Asia,South-eastern Asia,South-eastern Asia,Brunei Darussalam
Caustic Soda,APAC,Asia,South-eastern Asia,South-eastern Asia,Indonesia
Caustic Soda,APAC,Asia,South-eastern Asia,South-eastern Asia,Malaysia
Caustic Soda,APAC,Asia,South-eastern Asia,South-eastern Asia,Myanmar
Caustic Soda,APAC,Asia,South-eastern Asia,South-eastern Asia,Other Southeast Asia
Caustic Soda,APAC,Asia,South-eastern Asia,South-eastern Asia,Philippines
Caustic Soda,APAC,Asia,South-eastern Asia,South-eastern Asia,Singapore
Caustic Soda,APAC,Asia,South-eastern Asia,South-eastern Asia,Thailand
Caustic Soda,APAC,Asia,South-eastern Asia,South-eastern Asia,Vietnam
Caustic Soda,APAC,Asia,Southern Asia,Southern Asia,Bangladesh
Caustic Soda,APAC,Asia,Southern Asia,Southern Asia,India
Caustic Soda,APAC,Asia,Southern Asia,Southern Asia,Other South Asia
Caustic Soda,APAC,Asia,Southern Asia,Southern Asia,Pakistan
Caustic Soda,APAC,Asia,Southern Asia,Southern Asia,Sri Lanka
Caustic Soda,APAC,Oceania,Australia and New Zealand,Australia and New Zealand,Australia
Caustic Soda,APAC,Oceania,Australia and New Zealand,Australia and New Zealand,New Zealand
Caustic Soda,EMEA,Africa,Central Africa,Central Africa,Angola
Caustic Soda,EMEA,Africa,Central Africa,Central Africa,Cameroon
Caustic Soda,EMEA,Africa,Central Africa,Central Africa,Equatorial Guinea
Caustic Soda,EMEA,Africa,Central Africa,Central Africa,Republic of the Congo
Caustic Soda,EMEA,Africa,Eastern Africa,Eastern Africa,Ethiopia
Caustic Soda,EMEA,Africa,Eastern Africa,Eastern Africa,Kenya
Caustic Soda,EMEA,Africa,Eastern Africa,Eastern Africa,Tanzania
Caustic Soda,EMEA,Africa,Eastern Africa,Eastern Africa,Uganda
Caustic Soda,EMEA,Africa,Northern Africa,Northern Africa,Algeria
Caustic Soda,EMEA,Africa,Northern Africa,Northern Africa,Egypt
Caustic Soda,EMEA,Africa,Northern Africa,Northern Africa,Libya
Caustic Soda,EMEA,Africa,Northern Africa,Northern Africa,Morocco
Caustic Soda,EMEA,Africa,Northern Africa,Northern Africa,Tunisia
Caustic Soda,EMEA,Africa,Other Africa (Region),Other Africa (Region),Other Africa (Country)
Caustic Soda,EMEA,Africa,Southern Africa,Southern Africa,Mozambique
Caustic Soda,EMEA,Africa,Southern Africa,Southern Africa,South Africa
Caustic Soda,EMEA,Africa,Western Africa,Western Africa,Ghana
Caustic Soda,EMEA,Africa,Western Africa,Western Africa,Nigeria
Caustic Soda,EMEA,Eurasia,,Eurasia,Azerbaijan
Caustic Soda,EMEA,Eurasia,,Eurasia,Belarus
Caustic Soda,EMEA,Eurasia,,Eurasia,Kazakhstan
Caustic Soda,EMEA,Eurasia,,Eurasia,Other Russia and CIS
Caustic Soda,EMEA,Eurasia,,Eurasia,Russia
Caustic Soda,EMEA,Eurasia,,Eurasia,Turkmenistan
Caustic Soda,EMEA,Eurasia,,Eurasia,Ukraine
Caustic Soda,EMEA,Eurasia,,Eurasia,Uzbekistan
Caustic Soda,EMEA,Europe,Eastern Europe,Eastern Europe,Bulgaria
Caustic Soda,EMEA,Europe,Eastern Europe,Eastern Europe,Czechia
Caustic Soda,EMEA,Europe,Eastern Europe,Eastern Europe,Hungary
Caustic Soda,EMEA,Europe,Eastern Europe,Eastern Europe,Poland
Caustic Soda,EMEA,Europe,Eastern Europe,Eastern Europe,Romania
Caustic Soda,EMEA,Europe,Eastern Europe,Eastern Europe,Slovakia
Caustic Soda,EMEA,Europe,Northern Europe,Northern Europe,Denmark
Caustic Soda,EMEA,Europe,Northern Europe,Northern Europe,Estonia
Caustic Soda,EMEA,Europe,Northern Europe,Northern Europe,Finland
Caustic Soda,EMEA,Europe,Northern Europe,Northern Europe,Latvia
Caustic Soda,EMEA,Europe,Northern Europe,Northern Europe,Lithuania
Caustic Soda,EMEA,Europe,Northern Europe,Northern Europe,Norway
Caustic Soda,EMEA,Europe,Northern Europe,Northern Europe,Sweden
Caustic Soda,EMEA,Europe,Northern Europe,Northern Europe,United Kingdom
Caustic Soda,EMEA,Europe,Other Central and Eastern Europe (Region),Other Central and Eastern Europe (Region),Other Central and Eastern Europe (Country)
Caustic Soda,EMEA,Europe,Southern Europe,Southern Europe,Croatia
Caustic Soda,EMEA,Europe,Southern Europe,Southern Europe,Greece
Caustic Soda,EMEA,Europe,Southern Europe,Southern Europe,Italy
Caustic Soda,EMEA,Europe,Southern Europe,Southern Europe,Portugal
Caustic Soda,EMEA,Europe,Southern Europe,Southern Europe,Serbia
Caustic Soda,EMEA,Europe,Southern Europe,Southern Europe,Slovenia
Caustic Soda,EMEA,Europe,Southern Europe,Southern Europe,Spain
Caustic Soda,EMEA,Europe,Southern Europe,Southern Europe,Turkey
Caustic Soda,EMEA,Europe,Western Europe,Western Europe,Austria
Caustic Soda,EMEA,Europe,Western Europe,Western Europe,Belgium
Caustic Soda,EMEA,Europe,Western Europe,Western Europe,France
Caustic Soda,EMEA,Europe,Western Europe,Western Europe,Germany
Caustic Soda,EMEA,Europe,Western Europe,Western Europe,Netherlands
Caustic Soda,EMEA,Europe,Western Europe,Western Europe,Other Western Europe
Caustic Soda,EMEA,Europe,Western Europe,Western Europe,Switzerland
Caustic Soda,EMEA,Middle East,,Middle East,Bahrain
Caustic Soda,EMEA,Middle East,,Middle East,Iran
Caustic Soda,EMEA,Middle East,,Middle East,Iraq
Caustic Soda,EMEA,Middle East,,Middle East,Israel
Caustic Soda,EMEA,Middle East,,Middle East,Kuwait
Caustic Soda,EMEA,Middle East,,Middle East,Oman
Caustic Soda,EMEA,Middle East,,Middle East,Other Middle East
Caustic Soda,EMEA,Middle East,,Middle East,Qatar
Caustic Soda,EMEA,Middle East,,Middle East,Saudi Arabia
Caustic Soda,EMEA,Middle East,,Middle East,United Arab Emirates
Chlorine,AMER,Latin America and the Caribbean,Caribbean,Caribbean,Trinidad and Tobago
Chlorine,AMER,Latin America and the Caribbean,Central America,Central America,Mexico
Chlorine,AMER,Latin America and the Caribbean,Other Central and South America (Region),Other Central and South America (Region),Other Central and South America (Country)
Chlorine,AMER,Latin America and the Caribbean,South America,South America,Argentina
Chlorine,AMER,Latin America and the Caribbean,South America,South America,Bolivia
Chlorine,AMER,Latin America and the Caribbean,South America,South America,Brazil
Chlorine,AMER,Latin America and the Caribbean,South America,South America,Chile
Chlorine,AMER,Latin America and the Caribbean,South America,South America,Colombia
Chlorine,AMER,Latin America and the Caribbean,South America,South America,Ecuador
Chlorine,AMER,Latin America and the Caribbean,South America,South America,Paraguay
Chlorine,AMER,Latin America and the Caribbean,South America,South America,Peru
Chlorine,AMER,Latin America and the Caribbean,South America,South America,Uruguay
Chlorine,AMER,Latin America and the Caribbean,South America,South America,Venezuela
Chlorine,AMER,North America,,North America,Canada
Chlorine,AMER,North America,,North America,Other North America
Chlorine,AMER,North America,,North America,United States
Chlorine,APAC,Asia,Eastern Asia,Eastern Asia,China
Chlorine,APAC,Asia,Eastern Asia,Eastern Asia,Hong Kong
Chlorine,APAC,Asia,Eastern Asia,Eastern Asia,Japan
Chlorine,APAC,Asia,Eastern Asia,Eastern Asia,Macao
Chlorine,APAC,Asia,Eastern Asia,Eastern Asia,Other Northeast Asia ex China
Chlorine,APAC,Asia,Eastern Asia,Eastern Asia,South Korea
Chlorine,APAC,Asia,Eastern Asia,Eastern Asia,Taiwan
Chlorine,APAC,Asia,South-eastern Asia,South-eastern Asia,Brunei Darussalam
Chlorine,APAC,Asia,South-eastern Asia,South-eastern Asia,Indonesia
Chlorine,APAC,Asia,South-eastern Asia,South-eastern Asia,Malaysia
Chlorine,APAC,Asia,South-eastern Asia,South-eastern Asia,Myanmar
Chlorine,APAC,Asia,South-eastern Asia,South-eastern Asia,Other Southeast Asia
Chlorine,APAC,Asia,South-eastern Asia,South-eastern Asia,Philippines
Chlorine,APAC,Asia,South-eastern Asia,South-eastern Asia,Singapore
Chlorine,APAC,Asia,South-eastern Asia,South-eastern Asia,Thailand
Chlorine,APAC,Asia,South-eastern Asia,South-eastern Asia,Vietnam
Chlorine,APAC,Asia,Southern Asia,Southern Asia,Bangladesh
Chlorine,APAC,Asia,Southern Asia,Southern Asia,India
Chlorine,APAC,Asia,Southern Asia,Southern Asia,Other South Asia
Chlorine,APAC,Asia,Southern Asia,Southern Asia,Pakistan
Chlorine,APAC,Asia,Southern Asia,Southern Asia,Sri Lanka
Chlorine,APAC,Oceania,Australia and New Zealand,Australia and New Zealand,Australia
Chlorine,APAC,Oceania,Australia and New Zealand,Australia and New Zealand,New Zealand
Chlorine,EMEA,Africa,Central Africa,Central Africa,Angola
Chlorine,EMEA,Africa,Central Africa,Central Africa,Cameroon
Chlorine,EMEA,Africa,Central Africa,Central Africa,Equatorial Guinea
Chlorine,EMEA,Africa,Central Africa,Central Africa,Republic of the Congo
Chlorine,EMEA,Africa,Eastern Africa,Eastern Africa,Ethiopia
Chlorine,EMEA,Africa,Eastern Africa,Eastern Africa,Kenya
Chlorine,EMEA,Africa,Eastern Africa,Eastern Africa,Tanzania
Chlorine,EMEA,Africa,Eastern Africa,Eastern Africa,Uganda
Chlorine,EMEA,Africa,Northern Africa,Northern Africa,Algeria
Chlorine,EMEA,Africa,Northern Africa,Northern Africa,Egypt
Chlorine,EMEA,Africa,Northern Africa,Northern Africa,Libya
Chlorine,EMEA,Africa,Northern Africa,Northern Africa,Morocco
Chlorine,EMEA,Africa,Northern Africa,Northern Africa,Tunisia
Chlorine,EMEA,Africa,Other Africa (Region),Other Africa (Region),Other Africa (Country)
Chlorine,EMEA,Africa,Southern Africa,Southern Africa,Mozambique
Chlorine,EMEA,Africa,Southern Africa,Southern Africa,South Africa
Chlorine,EMEA,Africa,Western Africa,Western Africa,Ghana
Chlorine,EMEA,Africa,Western Africa,Western Africa,Nigeria
Chlorine,EMEA,Eurasia,,Eurasia,Azerbaijan
Chlorine,EMEA,Eurasia,,Eurasia,Belarus
Chlorine,EMEA,Eurasia,,Eurasia,Kazakhstan
Chlorine,EMEA,Eurasia,,Eurasia,Other Russia and CIS
Chlorine,EMEA,Eurasia,,Eurasia,Russia
Chlorine,EMEA,Eurasia,,Eurasia,Turkmenistan
Chlorine,EMEA,Eurasia,,Eurasia,Ukraine
Chlorine,EMEA,Eurasia,,Eurasia,Uzbekistan
Chlorine,EMEA,Europe,Eastern Europe,Eastern Europe,Bulgaria
Chlorine,EMEA,Europe,Eastern Europe,Eastern Europe,Czechia
Chlorine,EMEA,Europe,Eastern Europe,Eastern Europe,Hungary
Chlorine,EMEA,Europe,Eastern Europe,Eastern Europe,Poland
Chlorine,EMEA,Europe,Eastern Europe,Eastern Europe,Romania
Chlorine,EMEA,Europe,Eastern Europe,Eastern Europe,Slovakia
Chlorine,EMEA,Europe,Northern Europe,Northern Europe,Denmark
Chlorine,EMEA,Europe,Northern Europe,Northern Europe,Estonia
Chlorine,EMEA,Europe,Northern Europe,Northern Europe,Finland
Chlorine,EMEA,Europe,Northern Europe,Northern Europe,Latvia
Chlorine,EMEA,Europe,Northern Europe,Northern Europe,Lithuania
Chlorine,EMEA,Europe,Northern Europe,Northern Europe,Norway
Chlorine,EMEA,Europe,Northern Europe,Northern Europe,Sweden
Chlorine,EMEA,Europe,Northern Europe,Northern Europe,United Kingdom
Chlorine,EMEA,Europe,Other Central and Eastern Europe (Region),Other Central and Eastern Europe (Region),Other Central and Eastern Europe (Country)
Chlorine,EMEA,Europe,Southern Europe,Southern Europe,Croatia
Chlorine,EMEA,Europe,Southern Europe,Southern Europe,Greece
Chlorine,EMEA,Europe,Southern Europe,Southern Europe,Italy
Chlorine,EMEA,Europe,Southern Europe,Southern Europe,Portugal
Chlorine,EMEA,Europe,Southern Europe,Southern Europe,Serbia
Chlorine,EMEA,Europe,Southern Europe,Southern Europe,Slovenia
Chlorine,EMEA,Europe,Southern Europe,Southern Europe,Spain
Chlorine,EMEA,Europe,Southern Europe,Southern Europe,Turkey
Chlorine,EMEA,Europe,Western Europe,Western Europe,Austria
Chlorine,EMEA,Europe,Western Europe,Western Europe,Belgium
Chlorine,EMEA,Europe,Western Europe,Western Europe,France
Chlorine,EMEA,Europe,Western Europe,Western Europe,Germany
Chlorine,EMEA,Europe,Western Europe,Western Europe,Netherlands
Chlorine,EMEA,Europe,Western Europe,Western Europe,Other Western Europe
Chlorine,EMEA,Europe,Western Europe,Western Europe,Switzerland
Chlorine,EMEA,Middle East,,Middle East,Bahrain
Chlorine,EMEA,Middle East,,Middle East,Iran
Chlorine,EMEA,Middle East,,Middle East,Iraq
Chlorine,EMEA,Middle East,,Middle East,Israel
Chlorine,EMEA,Middle East,,Middle East,Kuwait
Chlorine,EMEA,Middle East,,Middle East,Oman
Chlorine,EMEA,Middle East,,Middle East,Other Middle East
Chlorine,EMEA,Middle East,,Middle East,Qatar
Chlorine,EMEA,Middle East,,Middle East,Saudi Arabia
Chlorine,EMEA,Middle East,,Middle East,United Arab Emirates
Crude C4,AMER,Latin America and the Caribbean,Caribbean,Caribbean,Trinidad and Tobago
Crude C4,AMER,Latin America and the Caribbean,Central America,Central America,Mexico
Crude C4,AMER,Latin America and the Caribbean,Other Central and South America (Region),Other Central and South America (Region),Other Central and South America (Country)
Crude C4,AMER,Latin America and the Caribbean,South America,South America,Argentina
Crude C4,AMER,Latin America and the Caribbean,South America,South America,Bolivia
Crude C4,AMER,Latin America and the Caribbean,South America,South America,Brazil
Crude C4,AMER,Latin America and the Caribbean,South America,South America,Chile
Crude C4,AMER,Latin America and the Caribbean,South America,South America,Colombia
Crude C4,AMER,Latin America and the Caribbean,South America,South America,Ecuador
Crude C4,AMER,Latin America and the Caribbean,South America,South America,Paraguay
Crude C4,AMER,Latin America and the Caribbean,South America,South America,Peru
Crude C4,AMER,Latin America and the Caribbean,South America,South America,Uruguay
Crude C4,AMER,Latin America and the Caribbean,South America,South America,Venezuela
Crude C4,AMER,North America,,North America,Canada
Crude C4,AMER,North America,,North America,Other North America
Crude C4,AMER,North America,,North America,United States
Crude C4,APAC,Asia,Eastern Asia,Eastern Asia,China
Crude C4,APAC,Asia,Eastern Asia,Eastern Asia,Hong Kong
Crude C4,APAC,Asia,Eastern Asia,Eastern Asia,Japan
Crude C4,APAC,Asia,Eastern Asia,Eastern Asia,Macao
Crude C4,APAC,Asia,Eastern Asia,Eastern Asia,Other Northeast Asia ex China
Crude C4,APAC,Asia,Eastern Asia,Eastern Asia,South Korea
Crude C4,APAC,Asia,Eastern Asia,Eastern Asia,Taiwan
Crude C4,APAC,Asia,South-eastern Asia,South-eastern Asia,Brunei Darussalam
Crude C4,APAC,Asia,South-eastern Asia,South-eastern Asia,Indonesia
Crude C4,APAC,Asia,South-eastern Asia,South-eastern Asia,Malaysia
Crude C4,APAC,Asia,South-eastern Asia,South-eastern Asia,Myanmar
Crude C4,APAC,Asia,South-eastern Asia,South-eastern Asia,Other Southeast Asia
Crude C4,APAC,Asia,South-eastern Asia,South-eastern Asia,Philippines
Crude C4,APAC,Asia,South-eastern Asia,South-eastern Asia,Singapore
Crude C4,APAC,Asia,South-eastern Asia,South-eastern Asia,Thailand
Crude C4,APAC,Asia,South-eastern Asia,South-eastern Asia,Vietnam
Crude C4,APAC,Asia,Southern Asia,Southern Asia,Bangladesh
Crude C4,APAC,Asia,Southern Asia,Southern Asia,India
Crude C4,APAC,Asia,Southern Asia,Southern Asia,Other South Asia
Crude C4,APAC,Asia,Southern Asia,Southern Asia,Pakistan
Crude C4,APAC,Asia,Southern Asia,Southern Asia,Sri Lanka
Crude C4,APAC,Oceania,Australia and New Zealand,Australia and New Zealand,Australia
Crude C4,APAC,Oceania,Australia and New Zealand,Australia and New Zealand,New Zealand
Crude C4,EMEA,Africa,Central Africa,Central Africa,Angola
Crude C4,EMEA,Africa,Central Africa,Central Africa,Cameroon
Crude C4,EMEA,Africa,Central Africa,Central Africa,Equatorial Guinea
Crude C4,EMEA,Africa,Central Africa,Central Africa,Republic of the Congo
Crude C4,EMEA,Africa,Eastern Africa,Eastern Africa,Ethiopia
Crude C4,EMEA,Africa,Eastern Africa,Eastern Africa,Kenya
Crude C4,EMEA,Africa,Eastern Africa,Eastern Africa,Tanzania
Crude C4,EMEA,Africa,Eastern Africa,Eastern Africa,Uganda
Crude C4,EMEA,Africa,Northern Africa,Northern Africa,Algeria
Crude C4,EMEA,Africa,Northern Africa,Northern Africa,Egypt
Crude C4,EMEA,Africa,Northern Africa,Northern Africa,Libya
Crude C4,EMEA,Africa,Northern Africa,Northern Africa,Morocco
Crude C4,EMEA,Africa,Northern Africa,Northern Africa,Tunisia
Crude C4,EMEA,Africa,Other Africa (Region),Other Africa (Region),Other Africa (Country)
Crude C4,EMEA,Africa,Southern Africa,Southern Africa,Mozambique
Crude C4,EMEA,Africa,Southern Africa,Southern Africa,South Africa
Crude C4,EMEA,Africa,Western Africa,Western Africa,Ghana
Crude C4,EMEA,Africa,Western Africa,Western Africa,Nigeria
Crude C4,EMEA,Eurasia,,Eurasia,Azerbaijan
Crude C4,EMEA,Eurasia,,Eurasia,Belarus
Crude C4,EMEA,Eurasia,,Eurasia,Kazakhstan
Crude C4,EMEA,Eurasia,,Eurasia,Other Russia and CIS
Crude C4,EMEA,Eurasia,,Eurasia,Russia
Crude C4,EMEA,Eurasia,,Eurasia,Turkmenistan
Crude C4,EMEA,Eurasia,,Eurasia,Ukraine
Crude C4,EMEA,Eurasia,,Eurasia,Uzbekistan
Crude C4,EMEA,Europe,Eastern Europe,Eastern Europe,Bulgaria
Crude C4,EMEA,Europe,Eastern Europe,Eastern Europe,Czechia
Crude C4,EMEA,Europe,Eastern Europe,Eastern Europe,Hungary
Crude C4,EMEA,Europe,Eastern Europe,Eastern Europe,Poland
Crude C4,EMEA,Europe,Eastern Europe,Eastern Europe,Romania
Crude C4,EMEA,Europe,Eastern Europe,Eastern Europe,Slovakia
Crude C4,EMEA,Europe,Northern Europe,Northern Europe,Denmark
Crude C4,EMEA,Europe,Northern Europe,Northern Europe,Estonia
Crude C4,EMEA,Europe,Northern Europe,Northern Europe,Finland
Crude C4,EMEA,Europe,Northern Europe,Northern Europe,Latvia
Crude C4,EMEA,Europe,Northern Europe,Northern Europe,Lithuania
Crude C4,EMEA,Europe,Northern Europe,Northern Europe,Norway
Crude C4,EMEA,Europe,Northern Europe,Northern Europe,Sweden
Crude C4,EMEA,Europe,Northern Europe,Northern Europe,United Kingdom
Crude C4,EMEA,Europe,Other Central and Eastern Europe (Region),Other Central and Eastern Europe (Region),Other Central and Eastern Europe (Country)
Crude C4,EMEA,Europe,Southern Europe,Southern Europe,Croatia
Crude C4,EMEA,Europe,Southern Europe,Southern Europe,Greece
Crude C4,EMEA,Europe,Southern Europe,Southern Europe,Italy
Crude C4,EMEA,Europe,Southern Europe,Southern Europe,Portugal
Crude C4,EMEA,Europe,Southern Europe,Southern Europe,Serbia
Crude C4,EMEA,Europe,Southern Europe,Southern Europe,Slovenia
Crude C4,EMEA,Europe,Southern Europe,Southern Europe,Spain
Crude C4,EMEA,Europe,Southern Europe,Southern Europe,Turkey
Crude C4,EMEA,Europe,Western Europe,Western Europe,Austria
Crude C4,EMEA,Europe,Western Europe,Western Europe,Belgium
Crude C4,EMEA,Europe,Western Europe,Western Europe,France
Crude C4,EMEA,Europe,Western Europe,Western Europe,Germany
Crude C4,EMEA,Europe,Western Europe,Western Europe,Netherlands
Crude C4,EMEA,Europe,Western Europe,Western Europe,Other Western Europe
Crude C4,EMEA,Europe,Western Europe,Western Europe,Switzerland
Crude C4,EMEA,Middle East,,Middle East,Bahrain
Crude C4,EMEA,Middle East,,Middle East,Iran
Crude C4,EMEA,Middle East,,Middle East,Iraq
Crude C4,EMEA,Middle East,,Middle East,Israel
Crude C4,EMEA,Middle East,,Middle East,Kuwait
Crude C4,EMEA,Middle East,,Middle East,Oman
Crude C4,EMEA,Middle East,,Middle East,Other Middle East
Crude C4,EMEA,Middle East,,Middle East,Qatar
Crude C4,EMEA,Middle East,,Middle East,Saudi Arabia
Crude C4,EMEA,Middle East,,Middle East,United Arab Emirates
Cumene,AMER,Latin America and the Caribbean,Caribbean,Caribbean,Trinidad and Tobago
Cumene,AMER,Latin America and the Caribbean,Central America,Central America,Mexico
Cumene,AMER,Latin America and the Caribbean,Other Central and South America (Region),Other Central and South America (Region),Other Central and South America (Country)
Cumene,AMER,Latin America and the Caribbean,South America,South America,Argentina
Cumene,AMER,Latin America and the Caribbean,South America,South America,Bolivia
Cumene,AMER,Latin America and the Caribbean,South America,South America,Brazil
Cumene,AMER,Latin America and the Caribbean,South America,South America,Chile
Cumene,AMER,Latin America and the Caribbean,South America,South America,Colombia
Cumene,AMER,Latin America and the Caribbean,South America,South America,Ecuador
Cumene,AMER,Latin America and the Caribbean,South America,South America,Paraguay
Cumene,AMER,Latin America and the Caribbean,South America,South America,Peru
Cumene,AMER,Latin America and the Caribbean,South America,South America,Uruguay
Cumene,AMER,Latin America and the Caribbean,South America,South America,Venezuela
Cumene,AMER,North America,,North America,Canada
Cumene,AMER,North America,,North America,Other North America
Cumene,AMER,North America,,North America,United States
Cumene,APAC,Asia,Eastern Asia,Eastern Asia,China
Cumene,APAC,Asia,Eastern Asia,Eastern Asia,Hong Kong
Cumene,APAC,Asia,Eastern Asia,Eastern Asia,Japan
Cumene,APAC,Asia,Eastern Asia,Eastern Asia,Macao
Cumene,APAC,Asia,Eastern Asia,Eastern Asia,Other Northeast Asia ex China
Cumene,APAC,Asia,Eastern Asia,Eastern Asia,South Korea
Cumene,APAC,Asia,Eastern Asia,Eastern Asia,Taiwan
Cumene,APAC,Asia,South-eastern Asia,South-eastern Asia,Brunei Darussalam
Cumene,APAC,Asia,South-eastern Asia,South-eastern Asia,Indonesia
Cumene,APAC,Asia,South-eastern Asia,South-eastern Asia,Malaysia
Cumene,APAC,Asia,South-eastern Asia,South-eastern Asia,Myanmar
Cumene,APAC,Asia,South-eastern Asia,South-eastern Asia,Other Southeast Asia
Cumene,APAC,Asia,South-eastern Asia,South-eastern Asia,Philippines
Cumene,APAC,Asia,South-eastern Asia,South-eastern Asia,Singapore
Cumene,APAC,Asia,South-eastern Asia,South-eastern Asia,Thailand
Cumene,APAC,Asia,South-eastern Asia,South-eastern Asia,Vietnam
Cumene,APAC,Asia,Southern Asia,Southern Asia,Bangladesh
Cumene,APAC,Asia,Southern Asia,Southern Asia,India
Cumene,APAC,Asia,Southern Asia,Southern Asia,Other South Asia
Cumene,APAC,Asia,Southern Asia,Southern Asia,Pakistan
Cumene,APAC,Asia,Southern Asia,Southern Asia,Sri Lanka
Cumene,APAC,Oceania,Australia and New Zealand,Australia and New Zealand,Australia
Cumene,APAC,Oceania,Australia and New Zealand,Australia and New Zealand,New Zealand
Cumene,EMEA,Africa,Central Africa,Central Africa,Angola
Cumene,EMEA,Africa,Central Africa,Central Africa,Cameroon
Cumene,EMEA,Africa,Central Africa,Central Africa,Equatorial Guinea
Cumene,EMEA,Africa,Central Africa,Central Africa,Republic of the Congo
Cumene,EMEA,Africa,Eastern Africa,Eastern Africa,Ethiopia
Cumene,EMEA,Africa,Eastern Africa,Eastern Africa,Kenya
Cumene,EMEA,Africa,Eastern Africa,Eastern Africa,Tanzania
Cumene,EMEA,Africa,Eastern Africa,Eastern Africa,Uganda
Cumene,EMEA,Africa,Northern Africa,Northern Africa,Algeria
Cumene,EMEA,Africa,Northern Africa,Northern Africa,Egypt
Cumene,EMEA,Africa,Northern Africa,Northern Africa,Libya
Cumene,EMEA,Africa,Northern Africa,Northern Africa,Morocco
Cumene,EMEA,Africa,Northern Africa,Northern Africa,Tunisia
Cumene,EMEA,Africa,Other Africa (Region),Other Africa (Region),Other Africa (Country)
Cumene,EMEA,Africa,Southern Africa,Southern Africa,Mozambique
Cumene,EMEA,Africa,Southern Africa,Southern Africa,South Africa
Cumene,EMEA,Africa,Western Africa,Western Africa,Ghana
Cumene,EMEA,Africa,Western Africa,Western Africa,Nigeria
Cumene,EMEA,Eurasia,,Eurasia,Azerbaijan
Cumene,EMEA,Eurasia,,Eurasia,Belarus
Cumene,EMEA,Eurasia,,Eurasia,Kazakhstan
Cumene,EMEA,Eurasia,,Eurasia,Other Russia and CIS
Cumene,EMEA,Eurasia,,Eurasia,Russia
Cumene,EMEA,Eurasia,,Eurasia,Turkmenistan
Cumene,EMEA,Eurasia,,Eurasia,Ukraine
Cumene,EMEA,Eurasia,,Eurasia,Uzbekistan
Cumene,EMEA,Europe,Eastern Europe,Eastern Europe,Bulgaria
Cumene,EMEA,Europe,Eastern Europe,Eastern Europe,Czechia
Cumene,EMEA,Europe,Eastern Europe,Eastern Europe,Hungary
Cumene,EMEA,Europe,Eastern Europe,Eastern Europe,Poland
Cumene,EMEA,Europe,Eastern Europe,Eastern Europe,Romania
Cumene,EMEA,Europe,Eastern Europe,Eastern Europe,Slovakia
Cumene,EMEA,Europe,Northern Europe,Northern Europe,Denmark
Cumene,EMEA,Europe,Northern Europe,Northern Europe,Estonia
Cumene,EMEA,Europe,Northern Europe,Northern Europe,Finland
Cumene,EMEA,Europe,Northern Europe,Northern Europe,Latvia
Cumene,EMEA,Europe,Northern Europe,Northern Europe,Lithuania
Cumene,EMEA,Europe,Northern Europe,Northern Europe,Norway
Cumene,EMEA,Europe,Northern Europe,Northern Europe,Sweden
Cumene,EMEA,Europe,Northern Europe,Northern Europe,United Kingdom
Cumene,EMEA,Europe,Other Central and Eastern Europe (Region),Other Central and Eastern Europe (Region),Other Central and Eastern Europe (Country)
Cumene,EMEA,Europe,Southern Europe,Southern Europe,Croatia
Cumene,EMEA,Europe,Southern Europe,Southern Europe,Greece
Cumene,EMEA,Europe,Southern Europe,Southern Europe,Italy
Cumene,EMEA,Europe,Southern Europe,Southern Europe,Portugal
Cumene,EMEA,Europe,Southern Europe,Southern Europe,Serbia
Cumene,EMEA,Europe,Southern Europe,Southern Europe,Slovenia
Cumene,EMEA,Europe,Southern Europe,Southern Europe,Spain
Cumene,EMEA,Europe,Southern Europe,Southern Europe,Turkey
Cumene,EMEA,Europe,Western Europe,Western Europe,Austria
Cumene,EMEA,Europe,Western Europe,Western Europe,Belgium
Cumene,EMEA,Europe,Western Europe,Western Europe,France
Cumene,EMEA,Europe,Western Europe,Western Europe,Germany
Cumene,EMEA,Europe,Western Europe,Western Europe,Netherlands
Cumene,EMEA,Europe,Western Europe,Western Europe,Other Western Europe
Cumene,EMEA,Europe,Western Europe,Western Europe,Switzerland
Cumene,EMEA,Middle East,,Middle East,Bahrain
Cumene,EMEA,Middle East,,Middle East,Iran
Cumene,EMEA,Middle East,,Middle East,Iraq
Cumene,EMEA,Middle East,,Middle East,Israel
Cumene,EMEA,Middle East,,Middle East,Kuwait
Cumene,EMEA,Middle East,,Middle East,Oman
Cumene,EMEA,Middle East,,Middle East,Other Middle East
Cumene,EMEA,Middle East,,Middle East,Qatar
Cumene,EMEA,Middle East,,Middle East,Saudi Arabia
Cumene,EMEA,Middle East,,Middle East,United Arab Emirates
Cyclohexane,AMER,Latin America and the Caribbean,Caribbean,Caribbean,Trinidad and Tobago
Cyclohexane,AMER,Latin America and the Caribbean,Central America,Central America,Mexico
Cyclohexane,AMER,Latin America and the Caribbean,Other Central and South America (Region),Other Central and South America (Region),Other Central and South America (Country)
Cyclohexane,AMER,Latin America and the Caribbean,South America,South America,Argentina
Cyclohexane,AMER,Latin America and the Caribbean,South America,South America,Bolivia
Cyclohexane,AMER,Latin America and the Caribbean,South America,South America,Brazil
Cyclohexane,AMER,Latin America and the Caribbean,South America,South America,Chile
Cyclohexane,AMER,Latin America and the Caribbean,South America,South America,Colombia
Cyclohexane,AMER,Latin America and the Caribbean,South America,South America,Ecuador
Cyclohexane,AMER,Latin America and the Caribbean,South America,South America,Paraguay
Cyclohexane,AMER,Latin America and the Caribbean,South America,South America,Peru
Cyclohexane,AMER,Latin America and the Caribbean,South America,South America,Uruguay
Cyclohexane,AMER,Latin America and the Caribbean,South America,South America,Venezuela
Cyclohexane,AMER,North America,,North America,Canada
Cyclohexane,AMER,North America,,North America,Other North America
Cyclohexane,AMER,North America,,North America,United States
Cyclohexane,APAC,Asia,Eastern Asia,Eastern Asia,China
Cyclohexane,APAC,Asia,Eastern Asia,Eastern Asia,Hong Kong
Cyclohexane,APAC,Asia,Eastern Asia,Eastern Asia,Japan
Cyclohexane,APAC,Asia,Eastern Asia,Eastern Asia,Macao
Cyclohexane,APAC,Asia,Eastern Asia,Eastern Asia,Other Northeast Asia ex China
Cyclohexane,APAC,Asia,Eastern Asia,Eastern Asia,South Korea
Cyclohexane,APAC,Asia,Eastern Asia,Eastern Asia,Taiwan
Cyclohexane,APAC,Asia,South-eastern Asia,South-eastern Asia,Brunei Darussalam
Cyclohexane,APAC,Asia,South-eastern Asia,South-eastern Asia,Indonesia
Cyclohexane,APAC,Asia,South-eastern Asia,South-eastern Asia,Malaysia
Cyclohexane,APAC,Asia,South-eastern Asia,South-eastern Asia,Myanmar
Cyclohexane,APAC,Asia,South-eastern Asia,South-eastern Asia,Other Southeast Asia
Cyclohexane,APAC,Asia,South-eastern Asia,South-eastern Asia,Philippines
Cyclohexane,APAC,Asia,South-eastern Asia,South-eastern Asia,Singapore
Cyclohexane,APAC,Asia,South-eastern Asia,South-eastern Asia,Thailand
Cyclohexane,APAC,Asia,South-eastern Asia,South-eastern Asia,Vietnam
Cyclohexane,APAC,Asia,Southern Asia,Southern Asia,Bangladesh
Cyclohexane,APAC,Asia,Southern Asia,Southern Asia,India
Cyclohexane,APAC,Asia,Southern Asia,Southern Asia,Other South Asia
Cyclohexane,APAC,Asia,Southern Asia,Southern Asia,Pakistan
Cyclohexane,APAC,Asia,Southern Asia,Southern Asia,Sri Lanka
Cyclohexane,APAC,Oceania,Australia and New Zealand,Australia and New Zealand,Australia
Cyclohexane,APAC,Oceania,Australia and New Zealand,Australia and New Zealand,New Zealand
Cyclohexane,EMEA,Africa,Central Africa,Central Africa,Angola
Cyclohexane,EMEA,Africa,Central Africa,Central Africa,Cameroon
Cyclohexane,EMEA,Africa,Central Africa,Central Africa,Equatorial Guinea
Cyclohexane,EMEA,Africa,Central Africa,Central Africa,Republic of the Congo
Cyclohexane,EMEA,Africa,Eastern Africa,Eastern Africa,Ethiopia
Cyclohexane,EMEA,Africa,Eastern Africa,Eastern Africa,Kenya
Cyclohexane,EMEA,Africa,Eastern Africa,Eastern Africa,Tanzania
Cyclohexane,EMEA,Africa,Eastern Africa,Eastern Africa,Uganda
Cyclohexane,EMEA,Africa,Northern Africa,Northern Africa,Algeria
Cyclohexane,EMEA,Africa,Northern Africa,Northern Africa,Egypt
Cyclohexane,EMEA,Africa,Northern Africa,Northern Africa,Libya
Cyclohexane,EMEA,Africa,Northern Africa,Northern Africa,Morocco
Cyclohexane,EMEA,Africa,Northern Africa,Northern Africa,Tunisia
Cyclohexane,EMEA,Africa,Other Africa (Region),Other Africa (Region),Other Africa (Country)
Cyclohexane,EMEA,Africa,Southern Africa,Southern Africa,Mozambique
Cyclohexane,EMEA,Africa,Southern Africa,Southern Africa,South Africa
Cyclohexane,EMEA,Africa,Western Africa,Western Africa,Ghana
Cyclohexane,EMEA,Africa,Western Africa,Western Africa,Nigeria
Cyclohexane,EMEA,Eurasia,,Eurasia,Azerbaijan
Cyclohexane,EMEA,Eurasia,,Eurasia,Belarus
Cyclohexane,EMEA,Eurasia,,Eurasia,Kazakhstan
Cyclohexane,EMEA,Eurasia,,Eurasia,Other Russia and CIS
Cyclohexane,EMEA,Eurasia,,Eurasia,Russia
Cyclohexane,EMEA,Eurasia,,Eurasia,Turkmenistan
Cyclohexane,EMEA,Eurasia,,Eurasia,Ukraine
Cyclohexane,EMEA,Eurasia,,Eurasia,Uzbekistan
Cyclohexane,EMEA,Europe,Eastern Europe,Eastern Europe,Bulgaria
Cyclohexane,EMEA,Europe,Eastern Europe,Eastern Europe,Czechia
Cyclohexane,EMEA,Europe,Eastern Europe,Eastern Europe,Hungary
Cyclohexane,EMEA,Europe,Eastern Europe,Eastern Europe,Poland
Cyclohexane,EMEA,Europe,Eastern Europe,Eastern Europe,Romania
Cyclohexane,EMEA,Europe,Eastern Europe,Eastern Europe,Slovakia
Cyclohexane,EMEA,Europe,Northern Europe,Northern Europe,Denmark
Cyclohexane,EMEA,Europe,Northern Europe,Northern Europe,Estonia
Cyclohexane,EMEA,Europe,Northern Europe,Northern Europe,Finland
Cyclohexane,EMEA,Europe,Northern Europe,Northern Europe,Latvia
Cyclohexane,EMEA,Europe,Northern Europe,Northern Europe,Lithuania
Cyclohexane,EMEA,Europe,Northern Europe,Northern Europe,Norway
Cyclohexane,EMEA,Europe,Northern Europe,Northern Europe,Sweden
Cyclohexane,EMEA,Europe,Northern Europe,Northern Europe,United Kingdom
Cyclohexane,EMEA,Europe,Other Central and Eastern Europe (Region),Other Central and Eastern Europe (Region),Other Central and Eastern Europe (Country)
Cyclohexane,EMEA,Europe,Southern Europe,Southern Europe,Croatia
Cyclohexane,EMEA,Europe,Southern Europe,Southern Europe,Greece
Cyclohexane,EMEA,Europe,Southern Europe,Southern Europe,Italy
Cyclohexane,EMEA,Europe,Southern Europe,Southern Europe,Portugal
Cyclohexane,EMEA,Europe,Southern Europe,Southern Europe,Serbia
Cyclohexane,EMEA,Europe,Southern Europe,Southern Europe,Slovenia
Cyclohexane,EMEA,Europe,Southern Europe,Southern Europe,Spain
Cyclohexane,EMEA,Europe,Southern Europe,Southern Europe,Turkey
Cyclohexane,EMEA,Europe,Western Europe,Western Europe,Austria
Cyclohexane,EMEA,Europe,Western Europe,Western Europe,Belgium
Cyclohexane,EMEA,Europe,Western Europe,Western Europe,France
Cyclohexane,EMEA,Europe,Western Europe,Western Europe,Germany
Cyclohexane,EMEA,Europe,Western Europe,Western Europe,Netherlands
Cyclohexane,EMEA,Europe,Western Europe,Western Europe,Other Western Europe
Cyclohexane,EMEA,Europe,Western Europe,Western Europe,Switzerland
Cyclohexane,EMEA,Middle East,,Middle East,Bahrain
Cyclohexane,EMEA,Middle East,,Middle East,Iran
Cyclohexane,EMEA,Middle East,,Middle East,Iraq
Cyclohexane,EMEA,Middle East,,Middle East,Israel
Cyclohexane,EMEA,Middle East,,Middle East,Kuwait
Cyclohexane,EMEA,Middle East,,Middle East,Oman
Cyclohexane,EMEA,Middle East,,Middle East,Other Middle East
Cyclohexane,EMEA,Middle East,,Middle East,Qatar
Cyclohexane,EMEA,Middle East,,Middle East,Saudi Arabia
Cyclohexane,EMEA,Middle East,,Middle East,United Arab Emirates
Cyclohexanol,AMER,Latin America and the Caribbean,Caribbean,Caribbean,Trinidad and Tobago
Cyclohexanol,AMER,Latin America and the Caribbean,Central America,Central America,Mexico
Cyclohexanol,AMER,Latin America and the Caribbean,Other Central and South America (Region),Other Central and South America (Region),Other Central and South America (Country)
Cyclohexanol,AMER,Latin America and the Caribbean,South America,South America,Argentina
Cyclohexanol,AMER,Latin America and the Caribbean,South America,South America,Bolivia
Cyclohexanol,AMER,Latin America and the Caribbean,South America,South America,Brazil
Cyclohexanol,AMER,Latin America and the Caribbean,South America,South America,Chile
Cyclohexanol,AMER,Latin America and the Caribbean,South America,South America,Colombia
Cyclohexanol,AMER,Latin America and the Caribbean,South America,South America,Ecuador
Cyclohexanol,AMER,Latin America and the Caribbean,South America,South America,Paraguay
Cyclohexanol,AMER,Latin America and the Caribbean,South America,South America,Peru
Cyclohexanol,AMER,Latin America and the Caribbean,South America,South America,Uruguay
Cyclohexanol,AMER,Latin America and the Caribbean,South America,South America,Venezuela
Cyclohexanol,AMER,North America,,North America,Canada
Cyclohexanol,AMER,North America,,North America,Other North America
Cyclohexanol,AMER,North America,,North America,United States
Cyclohexanol,APAC,Asia,Eastern Asia,Eastern Asia,China
Cyclohexanol,APAC,Asia,Eastern Asia,Eastern Asia,Hong Kong
Cyclohexanol,APAC,Asia,Eastern Asia,Eastern Asia,Japan
Cyclohexanol,APAC,Asia,Eastern Asia,Eastern Asia,Macao
Cyclohexanol,APAC,Asia,Eastern Asia,Eastern Asia,Other Northeast Asia ex China
Cyclohexanol,APAC,Asia,Eastern Asia,Eastern Asia,South Korea
Cyclohexanol,APAC,Asia,Eastern Asia,Eastern Asia,Taiwan
Cyclohexanol,APAC,Asia,South-eastern Asia,South-eastern Asia,Brunei Darussalam
Cyclohexanol,APAC,Asia,South-eastern Asia,South-eastern Asia,Indonesia
Cyclohexanol,APAC,Asia,South-eastern Asia,South-eastern Asia,Malaysia
Cyclohexanol,APAC,Asia,South-eastern Asia,South-eastern Asia,Myanmar
Cyclohexanol,APAC,Asia,South-eastern Asia,South-eastern Asia,Other Southeast Asia
Cyclohexanol,APAC,Asia,South-eastern Asia,South-eastern Asia,Philippines
Cyclohexanol,APAC,Asia,South-eastern Asia,South-eastern Asia,Singapore
Cyclohexanol,APAC,Asia,South-eastern Asia,South-eastern Asia,Thailand
Cyclohexanol,APAC,Asia,South-eastern Asia,South-eastern Asia,Vietnam
Cyclohexanol,APAC,Asia,Southern Asia,Southern Asia,Bangladesh
Cyclohexanol,APAC,Asia,Southern Asia,Southern Asia,India
Cyclohexanol,APAC,Asia,Southern Asia,Southern Asia,Other South Asia
Cyclohexanol,APAC,Asia,Southern Asia,Southern Asia,Pakistan
Cyclohexanol,APAC,Asia,Southern Asia,Southern Asia,Sri Lanka
Cyclohexanol,APAC,Oceania,Australia and New Zealand,Australia and New Zealand,Australia
Cyclohexanol,APAC,Oceania,Australia and New Zealand,Australia and New Zealand,New Zealand
Cyclohexanol,EMEA,Africa,Central Africa,Central Africa,Angola
Cyclohexanol,EMEA,Africa,Central Africa,Central Africa,Cameroon
Cyclohexanol,EMEA,Africa,Central Africa,Central Africa,Equatorial Guinea
Cyclohexanol,EMEA,Africa,Central Africa,Central Africa,Republic of the Congo
Cyclohexanol,EMEA,Africa,Eastern Africa,Eastern Africa,Ethiopia
Cyclohexanol,EMEA,Africa,Eastern Africa,Eastern Africa,Kenya
Cyclohexanol,EMEA,Africa,Eastern Africa,Eastern Africa,Tanzania
Cyclohexanol,EMEA,Africa,Eastern Africa,Eastern Africa,Uganda
Cyclohexanol,EMEA,Africa,Northern Africa,Northern Africa,Algeria
Cyclohexanol,EMEA,Africa,Northern Africa,Northern Africa,Egypt
Cyclohexanol,EMEA,Africa,Northern Africa,Northern Africa,Libya
Cyclohexanol,EMEA,Africa,Northern Africa,Northern Africa,Morocco
Cyclohexanol,EMEA,Africa,Northern Africa,Northern Africa,Tunisia
Cyclohexanol,EMEA,Africa,Other Africa (Region),Other Africa (Region),Other Africa (Country)
Cyclohexanol,EMEA,Africa,Southern Africa,Southern Africa,Mozambique
Cyclohexanol,EMEA,Africa,Southern Africa,Southern Africa,South Africa
Cyclohexanol,EMEA,Africa,Western Africa,Western Africa,Ghana
Cyclohexanol,EMEA,Africa,Western Africa,Western Africa,Nigeria
Cyclohexanol,EMEA,Eurasia,,Eurasia,Azerbaijan
Cyclohexanol,EMEA,Eurasia,,Eurasia,Belarus
Cyclohexanol,EMEA,Eurasia,,Eurasia,Kazakhstan
Cyclohexanol,EMEA,Eurasia,,Eurasia,Other Russia and CIS
Cyclohexanol,EMEA,Eurasia,,Eurasia,Russia
Cyclohexanol,EMEA,Eurasia,,Eurasia,Turkmenistan
Cyclohexanol,EMEA,Eurasia,,Eurasia,Ukraine
Cyclohexanol,EMEA,Eurasia,,Eurasia,Uzbekistan
Cyclohexanol,EMEA,Europe,Eastern Europe,Eastern Europe,Bulgaria
Cyclohexanol,EMEA,Europe,Eastern Europe,Eastern Europe,Czechia
Cyclohexanol,EMEA,Europe,Eastern Europe,Eastern Europe,Hungary
Cyclohexanol,EMEA,Europe,Eastern Europe,Eastern Europe,Poland
Cyclohexanol,EMEA,Europe,Eastern Europe,Eastern Europe,Romania
Cyclohexanol,EMEA,Europe,Eastern Europe,Eastern Europe,Slovakia
Cyclohexanol,EMEA,Europe,Northern Europe,Northern Europe,Denmark
Cyclohexanol,EMEA,Europe,Northern Europe,Northern Europe,Estonia
Cyclohexanol,EMEA,Europe,Northern Europe,Northern Europe,Finland
Cyclohexanol,EMEA,Europe,Northern Europe,Northern Europe,Latvia
Cyclohexanol,EMEA,Europe,Northern Europe,Northern Europe,Lithuania
Cyclohexanol,EMEA,Europe,Northern Europe,Northern Europe,Norway
Cyclohexanol,EMEA,Europe,Northern Europe,Northern Europe,Sweden
Cyclohexanol,EMEA,Europe,Northern Europe,Northern Europe,United Kingdom
Cyclohexanol,EMEA,Europe,Other Central and Eastern Europe (Region),Other Central and Eastern Europe (Region),Other Central and Eastern Europe (Country)
Cyclohexanol,EMEA,Europe,Southern Europe,Southern Europe,Croatia
Cyclohexanol,EMEA,Europe,Southern Europe,Southern Europe,Greece
Cyclohexanol,EMEA,Europe,Southern Europe,Southern Europe,Italy
Cyclohexanol,EMEA,Europe,Southern Europe,Southern Europe,Portugal
Cyclohexanol,EMEA,Europe,Southern Europe,Southern Europe,Serbia
Cyclohexanol,EMEA,Europe,Southern Europe,Southern Europe,Slovenia
Cyclohexanol,EMEA,Europe,Southern Europe,Southern Europe,Spain
Cyclohexanol,EMEA,Europe,Southern Europe,Southern Europe,Turkey
Cyclohexanol,EMEA,Europe,Western Europe,Western Europe,Austria
Cyclohexanol,EMEA,Europe,Western Europe,Western Europe,Belgium
Cyclohexanol,EMEA,Europe,Western Europe,Western Europe,France
Cyclohexanol,EMEA,Europe,Western Europe,Western Europe,Germany
Cyclohexanol,EMEA,Europe,Western Europe,Western Europe,Netherlands
Cyclohexanol,EMEA,Europe,Western Europe,Western Europe,Other Western Europe
Cyclohexanol,EMEA,Europe,Western Europe,Western Europe,Switzerland
Cyclohexanol,EMEA,Middle East,,Middle East,Bahrain
Cyclohexanol,EMEA,Middle East,,Middle East,Iran
Cyclohexanol,EMEA,Middle East,,Middle East,Iraq
Cyclohexanol,EMEA,Middle East,,Middle East,Israel
Cyclohexanol,EMEA,Middle East,,Middle East,Kuwait
Cyclohexanol,EMEA,Middle East,,Middle East,Oman
Cyclohexanol,EMEA,Middle East,,Middle East,Other Middle East
Cyclohexanol,EMEA,Middle East,,Middle East,Qatar
Cyclohexanol,EMEA,Middle East,,Middle East,Saudi Arabia
Cyclohexanol,EMEA,Middle East,,Middle East,United Arab Emirates
Cyclohexanone,AMER,Latin America and the Caribbean,Caribbean,Caribbean,Trinidad and Tobago
Cyclohexanone,AMER,Latin America and the Caribbean,Central America,Central America,Mexico
Cyclohexanone,AMER,Latin America and the Caribbean,Other Central and South America (Region),Other Central and South America (Region),Other Central and South America (Country)
Cyclohexanone,AMER,Latin America and the Caribbean,South America,South America,Argentina
Cyclohexanone,AMER,Latin America and the Caribbean,South America,South America,Bolivia
Cyclohexanone,AMER,Latin America and the Caribbean,South America,South America,Brazil
Cyclohexanone,AMER,Latin America and the Caribbean,South America,South America,Chile
Cyclohexanone,AMER,Latin America and the Caribbean,South America,South America,Colombia
Cyclohexanone,AMER,Latin America and the Caribbean,South America,South America,Ecuador
Cyclohexanone,AMER,Latin America and the Caribbean,South America,South America,Paraguay
Cyclohexanone,AMER,Latin America and the Caribbean,South America,South America,Peru
Cyclohexanone,AMER,Latin America and the Caribbean,South America,South America,Uruguay
Cyclohexanone,AMER,Latin America and the Caribbean,South America,South America,Venezuela
Cyclohexanone,AMER,North America,,North America,Canada
Cyclohexanone,AMER,North America,,North America,Other North America
Cyclohexanone,AMER,North America,,North America,United States
Cyclohexanone,APAC,Asia,Eastern Asia,Eastern Asia,China
Cyclohexanone,APAC,Asia,Eastern Asia,Eastern Asia,Hong Kong
Cyclohexanone,APAC,Asia,Eastern Asia,Eastern Asia,Japan
Cyclohexanone,APAC,Asia,Eastern Asia,Eastern Asia,Macao
Cyclohexanone,APAC,Asia,Eastern Asia,Eastern Asia,Other Northeast Asia ex China
Cyclohexanone,APAC,Asia,Eastern Asia,Eastern Asia,South Korea
Cyclohexanone,APAC,Asia,Eastern Asia,Eastern Asia,Taiwan
Cyclohexanone,APAC,Asia,South-eastern Asia,South-eastern Asia,Brunei Darussalam
Cyclohexanone,APAC,Asia,South-eastern Asia,South-eastern Asia,Indonesia
Cyclohexanone,APAC,Asia,South-eastern Asia,South-eastern Asia,Malaysia
Cyclohexanone,APAC,Asia,South-eastern Asia,South-eastern Asia,Myanmar
Cyclohexanone,APAC,Asia,South-eastern Asia,South-eastern Asia,Other Southeast Asia
Cyclohexanone,APAC,Asia,South-eastern Asia,South-eastern Asia,Philippines
Cyclohexanone,APAC,Asia,South-eastern Asia,South-eastern Asia,Singapore
Cyclohexanone,APAC,Asia,South-eastern Asia,South-eastern Asia,Thailand
Cyclohexanone,APAC,Asia,South-eastern Asia,South-eastern Asia,Vietnam
Cyclohexanone,APAC,Asia,Southern Asia,Southern Asia,Bangladesh
Cyclohexanone,APAC,Asia,Southern Asia,Southern Asia,India
Cyclohexanone,APAC,Asia,Southern Asia,Southern Asia,Other South Asia
Cyclohexanone,APAC,Asia,Southern Asia,Southern Asia,Pakistan
Cyclohexanone,APAC,Asia,Southern Asia,Southern Asia,Sri Lanka
Cyclohexanone,APAC,Oceania,Australia and New Zealand,Australia and New Zealand,Australia
Cyclohexanone,APAC,Oceania,Australia and New Zealand,Australia and New Zealand,New Zealand
Cyclohexanone,EMEA,Africa,Central Africa,Central Africa,Angola
Cyclohexanone,EMEA,Africa,Central Africa,Central Africa,Cameroon
Cyclohexanone,EMEA,Africa,Central Africa,Central Africa,Equatorial Guinea
Cyclohexanone,EMEA,Africa,Central Africa,Central Africa,Republic of the Congo
Cyclohexanone,EMEA,Africa,Eastern Africa,Eastern Africa,Ethiopia
Cyclohexanone,EMEA,Africa,Eastern Africa,Eastern Africa,Kenya
Cyclohexanone,EMEA,Africa,Eastern Africa,Eastern Africa,Tanzania
Cyclohexanone,EMEA,Africa,Eastern Africa,Eastern Africa,Uganda
Cyclohexanone,EMEA,Africa,Northern Africa,Northern Africa,Algeria
Cyclohexanone,EMEA,Africa,Northern Africa,Northern Africa,Egypt
Cyclohexanone,EMEA,Africa,Northern Africa,Northern Africa,Libya
Cyclohexanone,EMEA,Africa,Northern Africa,Northern Africa,Morocco
Cyclohexanone,EMEA,Africa,Northern Africa,Northern Africa,Tunisia
Cyclohexanone,EMEA,Africa,Other Africa (Region),Other Africa (Region),Other Africa (Country)
Cyclohexanone,EMEA,Africa,Southern Africa,Southern Africa,Mozambique
Cyclohexanone,EMEA,Africa,Southern Africa,Southern Africa,South Africa
Cyclohexanone,EMEA,Africa,Western Africa,Western Africa,Ghana
Cyclohexanone,EMEA,Africa,Western Africa,Western Africa,Nigeria
Cyclohexanone,EMEA,Eurasia,,Eurasia,Azerbaijan
Cyclohexanone,EMEA,Eurasia,,Eurasia,Belarus
Cyclohexanone,EMEA,Eurasia,,Eurasia,Kazakhstan
Cyclohexanone,EMEA,Eurasia,,Eurasia,Other Russia and CIS
Cyclohexanone,EMEA,Eurasia,,Eurasia,Russia
Cyclohexanone,EMEA,Eurasia,,Eurasia,Turkmenistan
Cyclohexanone,EMEA,Eurasia,,Eurasia,Ukraine
Cyclohexanone,EMEA,Eurasia,,Eurasia,Uzbekistan
Cyclohexanone,EMEA,Europe,Eastern Europe,Eastern Europe,Bulgaria
Cyclohexanone,EMEA,Europe,Eastern Europe,Eastern Europe,Czechia
Cyclohexanone,EMEA,Europe,Eastern Europe,Eastern Europe,Hungary
Cyclohexanone,EMEA,Europe,Eastern Europe,Eastern Europe,Poland
Cyclohexanone,EMEA,Europe,Eastern Europe,Eastern Europe,Romania
Cyclohexanone,EMEA,Europe,Eastern Europe,Eastern Europe,Slovakia
Cyclohexanone,EMEA,Europe,Northern Europe,Northern Europe,Denmark
Cyclohexanone,EMEA,Europe,Northern Europe,Northern Europe,Estonia
Cyclohexanone,EMEA,Europe,Northern Europe,Northern Europe,Finland
Cyclohexanone,EMEA,Europe,Northern Europe,Northern Europe,Latvia
Cyclohexanone,EMEA,Europe,Northern Europe,Northern Europe,Lithuania
Cyclohexanone,EMEA,Europe,Northern Europe,Northern Europe,Norway
Cyclohexanone,EMEA,Europe,Northern Europe,Northern Europe,Sweden
Cyclohexanone,EMEA,Europe,Northern Europe,Northern Europe,United Kingdom
Cyclohexanone,EMEA,Europe,Other Central and Eastern Europe (Region),Other Central and Eastern Europe (Region),Other Central and Eastern Europe (Country)
Cyclohexanone,EMEA,Europe,Southern Europe,Southern Europe,Croatia
Cyclohexanone,EMEA,Europe,Southern Europe,Southern Europe,Greece
Cyclohexanone,EMEA,Europe,Southern Europe,Southern Europe,Italy
Cyclohexanone,EMEA,Europe,Southern Europe,Southern Europe,Portugal
Cyclohexanone,EMEA,Europe,Southern Europe,Southern Europe,Serbia
Cyclohexanone,EMEA,Europe,Southern Europe,Southern Europe,Slovenia
Cyclohexanone,EMEA,Europe,Southern Europe,Southern Europe,Spain
Cyclohexanone,EMEA,Europe,Southern Europe,Southern Europe,Turkey
Cyclohexanone,EMEA,Europe,Western Europe,Western Europe,Austria
Cyclohexanone,EMEA,Europe,Western Europe,Western Europe,Belgium
Cyclohexanone,EMEA,Europe,Western Europe,Western Europe,France
Cyclohexanone,EMEA,Europe,Western Europe,Western Europe,Germany
Cyclohexanone,EMEA,Europe,Western Europe,Western Europe,Netherlands
Cyclohexanone,EMEA,Europe,Western Europe,Western Europe,Other Western Europe
Cyclohexanone,EMEA,Europe,Western Europe,Western Europe,Switzerland
Cyclohexanone,EMEA,Middle East,,Middle East,Bahrain
Cyclohexanone,EMEA,Middle East,,Middle East,Iran
Cyclohexanone,EMEA,Middle East,,Middle East,Iraq
Cyclohexanone,EMEA,Middle East,,Middle East,Israel
Cyclohexanone,EMEA,Middle East,,Middle East,Kuwait
Cyclohexanone,EMEA,Middle East,,Middle East,Oman
Cyclohexanone,EMEA,Middle East,,Middle East,Other Middle East
Cyclohexanone,EMEA,Middle East,,Middle East,Qatar
Cyclohexanone,EMEA,Middle East,,Middle East,Saudi Arabia
Cyclohexanone,EMEA,Middle East,,Middle East,United Arab Emirates
Cyclohexene,AMER,Latin America and the Caribbean,Caribbean,Caribbean,Trinidad and Tobago
Cyclohexene,AMER,Latin America and the Caribbean,Central America,Central America,Mexico
Cyclohexene,AMER,Latin America and the Caribbean,Other Central and South America (Region),Other Central and South America (Region),Other Central and South America (Country)
Cyclohexene,AMER,Latin America and the Caribbean,South America,South America,Argentina
Cyclohexene,AMER,Latin America and the Caribbean,South America,South America,Bolivia
Cyclohexene,AMER,Latin America and the Caribbean,South America,South America,Brazil
Cyclohexene,AMER,Latin America and the Caribbean,South America,South America,Chile
Cyclohexene,AMER,Latin America and the Caribbean,South America,South America,Colombia
Cyclohexene,AMER,Latin America and the Caribbean,South America,South America,Ecuador
Cyclohexene,AMER,Latin America and the Caribbean,South America,South America,Paraguay
Cyclohexene,AMER,Latin America and the Caribbean,South America,South America,Peru
Cyclohexene,AMER,Latin America and the Caribbean,South America,South America,Uruguay
Cyclohexene,AMER,Latin America and the Caribbean,South America,South America,Venezuela
Cyclohexene,AMER,North America,,North America,Canada
Cyclohexene,AMER,North America,,North America,Other North America
Cyclohexene,AMER,North America,,North America,United States
Cyclohexene,APAC,Asia,Eastern Asia,Eastern Asia,China
Cyclohexene,APAC,Asia,Eastern Asia,Eastern Asia,Hong Kong
Cyclohexene,APAC,Asia,Eastern Asia,Eastern Asia,Japan
Cyclohexene,APAC,Asia,Eastern Asia,Eastern Asia,Macao
Cyclohexene,APAC,Asia,Eastern Asia,Eastern Asia,Other Northeast Asia ex China
Cyclohexene,APAC,Asia,Eastern Asia,Eastern Asia,South Korea
Cyclohexene,APAC,Asia,Eastern Asia,Eastern Asia,Taiwan
Cyclohexene,APAC,Asia,South-eastern Asia,South-eastern Asia,Brunei Darussalam
Cyclohexene,APAC,Asia,South-eastern Asia,South-eastern Asia,Indonesia
Cyclohexene,APAC,Asia,South-eastern Asia,South-eastern Asia,Malaysia
Cyclohexene,APAC,Asia,South-eastern Asia,South-eastern Asia,Myanmar
Cyclohexene,APAC,Asia,South-eastern Asia,South-eastern Asia,Other Southeast Asia
Cyclohexene,APAC,Asia,South-eastern Asia,South-eastern Asia,Philippines
Cyclohexene,APAC,Asia,South-eastern Asia,South-eastern Asia,Singapore
Cyclohexene,APAC,Asia,South-eastern Asia,South-eastern Asia,Thailand
Cyclohexene,APAC,Asia,South-eastern Asia,South-eastern Asia,Vietnam
Cyclohexene,APAC,Asia,Southern Asia,Southern Asia,Bangladesh
Cyclohexene,APAC,Asia,Southern Asia,Southern Asia,India
Cyclohexene,APAC,Asia,Southern Asia,Southern Asia,Other South Asia
Cyclohexene,APAC,Asia,Southern Asia,Southern Asia,Pakistan
Cyclohexene,APAC,Asia,Southern Asia,Southern Asia,Sri Lanka
Cyclohexene,APAC,Oceania,Australia and New Zealand,Australia and New Zealand,Australia
Cyclohexene,APAC,Oceania,Australia and New Zealand,Australia and New Zealand,New Zealand
Cyclohexene,EMEA,Africa,Central Africa,Central Africa,Angola
Cyclohexene,EMEA,Africa,Central Africa,Central Africa,Cameroon
Cyclohexene,EMEA,Africa,Central Africa,Central Africa,Equatorial Guinea
Cyclohexene,EMEA,Africa,Central Africa,Central Africa,Republic of the Congo
Cyclohexene,EMEA,Africa,Eastern Africa,Eastern Africa,Ethiopia
Cyclohexene,EMEA,Africa,Eastern Africa,Eastern Africa,Kenya
Cyclohexene,EMEA,Africa,Eastern Africa,Eastern Africa,Tanzania
Cyclohexene,EMEA,Africa,Eastern Africa,Eastern Africa,Uganda
Cyclohexene,EMEA,Africa,Northern Africa,Northern Africa,Algeria
Cyclohexene,EMEA,Africa,Northern Africa,Northern Africa,Egypt
Cyclohexene,EMEA,Africa,Northern Africa,Northern Africa,Libya
Cyclohexene,EMEA,Africa,Northern Africa,Northern Africa,Morocco
Cyclohexene,EMEA,Africa,Northern Africa,Northern Africa,Tunisia
Cyclohexene,EMEA,Africa,Other Africa (Region),Other Africa (Region),Other Africa (Country)
Cyclohexene,EMEA,Africa,Southern Africa,Southern Africa,Mozambique
Cyclohexene,EMEA,Africa,Southern Africa,Southern Africa,South Africa
Cyclohexene,EMEA,Africa,Western Africa,Western Africa,Ghana
Cyclohexene,EMEA,Africa,Western Africa,Western Africa,Nigeria
Cyclohexene,EMEA,Eurasia,,Eurasia,Azerbaijan
Cyclohexene,EMEA,Eurasia,,Eurasia,Belarus
Cyclohexene,EMEA,Eurasia,,Eurasia,Kazakhstan
Cyclohexene,EMEA,Eurasia,,Eurasia,Other Russia and CIS
Cyclohexene,EMEA,Eurasia,,Eurasia,Russia
Cyclohexene,EMEA,Eurasia,,Eurasia,Turkmenistan
Cyclohexene,EMEA,Eurasia,,Eurasia,Ukraine
Cyclohexene,EMEA,Eurasia,,Eurasia,Uzbekistan
Cyclohexene,EMEA,Europe,Eastern Europe,Eastern Europe,Bulgaria
Cyclohexene,EMEA,Europe,Eastern Europe,Eastern Europe,Czechia
Cyclohexene,EMEA,Europe,Eastern Europe,Eastern Europe,Hungary
Cyclohexene,EMEA,Europe,Eastern Europe,Eastern Europe,Poland
Cyclohexene,EMEA,Europe,Eastern Europe,Eastern Europe,Romania
Cyclohexene,EMEA,Europe,Eastern Europe,Eastern Europe,Slovakia
Cyclohexene,EMEA,Europe,Northern Europe,Northern Europe,Denmark
Cyclohexene,EMEA,Europe,Northern Europe,Northern Europe,Estonia
Cyclohexene,EMEA,Europe,Northern Europe,Northern Europe,Finland
Cyclohexene,EMEA,Europe,Northern Europe,Northern Europe,Latvia
Cyclohexene,EMEA,Europe,Northern Europe,Northern Europe,Lithuania
Cyclohexene,EMEA,Europe,Northern Europe,Northern Europe,Norway
Cyclohexene,EMEA,Europe,Northern Europe,Northern Europe,Sweden
Cyclohexene,EMEA,Europe,Northern Europe,Northern Europe,United Kingdom
Cyclohexene,EMEA,Europe,Other Central and Eastern Europe (Region),Other Central and Eastern Europe (Region),Other Central and Eastern Europe (Country)
Cyclohexene,EMEA,Europe,Southern Europe,Southern Europe,Croatia
Cyclohexene,EMEA,Europe,Southern Europe,Southern Europe,Greece
Cyclohexene,EMEA,Europe,Southern Europe,Southern Europe,Italy
Cyclohexene,EMEA,Europe,Southern Europe,Southern Europe,Portugal
Cyclohexene,EMEA,Europe,Southern Europe,Southern Europe,Serbia
Cyclohexene,EMEA,Europe,Southern Europe,Southern Europe,Slovenia
Cyclohexene,EMEA,Europe,Southern Europe,Southern Europe,Spain
Cyclohexene,EMEA,Europe,Southern Europe,Southern Europe,Turkey
Cyclohexene,EMEA,Europe,Western Europe,Western Europe,Austria
Cyclohexene,EMEA,Europe,Western Europe,Western Europe,Belgium
Cyclohexene,EMEA,Europe,Western Europe,Western Europe,France
Cyclohexene,EMEA,Europe,Western Europe,Western Europe,Germany
Cyclohexene,EMEA,Europe,Western Europe,Western Europe,Netherlands
Cyclohexene,EMEA,Europe,Western Europe,Western Europe,Other Western Europe
Cyclohexene,EMEA,Europe,Western Europe,Western Europe,Switzerland
Cyclohexene,EMEA,Middle East,,Middle East,Bahrain
Cyclohexene,EMEA,Middle East,,Middle East,Iran
Cyclohexene,EMEA,Middle East,,Middle East,Iraq
Cyclohexene,EMEA,Middle East,,Middle East,Israel
Cyclohexene,EMEA,Middle East,,Middle East,Kuwait
Cyclohexene,EMEA,Middle East,,Middle East,Oman
Cyclohexene,EMEA,Middle East,,Middle East,Other Middle East
Cyclohexene,EMEA,Middle East,,Middle East,Qatar
Cyclohexene,EMEA,Middle East,,Middle East,Saudi Arabia
Cyclohexene,EMEA,Middle East,,Middle East,United Arab Emirates
Diethylene Glycol,AMER,Latin America and the Caribbean,Caribbean,Caribbean,Trinidad and Tobago
Diethylene Glycol,AMER,Latin America and the Caribbean,Central America,Central America,Mexico
Diethylene Glycol,AMER,Latin America and the Caribbean,Other Central and South America (Region),Other Central and South America (Region),Other Central and South America (Country)
Diethylene Glycol,AMER,Latin America and the Caribbean,South America,South America,Argentina
Diethylene Glycol,AMER,Latin America and the Caribbean,South America,South America,Bolivia
Diethylene Glycol,AMER,Latin America and the Caribbean,South America,South America,Brazil
Diethylene Glycol,AMER,Latin America and the Caribbean,South America,South America,Chile
Diethylene Glycol,AMER,Latin America and the Caribbean,South America,South America,Colombia
Diethylene Glycol,AMER,Latin America and the Caribbean,South America,South America,Ecuador
Diethylene Glycol,AMER,Latin America and the Caribbean,South America,South America,Paraguay
Diethylene Glycol,AMER,Latin America and the Caribbean,South America,South America,Peru
Diethylene Glycol,AMER,Latin America and the Caribbean,South America,South America,Uruguay
Diethylene Glycol,AMER,Latin America and the Caribbean,South America,South America,Venezuela
Diethylene Glycol,AMER,North America,,North America,Canada
Diethylene Glycol,AMER,North America,,North America,Other North America
Diethylene Glycol,AMER,North America,,North America,United States
Diethylene Glycol,APAC,Asia,Eastern Asia,Eastern Asia,China
Diethylene Glycol,APAC,Asia,Eastern Asia,Eastern Asia,Hong Kong
Diethylene Glycol,APAC,Asia,Eastern Asia,Eastern Asia,Japan
Diethylene Glycol,APAC,Asia,Eastern Asia,Eastern Asia,Macao
Diethylene Glycol,APAC,Asia,Eastern Asia,Eastern Asia,Other Northeast Asia ex China
Diethylene Glycol,APAC,Asia,Eastern Asia,Eastern Asia,South Korea
Diethylene Glycol,APAC,Asia,Eastern Asia,Eastern Asia,Taiwan
Diethylene Glycol,APAC,Asia,South-eastern Asia,South-eastern Asia,Brunei Darussalam
Diethylene Glycol,APAC,Asia,South-eastern Asia,South-eastern Asia,Indonesia
Diethylene Glycol,APAC,Asia,South-eastern Asia,South-eastern Asia,Malaysia
Diethylene Glycol,APAC,Asia,South-eastern Asia,South-eastern Asia,Myanmar
Diethylene Glycol,APAC,Asia,South-eastern Asia,South-eastern Asia,Other Southeast Asia
Diethylene Glycol,APAC,Asia,South-eastern Asia,South-eastern Asia,Philippines
Diethylene Glycol,APAC,Asia,South-eastern Asia,South-eastern Asia,Singapore
Diethylene Glycol,APAC,Asia,South-eastern Asia,South-eastern Asia,Thailand
Diethylene Glycol,APAC,Asia,South-eastern Asia,South-eastern Asia,Vietnam
Diethylene Glycol,APAC,Asia,Southern Asia,Southern Asia,Bangladesh
Diethylene Glycol,APAC,Asia,Southern Asia,Southern Asia,India
Diethylene Glycol,APAC,Asia,Southern Asia,Southern Asia,Other South Asia
Diethylene Glycol,APAC,Asia,Southern Asia,Southern Asia,Pakistan
Diethylene Glycol,APAC,Asia,Southern Asia,Southern Asia,Sri Lanka
Diethylene Glycol,APAC,Oceania,Australia and New Zealand,Australia and New Zealand,Australia
Diethylene Glycol,APAC,Oceania,Australia and New Zealand,Australia and New Zealand,New Zealand
Diethylene Glycol,EMEA,Africa,Central Africa,Central Africa,Angola
Diethylene Glycol,EMEA,Africa,Central Africa,Central Africa,Cameroon
Diethylene Glycol,EMEA,Africa,Central Africa,Central Africa,Equatorial Guinea
Diethylene Glycol,EMEA,Africa,Central Africa,Central Africa,Republic of the Congo
Diethylene Glycol,EMEA,Africa,Eastern Africa,Eastern Africa,Ethiopia
Diethylene Glycol,EMEA,Africa,Eastern Africa,Eastern Africa,Kenya
Diethylene Glycol,EMEA,Africa,Eastern Africa,Eastern Africa,Tanzania
Diethylene Glycol,EMEA,Africa,Eastern Africa,Eastern Africa,Uganda
Diethylene Glycol,EMEA,Africa,Northern Africa,Northern Africa,Algeria
Diethylene Glycol,EMEA,Africa,Northern Africa,Northern Africa,Egypt
Diethylene Glycol,EMEA,Africa,Northern Africa,Northern Africa,Libya
Diethylene Glycol,EMEA,Africa,Northern Africa,Northern Africa,Morocco
Diethylene Glycol,EMEA,Africa,Northern Africa,Northern Africa,Tunisia
Diethylene Glycol,EMEA,Africa,Other Africa (Region),Other Africa (Region),Other Africa (Country)
Diethylene Glycol,EMEA,Africa,Southern Africa,Southern Africa,Mozambique
Diethylene Glycol,EMEA,Africa,Southern Africa,Southern Africa,South Africa
Diethylene Glycol,EMEA,Africa,Western Africa,Western Africa,Ghana
Diethylene Glycol,EMEA,Africa,Western Africa,Western Africa,Nigeria
Diethylene Glycol,EMEA,Eurasia,,Eurasia,Azerbaijan
Diethylene Glycol,EMEA,Eurasia,,Eurasia,Belarus
Diethylene Glycol,EMEA,Eurasia,,Eurasia,Kazakhstan
Diethylene Glycol,EMEA,Eurasia,,Eurasia,Other Russia and CIS
Diethylene Glycol,EMEA,Eurasia,,Eurasia,Russia
Diethylene Glycol,EMEA,Eurasia,,Eurasia,Turkmenistan
Diethylene Glycol,EMEA,Eurasia,,Eurasia,Ukraine
Diethylene Glycol,EMEA,Eurasia,,Eurasia,Uzbekistan
Diethylene Glycol,EMEA,Europe,Eastern Europe,Eastern Europe,Bulgaria
Diethylene Glycol,EMEA,Europe,Eastern Europe,Eastern Europe,Czechia
Diethylene Glycol,EMEA,Europe,Eastern Europe,Eastern Europe,Hungary
Diethylene Glycol,EMEA,Europe,Eastern Europe,Eastern Europe,Poland
Diethylene Glycol,EMEA,Europe,Eastern Europe,Eastern Europe,Romania
Diethylene Glycol,EMEA,Europe,Eastern Europe,Eastern Europe,Slovakia
Diethylene Glycol,EMEA,Europe,Northern Europe,Northern Europe,Denmark
Diethylene Glycol,EMEA,Europe,Northern Europe,Northern Europe,Estonia
Diethylene Glycol,EMEA,Europe,Northern Europe,Northern Europe,Finland
Diethylene Glycol,EMEA,Europe,Northern Europe,Northern Europe,Latvia
Diethylene Glycol,EMEA,Europe,Northern Europe,Northern Europe,Lithuania
Diethylene Glycol,EMEA,Europe,Northern Europe,Northern Europe,Norway
Diethylene Glycol,EMEA,Europe,Northern Europe,Northern Europe,Sweden
Diethylene Glycol,EMEA,Europe,Northern Europe,Northern Europe,United Kingdom
Diethylene Glycol,EMEA,Europe,Other Central and Eastern Europe (Region),Other Central and Eastern Europe (Region),Other Central and Eastern Europe (Country)
Diethylene Glycol,EMEA,Europe,Southern Europe,Southern Europe,Croatia
Diethylene Glycol,EMEA,Europe,Southern Europe,Southern Europe,Greece
Diethylene Glycol,EMEA,Europe,Southern Europe,Southern Europe,Italy
Diethylene Glycol,EMEA,Europe,Southern Europe,Southern Europe,Portugal
Diethylene Glycol,EMEA,Europe,Southern Europe,Southern Europe,Serbia
Diethylene Glycol,EMEA,Europe,Southern Europe,Southern Europe,Slovenia
Diethylene Glycol,EMEA,Europe,Southern Europe,Southern Europe,Spain
Diethylene Glycol,EMEA,Europe,Southern Europe,Southern Europe,Turkey
Diethylene Glycol,EMEA,Europe,Western Europe,Western Europe,Austria
Diethylene Glycol,EMEA,Europe,Western Europe,Western Europe,Belgium
Diethylene Glycol,EMEA,Europe,Western Europe,Western Europe,France
Diethylene Glycol,EMEA,Europe,Western Europe,Western Europe,Germany
Diethylene Glycol,EMEA,Europe,Western Europe,Western Europe,Netherlands
Diethylene Glycol,EMEA,Europe,Western Europe,Western Europe,Other Western Europe
Diethylene Glycol,EMEA,Europe,Western Europe,Western Europe,Switzerland
Diethylene Glycol,EMEA,Middle East,,Middle East,Bahrain
Diethylene Glycol,EMEA,Middle East,,Middle East,Iran
Diethylene Glycol,EMEA,Middle East,,Middle East,Iraq
Diethylene Glycol,EMEA,Middle East,,Middle East,Israel
Diethylene Glycol,EMEA,Middle East,,Middle East,Kuwait
Diethylene Glycol,EMEA,Middle East,,Middle East,Oman
Diethylene Glycol,EMEA,Middle East,,Middle East,Other Middle East
Diethylene Glycol,EMEA,Middle East,,Middle East,Qatar
Diethylene Glycol,EMEA,Middle East,,Middle East,Saudi Arabia
Diethylene Glycol,EMEA,Middle East,,Middle East,United Arab Emirates
Dimethyl Terephthalate,AMER,Latin America and the Caribbean,Caribbean,Caribbean,Trinidad and Tobago
Dimethyl Terephthalate,AMER,Latin America and the Caribbean,Central America,Central America,Mexico
Dimethyl Terephthalate,AMER,Latin America and the Caribbean,Other Central and South America (Region),Other Central and South America (Region),Other Central and South America (Country)
Dimethyl Terephthalate,AMER,Latin America and the Caribbean,South America,South America,Argentina
Dimethyl Terephthalate,AMER,Latin America and the Caribbean,South America,South America,Bolivia
Dimethyl Terephthalate,AMER,Latin America and the Caribbean,South America,South America,Brazil
Dimethyl Terephthalate,AMER,Latin America and the Caribbean,South America,South America,Chile
Dimethyl Terephthalate,AMER,Latin America and the Caribbean,South America,South America,Colombia
Dimethyl Terephthalate,AMER,Latin America and the Caribbean,South America,South America,Ecuador
Dimethyl Terephthalate,AMER,Latin America and the Caribbean,South America,South America,Paraguay
Dimethyl Terephthalate,AMER,Latin America and the Caribbean,South America,South America,Peru
Dimethyl Terephthalate,AMER,Latin America and the Caribbean,South America,South America,Uruguay
Dimethyl Terephthalate,AMER,Latin America and the Caribbean,South America,South America,Venezuela
Dimethyl Terephthalate,AMER,North America,,North America,Canada
Dimethyl Terephthalate,AMER,North America,,North America,Other North America
Dimethyl Terephthalate,AMER,North America,,North America,United States
Dimethyl Terephthalate,APAC,Asia,Eastern Asia,Eastern Asia,China
Dimethyl Terephthalate,APAC,Asia,Eastern Asia,Eastern Asia,Hong Kong
Dimethyl Terephthalate,APAC,Asia,Eastern Asia,Eastern Asia,Japan
Dimethyl Terephthalate,APAC,Asia,Eastern Asia,Eastern Asia,Macao
Dimethyl Terephthalate,APAC,Asia,Eastern Asia,Eastern Asia,Other Northeast Asia ex China
Dimethyl Terephthalate,APAC,Asia,Eastern Asia,Eastern Asia,South Korea
Dimethyl Terephthalate,APAC,Asia,Eastern Asia,Eastern Asia,Taiwan
Dimethyl Terephthalate,APAC,Asia,South-eastern Asia,South-eastern Asia,Brunei Darussalam
Dimethyl Terephthalate,APAC,Asia,South-eastern Asia,South-eastern Asia,Indonesia
Dimethyl Terephthalate,APAC,Asia,South-eastern Asia,South-eastern Asia,Malaysia
Dimethyl Terephthalate,APAC,Asia,South-eastern Asia,South-eastern Asia,Myanmar
Dimethyl Terephthalate,APAC,Asia,South-eastern Asia,South-eastern Asia,Other Southeast Asia
Dimethyl Terephthalate,APAC,Asia,South-eastern Asia,South-eastern Asia,Philippines
Dimethyl Terephthalate,APAC,Asia,South-eastern Asia,South-eastern Asia,Singapore
Dimethyl Terephthalate,APAC,Asia,South-eastern Asia,South-eastern Asia,Thailand
Dimethyl Terephthalate,APAC,Asia,South-eastern Asia,South-eastern Asia,Vietnam
Dimethyl Terephthalate,APAC,Asia,Southern Asia,Southern Asia,Bangladesh
Dimethyl Terephthalate,APAC,Asia,Southern Asia,Southern Asia,India
Dimethyl Terephthalate,APAC,Asia,Southern Asia,Southern Asia,Other South Asia
Dimethyl Terephthalate,APAC,Asia,Southern Asia,Southern Asia,Pakistan
Dimethyl Terephthalate,APAC,Asia,Southern Asia,Southern Asia,Sri Lanka
Dimethyl Terephthalate,APAC,Oceania,Australia and New Zealand,Australia and New Zealand,Australia
Dimethyl Terephthalate,APAC,Oceania,Australia and New Zealand,Australia and New Zealand,New Zealand
Dimethyl Terephthalate,EMEA,Africa,Central Africa,Central Africa,Angola
Dimethyl Terephthalate,EMEA,Africa,Central Africa,Central Africa,Cameroon
Dimethyl Terephthalate,EMEA,Africa,Central Africa,Central Africa,Equatorial Guinea
Dimethyl Terephthalate,EMEA,Africa,Central Africa,Central Africa,Republic of the Congo
Dimethyl Terephthalate,EMEA,Africa,Eastern Africa,Eastern Africa,Ethiopia
Dimethyl Terephthalate,EMEA,Africa,Eastern Africa,Eastern Africa,Kenya
Dimethyl Terephthalate,EMEA,Africa,Eastern Africa,Eastern Africa,Tanzania
Dimethyl Terephthalate,EMEA,Africa,Eastern Africa,Eastern Africa,Uganda
Dimethyl Terephthalate,EMEA,Africa,Northern Africa,Northern Africa,Algeria
Dimethyl Terephthalate,EMEA,Africa,Northern Africa,Northern Africa,Egypt
Dimethyl Terephthalate,EMEA,Africa,Northern Africa,Northern Africa,Libya
Dimethyl Terephthalate,EMEA,Africa,Northern Africa,Northern Africa,Morocco
Dimethyl Terephthalate,EMEA,Africa,Northern Africa,Northern Africa,Tunisia
Dimethyl Terephthalate,EMEA,Africa,Other Africa (Region),Other Africa (Region),Other Africa (Country)
Dimethyl Terephthalate,EMEA,Africa,Southern Africa,Southern Africa,Mozambique
Dimethyl Terephthalate,EMEA,Africa,Southern Africa,Southern Africa,South Africa
Dimethyl Terephthalate,EMEA,Africa,Western Africa,Western Africa,Ghana
Dimethyl Terephthalate,EMEA,Africa,Western Africa,Western Africa,Nigeria
Dimethyl Terephthalate,EMEA,Eurasia,,Eurasia,Azerbaijan
Dimethyl Terephthalate,EMEA,Eurasia,,Eurasia,Belarus
Dimethyl Terephthalate,EMEA,Eurasia,,Eurasia,Kazakhstan
Dimethyl Terephthalate,EMEA,Eurasia,,Eurasia,Other Russia and CIS
Dimethyl Terephthalate,EMEA,Eurasia,,Eurasia,Russia
Dimethyl Terephthalate,EMEA,Eurasia,,Eurasia,Turkmenistan
Dimethyl Terephthalate,EMEA,Eurasia,,Eurasia,Ukraine
Dimethyl Terephthalate,EMEA,Eurasia,,Eurasia,Uzbekistan
Dimethyl Terephthalate,EMEA,Europe,Eastern Europe,Eastern Europe,Bulgaria
Dimethyl Terephthalate,EMEA,Europe,Eastern Europe,Eastern Europe,Czechia
Dimethyl Terephthalate,EMEA,Europe,Eastern Europe,Eastern Europe,Hungary
Dimethyl Terephthalate,EMEA,Europe,Eastern Europe,Eastern Europe,Poland
Dimethyl Terephthalate,EMEA,Europe,Eastern Europe,Eastern Europe,Romania
Dimethyl Terephthalate,EMEA,Europe,Eastern Europe,Eastern Europe,Slovakia
Dimethyl Terephthalate,EMEA,Europe,Northern Europe,Northern Europe,Denmark
Dimethyl Terephthalate,EMEA,Europe,Northern Europe,Northern Europe,Estonia
Dimethyl Terephthalate,EMEA,Europe,Northern Europe,Northern Europe,Finland
Dimethyl Terephthalate,EMEA,Europe,Northern Europe,Northern Europe,Latvia
Dimethyl Terephthalate,EMEA,Europe,Northern Europe,Northern Europe,Lithuania
Dimethyl Terephthalate,EMEA,Europe,Northern Europe,Northern Europe,Norway
Dimethyl Terephthalate,EMEA,Europe,Northern Europe,Northern Europe,Sweden
Dimethyl Terephthalate,EMEA,Europe,Northern Europe,Northern Europe,United Kingdom
Dimethyl Terephthalate,EMEA,Europe,Other Central and Eastern Europe (Region),Other Central and Eastern Europe (Region),Other Central and Eastern Europe (Country)
Dimethyl Terephthalate,EMEA,Europe,Southern Europe,Southern Europe,Croatia
Dimethyl Terephthalate,EMEA,Europe,Southern Europe,Southern Europe,Greece
Dimethyl Terephthalate,EMEA,Europe,Southern Europe,Southern Europe,Italy
Dimethyl Terephthalate,EMEA,Europe,Southern Europe,Southern Europe,Portugal
Dimethyl Terephthalate,EMEA,Europe,Southern Europe,Southern Europe,Serbia
Dimethyl Terephthalate,EMEA,Europe,Southern Europe,Southern Europe,Slovenia
Dimethyl Terephthalate,EMEA,Europe,Southern Europe,Southern Europe,Spain
Dimethyl Terephthalate,EMEA,Europe,Southern Europe,Southern Europe,Turkey
Dimethyl Terephthalate,EMEA,Europe,Western Europe,Western Europe,Austria
Dimethyl Terephthalate,EMEA,Europe,Western Europe,Western Europe,Belgium
Dimethyl Terephthalate,EMEA,Europe,Western Europe,Western Europe,France
Dimethyl Terephthalate,EMEA,Europe,Western Europe,Western Europe,Germany
Dimethyl Terephthalate,EMEA,Europe,Western Europe,Western Europe,Netherlands
Dimethyl Terephthalate,EMEA,Europe,Western Europe,Western Europe,Other Western Europe
Dimethyl Terephthalate,EMEA,Europe,Western Europe,Western Europe,Switzerland
Dimethyl Terephthalate,EMEA,Middle East,,Middle East,Bahrain
Dimethyl Terephthalate,EMEA,Middle East,,Middle East,Iran
Dimethyl Terephthalate,EMEA,Middle East,,Middle East,Iraq
Dimethyl Terephthalate,EMEA,Middle East,,Middle East,Israel
Dimethyl Terephthalate,EMEA,Middle East,,Middle East,Kuwait
Dimethyl Terephthalate,EMEA,Middle East,,Middle East,Oman
Dimethyl Terephthalate,EMEA,Middle East,,Middle East,Other Middle East
Dimethyl Terephthalate,EMEA,Middle East,,Middle East,Qatar
Dimethyl Terephthalate,EMEA,Middle East,,Middle East,Saudi Arabia
Dimethyl Terephthalate,EMEA,Middle East,,Middle East,United Arab Emirates
Ethyl Acetate,AMER,Latin America and the Caribbean,Caribbean,Caribbean,Trinidad and Tobago
Ethyl Acetate,AMER,Latin America and the Caribbean,Central America,Central America,Mexico
Ethyl Acetate,AMER,Latin America and the Caribbean,Other Central and South America (Region),Other Central and South America (Region),Other Central and South America (Country)
Ethyl Acetate,AMER,Latin America and the Caribbean,South America,South America,Argentina
Ethyl Acetate,AMER,Latin America and the Caribbean,South America,South America,Bolivia
Ethyl Acetate,AMER,Latin America and the Caribbean,South America,South America,Brazil
Ethyl Acetate,AMER,Latin America and the Caribbean,South America,South America,Chile
Ethyl Acetate,AMER,Latin America and the Caribbean,South America,South America,Colombia
Ethyl Acetate,AMER,Latin America and the Caribbean,South America,South America,Ecuador
Ethyl Acetate,AMER,Latin America and the Caribbean,South America,South America,Paraguay
Ethyl Acetate,AMER,Latin America and the Caribbean,South America,South America,Peru
Ethyl Acetate,AMER,Latin America and the Caribbean,South America,South America,Uruguay
Ethyl Acetate,AMER,Latin America and the Caribbean,South America,South America,Venezuela
Ethyl Acetate,AMER,North America,,North America,Canada
Ethyl Acetate,AMER,North America,,North America,Other North America
Ethyl Acetate,AMER,North America,,North America,United States
Ethyl Acetate,APAC,Asia,Eastern Asia,Eastern Asia,China
Ethyl Acetate,APAC,Asia,Eastern Asia,Eastern Asia,Hong Kong
Ethyl Acetate,APAC,Asia,Eastern Asia,Eastern Asia,Japan
Ethyl Acetate,APAC,Asia,Eastern Asia,Eastern Asia,Macao
Ethyl Acetate,APAC,Asia,Eastern Asia,Eastern Asia,Other Northeast Asia ex China
Ethyl Acetate,APAC,Asia,Eastern Asia,Eastern Asia,South Korea
Ethyl Acetate,APAC,Asia,Eastern Asia,Eastern Asia,Taiwan
Ethyl Acetate,APAC,Asia,South-eastern Asia,South-eastern Asia,Brunei Darussalam
Ethyl Acetate,APAC,Asia,South-eastern Asia,South-eastern Asia,Indonesia
Ethyl Acetate,APAC,Asia,South-eastern Asia,South-eastern Asia,Malaysia
Ethyl Acetate,APAC,Asia,South-eastern Asia,South-eastern Asia,Myanmar
Ethyl Acetate,APAC,Asia,South-eastern Asia,South-eastern Asia,Other Southeast Asia
Ethyl Acetate,APAC,Asia,South-eastern Asia,South-eastern Asia,Philippines
Ethyl Acetate,APAC,Asia,South-eastern Asia,South-eastern Asia,Singapore
Ethyl Acetate,APAC,Asia,South-eastern Asia,South-eastern Asia,Thailand
Ethyl Acetate,APAC,Asia,South-eastern Asia,South-eastern Asia,Vietnam
Ethyl Acetate,APAC,Asia,Southern Asia,Southern Asia,Bangladesh
Ethyl Acetate,APAC,Asia,Southern Asia,Southern Asia,India
Ethyl Acetate,APAC,Asia,Southern Asia,Southern Asia,Other South Asia
Ethyl Acetate,APAC,Asia,Southern Asia,Southern Asia,Pakistan
Ethyl Acetate,APAC,Asia,Southern Asia,Southern Asia,Sri Lanka
Ethyl Acetate,APAC,Oceania,Australia and New Zealand,Australia and New Zealand,Australia
Ethyl Acetate,APAC,Oceania,Australia and New Zealand,Australia and New Zealand,New Zealand
Ethyl Acetate,EMEA,Africa,Central Africa,Central Africa,Angola
Ethyl Acetate,EMEA,Africa,Central Africa,Central Africa,Cameroon
Ethyl Acetate,EMEA,Africa,Central Africa,Central Africa,Equatorial Guinea
Ethyl Acetate,EMEA,Africa,Central Africa,Central Africa,Republic of the Congo
Ethyl Acetate,EMEA,Africa,Eastern Africa,Eastern Africa,Ethiopia
Ethyl Acetate,EMEA,Africa,Eastern Africa,Eastern Africa,Kenya
Ethyl Acetate,EMEA,Africa,Eastern Africa,Eastern Africa,Tanzania
Ethyl Acetate,EMEA,Africa,Eastern Africa,Eastern Africa,Uganda
Ethyl Acetate,EMEA,Africa,Northern Africa,Northern Africa,Algeria
Ethyl Acetate,EMEA,Africa,Northern Africa,Northern Africa,Egypt
Ethyl Acetate,EMEA,Africa,Northern Africa,Northern Africa,Libya
Ethyl Acetate,EMEA,Africa,Northern Africa,Northern Africa,Morocco
Ethyl Acetate,EMEA,Africa,Northern Africa,Northern Africa,Tunisia
Ethyl Acetate,EMEA,Africa,Other Africa (Region),Other Africa (Region),Other Africa (Country)
Ethyl Acetate,EMEA,Africa,Southern Africa,Southern Africa,Mozambique
Ethyl Acetate,EMEA,Africa,Southern Africa,Southern Africa,South Africa
Ethyl Acetate,EMEA,Africa,Western Africa,Western Africa,Ghana
Ethyl Acetate,EMEA,Africa,Western Africa,Western Africa,Nigeria
Ethyl Acetate,EMEA,Eurasia,,Eurasia,Azerbaijan
Ethyl Acetate,EMEA,Eurasia,,Eurasia,Belarus
Ethyl Acetate,EMEA,Eurasia,,Eurasia,Kazakhstan
Ethyl Acetate,EMEA,Eurasia,,Eurasia,Other Russia and CIS
Ethyl Acetate,EMEA,Eurasia,,Eurasia,Russia
Ethyl Acetate,EMEA,Eurasia,,Eurasia,Turkmenistan
Ethyl Acetate,EMEA,Eurasia,,Eurasia,Ukraine
Ethyl Acetate,EMEA,Eurasia,,Eurasia,Uzbekistan
Ethyl Acetate,EMEA,Europe,Eastern Europe,Eastern Europe,Bulgaria
Ethyl Acetate,EMEA,Europe,Eastern Europe,Eastern Europe,Czechia
Ethyl Acetate,EMEA,Europe,Eastern Europe,Eastern Europe,Hungary
Ethyl Acetate,EMEA,Europe,Eastern Europe,Eastern Europe,Poland
Ethyl Acetate,EMEA,Europe,Eastern Europe,Eastern Europe,Romania
Ethyl Acetate,EMEA,Europe,Eastern Europe,Eastern Europe,Slovakia
Ethyl Acetate,EMEA,Europe,Northern Europe,Northern Europe,Denmark
Ethyl Acetate,EMEA,Europe,Northern Europe,Northern Europe,Estonia
Ethyl Acetate,EMEA,Europe,Northern Europe,Northern Europe,Finland
Ethyl Acetate,EMEA,Europe,Northern Europe,Northern Europe,Latvia
Ethyl Acetate,EMEA,Europe,Northern Europe,Northern Europe,Lithuania
Ethyl Acetate,EMEA,Europe,Northern Europe,Northern Europe,Norway
Ethyl Acetate,EMEA,Europe,Northern Europe,Northern Europe,Sweden
Ethyl Acetate,EMEA,Europe,Northern Europe,Northern Europe,United Kingdom
Ethyl Acetate,EMEA,Europe,Other Central and Eastern Europe (Region),Other Central and Eastern Europe (Region),Other Central and Eastern Europe (Country)
Ethyl Acetate,EMEA,Europe,Southern Europe,Southern Europe,Croatia
Ethyl Acetate,EMEA,Europe,Southern Europe,Southern Europe,Greece
Ethyl Acetate,EMEA,Europe,Southern Europe,Southern Europe,Italy
Ethyl Acetate,EMEA,Europe,Southern Europe,Southern Europe,Portugal
Ethyl Acetate,EMEA,Europe,Southern Europe,Southern Europe,Serbia
Ethyl Acetate,EMEA,Europe,Southern Europe,Southern Europe,Slovenia
Ethyl Acetate,EMEA,Europe,Southern Europe,Southern Europe,Spain
Ethyl Acetate,EMEA,Europe,Southern Europe,Southern Europe,Turkey
Ethyl Acetate,EMEA,Europe,Western Europe,Western Europe,Austria
Ethyl Acetate,EMEA,Europe,Western Europe,Western Europe,Belgium
Ethyl Acetate,EMEA,Europe,Western Europe,Western Europe,France
Ethyl Acetate,EMEA,Europe,Western Europe,Western Europe,Germany
Ethyl Acetate,EMEA,Europe,Western Europe,Western Europe,Netherlands
Ethyl Acetate,EMEA,Europe,Western Europe,Western Europe,Other Western Europe
Ethyl Acetate,EMEA,Europe,Western Europe,Western Europe,Switzerland
Ethyl Acetate,EMEA,Middle East,,Middle East,Bahrain
Ethyl Acetate,EMEA,Middle East,,Middle East,Iran
Ethyl Acetate,EMEA,Middle East,,Middle East,Iraq
Ethyl Acetate,EMEA,Middle East,,Middle East,Israel
Ethyl Acetate,EMEA,Middle East,,Middle East,Kuwait
Ethyl Acetate,EMEA,Middle East,,Middle East,Oman
Ethyl Acetate,EMEA,Middle East,,Middle East,Other Middle East
Ethyl Acetate,EMEA,Middle East,,Middle East,Qatar
Ethyl Acetate,EMEA,Middle East,,Middle East,Saudi Arabia
Ethyl Acetate,EMEA,Middle East,,Middle East,United Arab Emirates
Ethylbenzene,AMER,Latin America and the Caribbean,Caribbean,Caribbean,Trinidad and Tobago
Ethylbenzene,AMER,Latin America and the Caribbean,Central America,Central America,Mexico
Ethylbenzene,AMER,Latin America and the Caribbean,Other Central and South America (Region),Other Central and South America (Region),Other Central and South America (Country)
Ethylbenzene,AMER,Latin America and the Caribbean,South America,South America,Argentina
Ethylbenzene,AMER,Latin America and the Caribbean,South America,South America,Bolivia
Ethylbenzene,AMER,Latin America and the Caribbean,South America,South America,Brazil
Ethylbenzene,AMER,Latin America and the Caribbean,South America,South America,Chile
Ethylbenzene,AMER,Latin America and the Caribbean,South America,South America,Colombia
Ethylbenzene,AMER,Latin America and the Caribbean,South America,South America,Ecuador
Ethylbenzene,AMER,Latin America and the Caribbean,South America,South America,Paraguay
Ethylbenzene,AMER,Latin America and the Caribbean,South America,South America,Peru
Ethylbenzene,AMER,Latin America and the Caribbean,South America,South America,Uruguay
Ethylbenzene,AMER,Latin America and the Caribbean,South America,South America,Venezuela
Ethylbenzene,AMER,North America,,North America,Canada
Ethylbenzene,AMER,North America,,North America,Other North America
Ethylbenzene,AMER,North America,,North America,United States
Ethylbenzene,APAC,Asia,Eastern Asia,Eastern Asia,China
Ethylbenzene,APAC,Asia,Eastern Asia,Eastern Asia,Hong Kong
Ethylbenzene,APAC,Asia,Eastern Asia,Eastern Asia,Japan
Ethylbenzene,APAC,Asia,Eastern Asia,Eastern Asia,Macao
Ethylbenzene,APAC,Asia,Eastern Asia,Eastern Asia,Other Northeast Asia ex China
Ethylbenzene,APAC,Asia,Eastern Asia,Eastern Asia,South Korea
Ethylbenzene,APAC,Asia,Eastern Asia,Eastern Asia,Taiwan
Ethylbenzene,APAC,Asia,South-eastern Asia,South-eastern Asia,Brunei Darussalam
Ethylbenzene,APAC,Asia,South-eastern Asia,South-eastern Asia,Indonesia
Ethylbenzene,APAC,Asia,South-eastern Asia,South-eastern Asia,Malaysia
Ethylbenzene,APAC,Asia,South-eastern Asia,South-eastern Asia,Myanmar
Ethylbenzene,APAC,Asia,South-eastern Asia,South-eastern Asia,Other Southeast Asia
Ethylbenzene,APAC,Asia,South-eastern Asia,South-eastern Asia,Philippines
Ethylbenzene,APAC,Asia,South-eastern Asia,South-eastern Asia,Singapore
Ethylbenzene,APAC,Asia,South-eastern Asia,South-eastern Asia,Thailand
Ethylbenzene,APAC,Asia,South-eastern Asia,South-eastern Asia,Vietnam
Ethylbenzene,APAC,Asia,Southern Asia,Southern Asia,Bangladesh
Ethylbenzene,APAC,Asia,Southern Asia,Southern Asia,India
Ethylbenzene,APAC,Asia,Southern Asia,Southern Asia,Other South Asia
Ethylbenzene,APAC,Asia,Southern Asia,Southern Asia,Pakistan
Ethylbenzene,APAC,Asia,Southern Asia,Southern Asia,Sri Lanka
Ethylbenzene,APAC,Oceania,Australia and New Zealand,Australia and New Zealand,Australia
Ethylbenzene,APAC,Oceania,Australia and New Zealand,Australia and New Zealand,New Zealand
Ethylbenzene,EMEA,Africa,Central Africa,Central Africa,Angola
Ethylbenzene,EMEA,Africa,Central Africa,Central Africa,Cameroon
Ethylbenzene,EMEA,Africa,Central Africa,Central Africa,Equatorial Guinea
Ethylbenzene,EMEA,Africa,Central Africa,Central Africa,Republic of the Congo
Ethylbenzene,EMEA,Africa,Eastern Africa,Eastern Africa,Ethiopia
Ethylbenzene,EMEA,Africa,Eastern Africa,Eastern Africa,Kenya
Ethylbenzene,EMEA,Africa,Eastern Africa,Eastern Africa,Tanzania
Ethylbenzene,EMEA,Africa,Eastern Africa,Eastern Africa,Uganda
Ethylbenzene,EMEA,Africa,Northern Africa,Northern Africa,Algeria
Ethylbenzene,EMEA,Africa,Northern Africa,Northern Africa,Egypt
Ethylbenzene,EMEA,Africa,Northern Africa,Northern Africa,Libya
Ethylbenzene,EMEA,Africa,Northern Africa,Northern Africa,Morocco
Ethylbenzene,EMEA,Africa,Northern Africa,Northern Africa,Tunisia
Ethylbenzene,EMEA,Africa,Other Africa (Region),Other Africa (Region),Other Africa (Country)
Ethylbenzene,EMEA,Africa,Southern Africa,Southern Africa,Mozambique
Ethylbenzene,EMEA,Africa,Southern Africa,Southern Africa,South Africa
Ethylbenzene,EMEA,Africa,Western Africa,Western Africa,Ghana
Ethylbenzene,EMEA,Africa,Western Africa,Western Africa,Nigeria
Ethylbenzene,EMEA,Eurasia,,Eurasia,Azerbaijan
Ethylbenzene,EMEA,Eurasia,,Eurasia,Belarus
Ethylbenzene,EMEA,Eurasia,,Eurasia,Kazakhstan
Ethylbenzene,EMEA,Eurasia,,Eurasia,Other Russia and CIS
Ethylbenzene,EMEA,Eurasia,,Eurasia,Russia
Ethylbenzene,EMEA,Eurasia,,Eurasia,Turkmenistan
Ethylbenzene,EMEA,Eurasia,,Eurasia,Ukraine
Ethylbenzene,EMEA,Eurasia,,Eurasia,Uzbekistan
Ethylbenzene,EMEA,Europe,Eastern Europe,Eastern Europe,Bulgaria
Ethylbenzene,EMEA,Europe,Eastern Europe,Eastern Europe,Czechia
Ethylbenzene,EMEA,Europe,Eastern Europe,Eastern Europe,Hungary
Ethylbenzene,EMEA,Europe,Eastern Europe,Eastern Europe,Poland
Ethylbenzene,EMEA,Europe,Eastern Europe,Eastern Europe,Romania
Ethylbenzene,EMEA,Europe,Eastern Europe,Eastern Europe,Slovakia
Ethylbenzene,EMEA,Europe,Northern Europe,Northern Europe,Denmark
Ethylbenzene,EMEA,Europe,Northern Europe,Northern Europe,Estonia
Ethylbenzene,EMEA,Europe,Northern Europe,Northern Europe,Finland
Ethylbenzene,EMEA,Europe,Northern Europe,Northern Europe,Latvia
Ethylbenzene,EMEA,Europe,Northern Europe,Northern Europe,Lithuania
Ethylbenzene,EMEA,Europe,Northern Europe,Northern Europe,Norway
Ethylbenzene,EMEA,Europe,Northern Europe,Northern Europe,Sweden
Ethylbenzene,EMEA,Europe,Northern Europe,Northern Europe,United Kingdom
Ethylbenzene,EMEA,Europe,Other Central and Eastern Europe (Region),Other Central and Eastern Europe (Region),Other Central and Eastern Europe (Country)
Ethylbenzene,EMEA,Europe,Southern Europe,Southern Europe,Croatia
Ethylbenzene,EMEA,Europe,Southern Europe,Southern Europe,Greece
Ethylbenzene,EMEA,Europe,Southern Europe,Southern Europe,Italy
Ethylbenzene,EMEA,Europe,Southern Europe,Southern Europe,Portugal
Ethylbenzene,EMEA,Europe,Southern Europe,Southern Europe,Serbia
Ethylbenzene,EMEA,Europe,Southern Europe,Southern Europe,Slovenia
Ethylbenzene,EMEA,Europe,Southern Europe,Southern Europe,Spain
Ethylbenzene,EMEA,Europe,Southern Europe,Southern Europe,Turkey
Ethylbenzene,EMEA,Europe,Western Europe,Western Europe,Austria
Ethylbenzene,EMEA,Europe,Western Europe,Western Europe,Belgium
Ethylbenzene,EMEA,Europe,Western Europe,Western Europe,France
Ethylbenzene,EMEA,Europe,Western Europe,Western Europe,Germany
Ethylbenzene,EMEA,Europe,Western Europe,Western Europe,Netherlands
Ethylbenzene,EMEA,Europe,Western Europe,Western Europe,Other Western Europe
Ethylbenzene,EMEA,Europe,Western Europe,Western Europe,Switzerland
Ethylbenzene,EMEA,Middle East,,Middle East,Bahrain
Ethylbenzene,EMEA,Middle East,,Middle East,Iran
Ethylbenzene,EMEA,Middle East,,Middle East,Iraq
Ethylbenzene,EMEA,Middle East,,Middle East,Israel
Ethylbenzene,EMEA,Middle East,,Middle East,Kuwait
Ethylbenzene,EMEA,Middle East,,Middle East,Oman
Ethylbenzene,EMEA,Middle East,,Middle East,Other Middle East
Ethylbenzene,EMEA,Middle East,,Middle East,Qatar
Ethylbenzene,EMEA,Middle East,,Middle East,Saudi Arabia
Ethylbenzene,EMEA,Middle East,,Middle East,United Arab Emirates
Ethylene,AMER,Latin America and the Caribbean,Caribbean,Caribbean,Trinidad and Tobago
Ethylene,AMER,Latin America and the Caribbean,Central America,Central America,Mexico
Ethylene,AMER,Latin America and the Caribbean,Other Central and South America (Region),Other Central and South America (Region),Other Central and South America (Country)
Ethylene,AMER,Latin America and the Caribbean,South America,South America,Argentina
Ethylene,AMER,Latin America and the Caribbean,South America,South America,Bolivia
Ethylene,AMER,Latin America and the Caribbean,South America,South America,Brazil
Ethylene,AMER,Latin America and the Caribbean,South America,South America,Chile
Ethylene,AMER,Latin America and the Caribbean,South America,South America,Colombia
Ethylene,AMER,Latin America and the Caribbean,South America,South America,Ecuador
Ethylene,AMER,Latin America and the Caribbean,South America,South America,Paraguay
Ethylene,AMER,Latin America and the Caribbean,South America,South America,Peru
Ethylene,AMER,Latin America and the Caribbean,South America,South America,Uruguay
Ethylene,AMER,Latin America and the Caribbean,South America,South America,Venezuela
Ethylene,AMER,North America,,North America,Canada
Ethylene,AMER,North America,,North America,Other North America
Ethylene,AMER,North America,,North America,United States
Ethylene,APAC,Asia,Eastern Asia,Eastern Asia,China
Ethylene,APAC,Asia,Eastern Asia,Eastern Asia,Hong Kong
Ethylene,APAC,Asia,Eastern Asia,Eastern Asia,Japan
Ethylene,APAC,Asia,Eastern Asia,Eastern Asia,Macao
Ethylene,APAC,Asia,Eastern Asia,Eastern Asia,Other Northeast Asia ex China
Ethylene,APAC,Asia,Eastern Asia,Eastern Asia,South Korea
Ethylene,APAC,Asia,Eastern Asia,Eastern Asia,Taiwan
Ethylene,APAC,Asia,South-eastern Asia,South-eastern Asia,Brunei Darussalam
Ethylene,APAC,Asia,South-eastern Asia,South-eastern Asia,Indonesia
Ethylene,APAC,Asia,South-eastern Asia,South-eastern Asia,Malaysia
Ethylene,APAC,Asia,South-eastern Asia,South-eastern Asia,Myanmar
Ethylene,APAC,Asia,South-eastern Asia,South-eastern Asia,Other Southeast Asia
Ethylene,APAC,Asia,South-eastern Asia,South-eastern Asia,Philippines
Ethylene,APAC,Asia,South-eastern Asia,South-eastern Asia,Singapore
Ethylene,APAC,Asia,South-eastern Asia,South-eastern Asia,Thailand
Ethylene,APAC,Asia,South-eastern Asia,South-eastern Asia,Vietnam
Ethylene,APAC,Asia,Southern Asia,Southern Asia,Bangladesh
Ethylene,APAC,Asia,Southern Asia,Southern Asia,India
Ethylene,APAC,Asia,Southern Asia,Southern Asia,Other South Asia
Ethylene,APAC,Asia,Southern Asia,Southern Asia,Pakistan
Ethylene,APAC,Asia,Southern Asia,Southern Asia,Sri Lanka
Ethylene,APAC,Oceania,Australia and New Zealand,Australia and New Zealand,Australia
Ethylene,APAC,Oceania,Australia and New Zealand,Australia and New Zealand,New Zealand
Ethylene,EMEA,Africa,Central Africa,Central Africa,Angola
Ethylene,EMEA,Africa,Central Africa,Central Africa,Cameroon
Ethylene,EMEA,Africa,Central Africa,Central Africa,Equatorial Guinea
Ethylene,EMEA,Africa,Central Africa,Central Africa,Republic of the Congo
Ethylene,EMEA,Africa,Eastern Africa,Eastern Africa,Ethiopia
Ethylene,EMEA,Africa,Eastern Africa,Eastern Africa,Kenya
Ethylene,EMEA,Africa,Eastern Africa,Eastern Africa,Tanzania
Ethylene,EMEA,Africa,Eastern Africa,Eastern Africa,Uganda
Ethylene,EMEA,Africa,Northern Africa,Northern Africa,Algeria
Ethylene,EMEA,Africa,Northern Africa,Northern Africa,Egypt
Ethylene,EMEA,Africa,Northern Africa,Northern Africa,Libya
Ethylene,EMEA,Africa,Northern Africa,Northern Africa,Morocco
Ethylene,EMEA,Africa,Northern Africa,Northern Africa,Tunisia
Ethylene,EMEA,Africa,Other Africa (Region),Other Africa (Region),Other Africa (Country)
Ethylene,EMEA,Africa,Southern Africa,Southern Africa,Mozambique
Ethylene,EMEA,Africa,Southern Africa,Southern Africa,South Africa
Ethylene,EMEA,Africa,Western Africa,Western Africa,Ghana
Ethylene,EMEA,Africa,Western Africa,Western Africa,Nigeria
Ethylene,EMEA,Eurasia,,Eurasia,Azerbaijan
Ethylene,EMEA,Eurasia,,Eurasia,Belarus
Ethylene,EMEA,Eurasia,,Eurasia,Kazakhstan
Ethylene,EMEA,Eurasia,,Eurasia,Other Russia and CIS
Ethylene,EMEA,Eurasia,,Eurasia,Russia
Ethylene,EMEA,Eurasia,,Eurasia,Turkmenistan
Ethylene,EMEA,Eurasia,,Eurasia,Ukraine
Ethylene,EMEA,Eurasia,,Eurasia,Uzbekistan
Ethylene,EMEA,Europe,Eastern Europe,Eastern Europe,Bulgaria
Ethylene,EMEA,Europe,Eastern Europe,Eastern Europe,Czechia
Ethylene,EMEA,Europe,Eastern Europe,Eastern Europe,Hungary
Ethylene,EMEA,Europe,Eastern Europe,Eastern Europe,Poland
Ethylene,EMEA,Europe,Eastern Europe,Eastern Europe,Romania
Ethylene,EMEA,Europe,Eastern Europe,Eastern Europe,Slovakia
Ethylene,EMEA,Europe,Northern Europe,Northern Europe,Denmark
Ethylene,EMEA,Europe,Northern Europe,Northern Europe,Estonia
Ethylene,EMEA,Europe,Northern Europe,Northern Europe,Finland
Ethylene,EMEA,Europe,Northern Europe,Northern Europe,Latvia
Ethylene,EMEA,Europe,Northern Europe,Northern Europe,Lithuania
Ethylene,EMEA,Europe,Northern Europe,Northern Europe,Norway
Ethylene,EMEA,Europe,Northern Europe,Northern Europe,Sweden
Ethylene,EMEA,Europe,Northern Europe,Northern Europe,United Kingdom
Ethylene,EMEA,Europe,Other Central and Eastern Europe (Region),Other Central and Eastern Europe (Region),Other Central and Eastern Europe (Country)
Ethylene,EMEA,Europe,Southern Europe,Southern Europe,Croatia
Ethylene,EMEA,Europe,Southern Europe,Southern Europe,Greece
Ethylene,EMEA,Europe,Southern Europe,Southern Europe,Italy
Ethylene,EMEA,Europe,Southern Europe,Southern Europe,Portugal
Ethylene,EMEA,Europe,Southern Europe,Southern Europe,Serbia
Ethylene,EMEA,Europe,Southern Europe,Southern Europe,Slovenia
Ethylene,EMEA,Europe,Southern Europe,Southern Europe,Spain
Ethylene,EMEA,Europe,Southern Europe,Southern Europe,Turkey
Ethylene,EMEA,Europe,Western Europe,Western Europe,Austria
Ethylene,EMEA,Europe,Western Europe,Western Europe,Belgium
Ethylene,EMEA,Europe,Western Europe,Western Europe,France
Ethylene,EMEA,Europe,Western Europe,Western Europe,Germany
Ethylene,EMEA,Europe,Western Europe,Western Europe,Netherlands
Ethylene,EMEA,Europe,Western Europe,Western Europe,Other Western Europe
Ethylene,EMEA,Europe,Western Europe,Western Europe,Switzerland
Ethylene,EMEA,Middle East,,Middle East,Bahrain
Ethylene,EMEA,Middle East,,Middle East,Iran
Ethylene,EMEA,Middle East,,Middle East,Iraq
Ethylene,EMEA,Middle East,,Middle East,Israel
Ethylene,EMEA,Middle East,,Middle East,Kuwait
Ethylene,EMEA,Middle East,,Middle East,Oman
Ethylene,EMEA,Middle East,,Middle East,Other Middle East
Ethylene,EMEA,Middle East,,Middle East,Qatar
Ethylene,EMEA,Middle East,,Middle East,Saudi Arabia
Ethylene,EMEA,Middle East,,Middle East,United Arab Emirates
Ethylene Dichloride,AMER,Latin America and the Caribbean,Caribbean,Caribbean,Trinidad and Tobago
Ethylene Dichloride,AMER,Latin America and the Caribbean,Central America,Central America,Mexico
Ethylene Dichloride,AMER,Latin America and the Caribbean,Other Central and South America (Region),Other Central and South America (Region),Other Central and South America (Country)
Ethylene Dichloride,AMER,Latin America and the Caribbean,South America,South America,Argentina
Ethylene Dichloride,AMER,Latin America and the Caribbean,South America,South America,Bolivia
Ethylene Dichloride,AMER,Latin America and the Caribbean,South America,South America,Brazil
Ethylene Dichloride,AMER,Latin America and the Caribbean,South America,South America,Chile
Ethylene Dichloride,AMER,Latin America and the Caribbean,South America,South America,Colombia
Ethylene Dichloride,AMER,Latin America and the Caribbean,South America,South America,Ecuador
Ethylene Dichloride,AMER,Latin America and the Caribbean,South America,South America,Paraguay
Ethylene Dichloride,AMER,Latin America and the Caribbean,South America,South America,Peru
Ethylene Dichloride,AMER,Latin America and the Caribbean,South America,South America,Uruguay
Ethylene Dichloride,AMER,Latin America and the Caribbean,South America,South America,Venezuela
Ethylene Dichloride,AMER,North America,,North America,Canada
Ethylene Dichloride,AMER,North America,,North America,Other North America
Ethylene Dichloride,AMER,North America,,North America,United States
Ethylene Dichloride,APAC,Asia,Eastern Asia,Eastern Asia,China
Ethylene Dichloride,APAC,Asia,Eastern Asia,Eastern Asia,Hong Kong
Ethylene Dichloride,APAC,Asia,Eastern Asia,Eastern Asia,Japan
Ethylene Dichloride,APAC,Asia,Eastern Asia,Eastern Asia,Macao
Ethylene Dichloride,APAC,Asia,Eastern Asia,Eastern Asia,Other Northeast Asia ex China
Ethylene Dichloride,APAC,Asia,Eastern Asia,Eastern Asia,South Korea
Ethylene Dichloride,APAC,Asia,Eastern Asia,Eastern Asia,Taiwan
Ethylene Dichloride,APAC,Asia,South-eastern Asia,South-eastern Asia,Brunei Darussalam
Ethylene Dichloride,APAC,Asia,South-eastern Asia,South-eastern Asia,Indonesia
Ethylene Dichloride,APAC,Asia,South-eastern Asia,South-eastern Asia,Malaysia
Ethylene Dichloride,APAC,Asia,South-eastern Asia,South-eastern Asia,Myanmar
Ethylene Dichloride,APAC,Asia,South-eastern Asia,South-eastern Asia,Other Southeast Asia
Ethylene Dichloride,APAC,Asia,South-eastern Asia,South-eastern Asia,Philippines
Ethylene Dichloride,APAC,Asia,South-eastern Asia,South-eastern Asia,Singapore
Ethylene Dichloride,APAC,Asia,South-eastern Asia,South-eastern Asia,Thailand
Ethylene Dichloride,APAC,Asia,South-eastern Asia,South-eastern Asia,Vietnam
Ethylene Dichloride,APAC,Asia,Southern Asia,Southern Asia,Bangladesh
Ethylene Dichloride,APAC,Asia,Southern Asia,Southern Asia,India
Ethylene Dichloride,APAC,Asia,Southern Asia,Southern Asia,Other South Asia
Ethylene Dichloride,APAC,Asia,Southern Asia,Southern Asia,Pakistan
Ethylene Dichloride,APAC,Asia,Southern Asia,Southern Asia,Sri Lanka
Ethylene Dichloride,APAC,Oceania,Australia and New Zealand,Australia and New Zealand,Australia
Ethylene Dichloride,APAC,Oceania,Australia and New Zealand,Australia and New Zealand,New Zealand
Ethylene Dichloride,EMEA,Africa,Central Africa,Central Africa,Angola
Ethylene Dichloride,EMEA,Africa,Central Africa,Central Africa,Cameroon
Ethylene Dichloride,EMEA,Africa,Central Africa,Central Africa,Equatorial Guinea
Ethylene Dichloride,EMEA,Africa,Central Africa,Central Africa,Republic of the Congo
Ethylene Dichloride,EMEA,Africa,Eastern Africa,Eastern Africa,Ethiopia
Ethylene Dichloride,EMEA,Africa,Eastern Africa,Eastern Africa,Kenya
Ethylene Dichloride,EMEA,Africa,Eastern Africa,Eastern Africa,Tanzania
Ethylene Dichloride,EMEA,Africa,Eastern Africa,Eastern Africa,Uganda
Ethylene Dichloride,EMEA,Africa,Northern Africa,Northern Africa,Algeria
Ethylene Dichloride,EMEA,Africa,Northern Africa,Northern Africa,Egypt
Ethylene Dichloride,EMEA,Africa,Northern Africa,Northern Africa,Libya
Ethylene Dichloride,EMEA,Africa,Northern Africa,Northern Africa,Morocco
Ethylene Dichloride,EMEA,Africa,Northern Africa,Northern Africa,Tunisia
Ethylene Dichloride,EMEA,Africa,Other Africa (Region),Other Africa (Region),Other Africa (Country)
Ethylene Dichloride,EMEA,Africa,Southern Africa,Southern Africa,Mozambique
Ethylene Dichloride,EMEA,Africa,Southern Africa,Southern Africa,South Africa
Ethylene Dichloride,EMEA,Africa,Western Africa,Western Africa,Ghana
Ethylene Dichloride,EMEA,Africa,Western Africa,Western Africa,Nigeria
Ethylene Dichloride,EMEA,Eurasia,,Eurasia,Azerbaijan
Ethylene Dichloride,EMEA,Eurasia,,Eurasia,Belarus
Ethylene Dichloride,EMEA,Eurasia,,Eurasia,Kazakhstan
Ethylene Dichloride,EMEA,Eurasia,,Eurasia,Other Russia and CIS
Ethylene Dichloride,EMEA,Eurasia,,Eurasia,Russia
Ethylene Dichloride,EMEA,Eurasia,,Eurasia,Turkmenistan
Ethylene Dichloride,EMEA,Eurasia,,Eurasia,Ukraine
Ethylene Dichloride,EMEA,Eurasia,,Eurasia,Uzbekistan
Ethylene Dichloride,EMEA,Europe,Eastern Europe,Eastern Europe,Bulgaria
Ethylene Dichloride,EMEA,Europe,Eastern Europe,Eastern Europe,Czechia
Ethylene Dichloride,EMEA,Europe,Eastern Europe,Eastern Europe,Hungary
Ethylene Dichloride,EMEA,Europe,Eastern Europe,Eastern Europe,Poland
Ethylene Dichloride,EMEA,Europe,Eastern Europe,Eastern Europe,Romania
Ethylene Dichloride,EMEA,Europe,Eastern Europe,Eastern Europe,Slovakia
Ethylene Dichloride,EMEA,Europe,Northern Europe,Northern Europe,Denmark
Ethylene Dichloride,EMEA,Europe,Northern Europe,Northern Europe,Estonia
Ethylene Dichloride,EMEA,Europe,Northern Europe,Northern Europe,Finland
Ethylene Dichloride,EMEA,Europe,Northern Europe,Northern Europe,Latvia
Ethylene Dichloride,EMEA,Europe,Northern Europe,Northern Europe,Lithuania
Ethylene Dichloride,EMEA,Europe,Northern Europe,Northern Europe,Norway
Ethylene Dichloride,EMEA,Europe,Northern Europe,Northern Europe,Sweden
Ethylene Dichloride,EMEA,Europe,Northern Europe,Northern Europe,United Kingdom
Ethylene Dichloride,EMEA,Europe,Other Central and Eastern Europe (Region),Other Central and Eastern Europe (Region),Other Central and Eastern Europe (Country)
Ethylene Dichloride,EMEA,Europe,Southern Europe,Southern Europe,Croatia
Ethylene Dichloride,EMEA,Europe,Southern Europe,Southern Europe,Greece
Ethylene Dichloride,EMEA,Europe,Southern Europe,Southern Europe,Italy
Ethylene Dichloride,EMEA,Europe,Southern Europe,Southern Europe,Portugal
Ethylene Dichloride,EMEA,Europe,Southern Europe,Southern Europe,Serbia
Ethylene Dichloride,EMEA,Europe,Southern Europe,Southern Europe,Slovenia
Ethylene Dichloride,EMEA,Europe,Southern Europe,Southern Europe,Spain
Ethylene Dichloride,EMEA,Europe,Southern Europe,Southern Europe,Turkey
Ethylene Dichloride,EMEA,Europe,Western Europe,Western Europe,Austria
Ethylene Dichloride,EMEA,Europe,Western Europe,Western Europe,Belgium
Ethylene Dichloride,EMEA,Europe,Western Europe,Western Europe,France
Ethylene Dichloride,EMEA,Europe,Western Europe,Western Europe,Germany
Ethylene Dichloride,EMEA,Europe,Western Europe,Western Europe,Netherlands
Ethylene Dichloride,EMEA,Europe,Western Europe,Western Europe,Other Western Europe
Ethylene Dichloride,EMEA,Europe,Western Europe,Western Europe,Switzerland
Ethylene Dichloride,EMEA,Middle East,,Middle East,Bahrain
Ethylene Dichloride,EMEA,Middle East,,Middle East,Iran
Ethylene Dichloride,EMEA,Middle East,,Middle East,Iraq
Ethylene Dichloride,EMEA,Middle East,,Middle East,Israel
Ethylene Dichloride,EMEA,Middle East,,Middle East,Kuwait
Ethylene Dichloride,EMEA,Middle East,,Middle East,Oman
Ethylene Dichloride,EMEA,Middle East,,Middle East,Other Middle East
Ethylene Dichloride,EMEA,Middle East,,Middle East,Qatar
Ethylene Dichloride,EMEA,Middle East,,Middle East,Saudi Arabia
Ethylene Dichloride,EMEA,Middle East,,Middle East,United Arab Emirates
Ethylene Oxide,AMER,Latin America and the Caribbean,Caribbean,Caribbean,Trinidad and Tobago
Ethylene Oxide,AMER,Latin America and the Caribbean,Central America,Central America,Mexico
Ethylene Oxide,AMER,Latin America and the Caribbean,Other Central and South America (Region),Other Central and South America (Region),Other Central and South America (Country)
Ethylene Oxide,AMER,Latin America and the Caribbean,South America,South America,Argentina
Ethylene Oxide,AMER,Latin America and the Caribbean,South America,South America,Bolivia
Ethylene Oxide,AMER,Latin America and the Caribbean,South America,South America,Brazil
Ethylene Oxide,AMER,Latin America and the Caribbean,South America,South America,Chile
Ethylene Oxide,AMER,Latin America and the Caribbean,South America,South America,Colombia
Ethylene Oxide,AMER,Latin America and the Caribbean,South America,South America,Ecuador
Ethylene Oxide,AMER,Latin America and the Caribbean,South America,South America,Paraguay
Ethylene Oxide,AMER,Latin America and the Caribbean,South America,South America,Peru
Ethylene Oxide,AMER,Latin America and the Caribbean,South America,South America,Uruguay
Ethylene Oxide,AMER,Latin America and the Caribbean,South America,South America,Venezuela
Ethylene Oxide,AMER,North America,,North America,Canada
Ethylene Oxide,AMER,North America,,North America,Other North America
Ethylene Oxide,AMER,North America,,North America,United States
Ethylene Oxide,APAC,Asia,Eastern Asia,Eastern Asia,China
Ethylene Oxide,APAC,Asia,Eastern Asia,Eastern Asia,Hong Kong
Ethylene Oxide,APAC,Asia,Eastern Asia,Eastern Asia,Japan
Ethylene Oxide,APAC,Asia,Eastern Asia,Eastern Asia,Macao
Ethylene Oxide,APAC,Asia,Eastern Asia,Eastern Asia,Other Northeast Asia ex China
Ethylene Oxide,APAC,Asia,Eastern Asia,Eastern Asia,South Korea
Ethylene Oxide,APAC,Asia,Eastern Asia,Eastern Asia,Taiwan
Ethylene Oxide,APAC,Asia,South-eastern Asia,South-eastern Asia,Brunei Darussalam
Ethylene Oxide,APAC,Asia,South-eastern Asia,South-eastern Asia,Indonesia
Ethylene Oxide,APAC,Asia,South-eastern Asia,South-eastern Asia,Malaysia
Ethylene Oxide,APAC,Asia,South-eastern Asia,South-eastern Asia,Myanmar
Ethylene Oxide,APAC,Asia,South-eastern Asia,South-eastern Asia,Other Southeast Asia
Ethylene Oxide,APAC,Asia,South-eastern Asia,South-eastern Asia,Philippines
Ethylene Oxide,APAC,Asia,South-eastern Asia,South-eastern Asia,Singapore
Ethylene Oxide,APAC,Asia,South-eastern Asia,South-eastern Asia,Thailand
Ethylene Oxide,APAC,Asia,South-eastern Asia,South-eastern Asia,Vietnam
Ethylene Oxide,APAC,Asia,Southern Asia,Southern Asia,Bangladesh
Ethylene Oxide,APAC,Asia,Southern Asia,Southern Asia,India
Ethylene Oxide,APAC,Asia,Southern Asia,Southern Asia,Other South Asia
Ethylene Oxide,APAC,Asia,Southern Asia,Southern Asia,Pakistan
Ethylene Oxide,APAC,Asia,Southern Asia,Southern Asia,Sri Lanka
Ethylene Oxide,APAC,Oceania,Australia and New Zealand,Australia and New Zealand,Australia
Ethylene Oxide,APAC,Oceania,Australia and New Zealand,Australia and New Zealand,New Zealand
Ethylene Oxide,EMEA,Africa,Central Africa,Central Africa,Angola
Ethylene Oxide,EMEA,Africa,Central Africa,Central Africa,Cameroon
Ethylene Oxide,EMEA,Africa,Central Africa,Central Africa,Equatorial Guinea
Ethylene Oxide,EMEA,Africa,Central Africa,Central Africa,Republic of the Congo
Ethylene Oxide,EMEA,Africa,Eastern Africa,Eastern Africa,Ethiopia
Ethylene Oxide,EMEA,Africa,Eastern Africa,Eastern Africa,Kenya
Ethylene Oxide,EMEA,Africa,Eastern Africa,Eastern Africa,Tanzania
Ethylene Oxide,EMEA,Africa,Eastern Africa,Eastern Africa,Uganda
Ethylene Oxide,EMEA,Africa,Northern Africa,Northern Africa,Algeria
Ethylene Oxide,EMEA,Africa,Northern Africa,Northern Africa,Egypt
Ethylene Oxide,EMEA,Africa,Northern Africa,Northern Africa,Libya
Ethylene Oxide,EMEA,Africa,Northern Africa,Northern Africa,Morocco
Ethylene Oxide,EMEA,Africa,Northern Africa,Northern Africa,Tunisia
Ethylene Oxide,EMEA,Africa,Other Africa (Region),Other Africa (Region),Other Africa (Country)
Ethylene Oxide,EMEA,Africa,Southern Africa,Southern Africa,Mozambique
Ethylene Oxide,EMEA,Africa,Southern Africa,Southern Africa,South Africa
Ethylene Oxide,EMEA,Africa,Western Africa,Western Africa,Ghana
Ethylene Oxide,EMEA,Africa,Western Africa,Western Africa,Nigeria
Ethylene Oxide,EMEA,Eurasia,,Eurasia,Azerbaijan
Ethylene Oxide,EMEA,Eurasia,,Eurasia,Belarus
Ethylene Oxide,EMEA,Eurasia,,Eurasia,Kazakhstan
Ethylene Oxide,EMEA,Eurasia,,Eurasia,Other Russia and CIS
Ethylene Oxide,EMEA,Eurasia,,Eurasia,Russia
Ethylene Oxide,EMEA,Eurasia,,Eurasia,Turkmenistan
Ethylene Oxide,EMEA,Eurasia,,Eurasia,Ukraine
Ethylene Oxide,EMEA,Eurasia,,Eurasia,Uzbekistan
Ethylene Oxide,EMEA,Europe,Eastern Europe,Eastern Europe,Bulgaria
Ethylene Oxide,EMEA,Europe,Eastern Europe,Eastern Europe,Czechia
Ethylene Oxide,EMEA,Europe,Eastern Europe,Eastern Europe,Hungary
Ethylene Oxide,EMEA,Europe,Eastern Europe,Eastern Europe,Poland
Ethylene Oxide,EMEA,Europe,Eastern Europe,Eastern Europe,Romania
Ethylene Oxide,EMEA,Europe,Eastern Europe,Eastern Europe,Slovakia
Ethylene Oxide,EMEA,Europe,Northern Europe,Northern Europe,Denmark
Ethylene Oxide,EMEA,Europe,Northern Europe,Northern Europe,Estonia
Ethylene Oxide,EMEA,Europe,Northern Europe,Northern Europe,Finland
Ethylene Oxide,EMEA,Europe,Northern Europe,Northern Europe,Latvia
Ethylene Oxide,EMEA,Europe,Northern Europe,Northern Europe,Lithuania
Ethylene Oxide,EMEA,Europe,Northern Europe,Northern Europe,Norway
Ethylene Oxide,EMEA,Europe,Northern Europe,Northern Europe,Sweden
Ethylene Oxide,EMEA,Europe,Northern Europe,Northern Europe,United Kingdom
Ethylene Oxide,EMEA,Europe,Other Central and Eastern Europe (Region),Other Central and Eastern Europe (Region),Other Central and Eastern Europe (Country)
Ethylene Oxide,EMEA,Europe,Southern Europe,Southern Europe,Croatia
Ethylene Oxide,EMEA,Europe,Southern Europe,Southern Europe,Greece
Ethylene Oxide,EMEA,Europe,Southern Europe,Southern Europe,Italy
Ethylene Oxide,EMEA,Europe,Southern Europe,Southern Europe,Portugal
Ethylene Oxide,EMEA,Europe,Southern Europe,Southern Europe,Serbia
Ethylene Oxide,EMEA,Europe,Southern Europe,Southern Europe,Slovenia
Ethylene Oxide,EMEA,Europe,Southern Europe,Southern Europe,Spain
Ethylene Oxide,EMEA,Europe,Southern Europe,Southern Europe,Turkey
Ethylene Oxide,EMEA,Europe,Western Europe,Western Europe,Austria
Ethylene Oxide,EMEA,Europe,Western Europe,Western Europe,Belgium
Ethylene Oxide,EMEA,Europe,Western Europe,Western Europe,France
Ethylene Oxide,EMEA,Europe,Western Europe,Western Europe,Germany
Ethylene Oxide,EMEA,Europe,Western Europe,Western Europe,Netherlands
Ethylene Oxide,EMEA,Europe,Western Europe,Western Europe,Other Western Europe
Ethylene Oxide,EMEA,Europe,Western Europe,Western Europe,Switzerland
Ethylene Oxide,EMEA,Middle East,,Middle East,Bahrain
Ethylene Oxide,EMEA,Middle East,,Middle East,Iran
Ethylene Oxide,EMEA,Middle East,,Middle East,Iraq
Ethylene Oxide,EMEA,Middle East,,Middle East,Israel
Ethylene Oxide,EMEA,Middle East,,Middle East,Kuwait
Ethylene Oxide,EMEA,Middle East,,Middle East,Oman
Ethylene Oxide,EMEA,Middle East,,Middle East,Other Middle East
Ethylene Oxide,EMEA,Middle East,,Middle East,Qatar
Ethylene Oxide,EMEA,Middle East,,Middle East,Saudi Arabia
Ethylene Oxide,EMEA,Middle East,,Middle East,United Arab Emirates
"Ethylene Oxide, High-purity",AMER,Latin America and the Caribbean,Caribbean,Caribbean,Trinidad and Tobago
"Ethylene Oxide, High-purity",AMER,Latin America and the Caribbean,Central America,Central America,Mexico
"Ethylene Oxide, High-purity",AMER,Latin America and the Caribbean,Other Central and South America (Region),Other Central and South America (Region),Other Central and South America (Country)
"Ethylene Oxide, High-purity",AMER,Latin America and the Caribbean,South America,South America,Argentina
"Ethylene Oxide, High-purity",AMER,Latin America and the Caribbean,South America,South America,Bolivia
"Ethylene Oxide, High-purity",AMER,Latin America and the Caribbean,South America,South America,Brazil
"Ethylene Oxide, High-purity",AMER,Latin America and the Caribbean,South America,South America,Chile
"Ethylene Oxide, High-purity",AMER,Latin America and the Caribbean,South America,South America,Colombia
"Ethylene Oxide, High-purity",AMER,Latin America and the Caribbean,South America,South America,Ecuador
"Ethylene Oxide, High-purity",AMER,Latin America and the Caribbean,South America,South America,Paraguay
"Ethylene Oxide, High-purity",AMER,Latin America and the Caribbean,South America,South America,Peru
"Ethylene Oxide, High-purity",AMER,Latin America and the Caribbean,South America,South America,Uruguay
"Ethylene Oxide, High-purity",AMER,Latin America and the Caribbean,South America,South America,Venezuela
"Ethylene Oxide, High-purity",AMER,North America,,North America,Canada
"Ethylene Oxide, High-purity",AMER,North America,,North America,Other North America
"Ethylene Oxide, High-purity",AMER,North America,,North America,United States
"Ethylene Oxide, High-purity",APAC,Asia,Eastern Asia,Eastern Asia,China
"Ethylene Oxide, High-purity",APAC,Asia,Eastern Asia,Eastern Asia,Hong Kong
"Ethylene Oxide, High-purity",APAC,Asia,Eastern Asia,Eastern Asia,Japan
"Ethylene Oxide, High-purity",APAC,Asia,Eastern Asia,Eastern Asia,Macao
"Ethylene Oxide, High-purity",APAC,Asia,Eastern Asia,Eastern Asia,Other Northeast Asia ex China
"Ethylene Oxide, High-purity",APAC,Asia,Eastern Asia,Eastern Asia,South Korea
"Ethylene Oxide, High-purity",APAC,Asia,Eastern Asia,Eastern Asia,Taiwan
"Ethylene Oxide, High-purity",APAC,Asia,South-eastern Asia,South-eastern Asia,Brunei Darussalam
"Ethylene Oxide, High-purity",APAC,Asia,South-eastern Asia,South-eastern Asia,Indonesia
"Ethylene Oxide, High-purity",APAC,Asia,South-eastern Asia,South-eastern Asia,Malaysia
"Ethylene Oxide, High-purity",APAC,Asia,South-eastern Asia,South-eastern Asia,Myanmar
"Ethylene Oxide, High-purity",APAC,Asia,South-eastern Asia,South-eastern Asia,Other Southeast Asia
"Ethylene Oxide, High-purity",APAC,Asia,South-eastern Asia,South-eastern Asia,Philippines
"Ethylene Oxide, High-purity",APAC,Asia,South-eastern Asia,South-eastern Asia,Singapore
"Ethylene Oxide, High-purity",APAC,Asia,South-eastern Asia,South-eastern Asia,Thailand
"Ethylene Oxide, High-purity",APAC,Asia,South-eastern Asia,South-eastern Asia,Vietnam
"Ethylene Oxide, High-purity",APAC,Asia,Southern Asia,Southern Asia,Bangladesh
"Ethylene Oxide, High-purity",APAC,Asia,Southern Asia,Southern Asia,India
"Ethylene Oxide, High-purity",APAC,Asia,Southern Asia,Southern Asia,Other South Asia
"Ethylene Oxide, High-purity",APAC,Asia,Southern Asia,Southern Asia,Pakistan
"Ethylene Oxide, High-purity",APAC,Asia,Southern Asia,Southern Asia,Sri Lanka
"Ethylene Oxide, High-purity",APAC,Oceania,Australia and New Zealand,Australia and New Zealand,Australia
"Ethylene Oxide, High-purity",APAC,Oceania,Australia and New Zealand,Australia and New Zealand,New Zealand
"Ethylene Oxide, High-purity",EMEA,Africa,Central Africa,Central Africa,Angola
"Ethylene Oxide, High-purity",EMEA,Africa,Central Africa,Central Africa,Cameroon
"Ethylene Oxide, High-purity",EMEA,Africa,Central Africa,Central Africa,Equatorial Guinea
"Ethylene Oxide, High-purity",EMEA,Africa,Central Africa,Central Africa,Republic of the Congo
"Ethylene Oxide, High-purity",EMEA,Africa,Eastern Africa,Eastern Africa,Ethiopia
"Ethylene Oxide, High-purity",EMEA,Africa,Eastern Africa,Eastern Africa,Kenya
"Ethylene Oxide, High-purity",EMEA,Africa,Eastern Africa,Eastern Africa,Tanzania
"Ethylene Oxide, High-purity",EMEA,Africa,Eastern Africa,Eastern Africa,Uganda
"Ethylene Oxide, High-purity",EMEA,Africa,Northern Africa,Northern Africa,Algeria
"Ethylene Oxide, High-purity",EMEA,Africa,Northern Africa,Northern Africa,Egypt
"Ethylene Oxide, High-purity",EMEA,Africa,Northern Africa,Northern Africa,Libya
"Ethylene Oxide, High-purity",EMEA,Africa,Northern Africa,Northern Africa,Morocco
"Ethylene Oxide, High-purity",EMEA,Africa,Northern Africa,Northern Africa,Tunisia
"Ethylene Oxide, High-purity",EMEA,Africa,Other Africa (Region),Other Africa (Region),Other Africa (Country)
"Ethylene Oxide, High-purity",EMEA,Africa,Southern Africa,Southern Africa,Mozambique
"Ethylene Oxide, High-purity",EMEA,Africa,Southern Africa,Southern Africa,South Africa
"Ethylene Oxide, High-purity",EMEA,Africa,Western Africa,Western Africa,Ghana
"Ethylene Oxide, High-purity",EMEA,Africa,Western Africa,Western Africa,Nigeria
"Ethylene Oxide, High-purity",EMEA,Eurasia,,Eurasia,Azerbaijan
"Ethylene Oxide, High-purity",EMEA,Eurasia,,Eurasia,Belarus
"Ethylene Oxide, High-purity",EMEA,Eurasia,,Eurasia,Kazakhstan
"Ethylene Oxide, High-purity",EMEA,Eurasia,,Eurasia,Other Russia and CIS
"Ethylene Oxide, High-purity",EMEA,Eurasia,,Eurasia,Russia
"Ethylene Oxide, High-purity",EMEA,Eurasia,,Eurasia,Turkmenistan
"Ethylene Oxide, High-purity",EMEA,Eurasia,,Eurasia,Ukraine
"Ethylene Oxide, High-purity",EMEA,Eurasia,,Eurasia,Uzbekistan
"Ethylene Oxide, High-purity",EMEA,Europe,Eastern Europe,Eastern Europe,Bulgaria
"Ethylene Oxide, High-purity",EMEA,Europe,Eastern Europe,Eastern Europe,Czechia
"Ethylene Oxide, High-purity",EMEA,Europe,Eastern Europe,Eastern Europe,Hungary
"Ethylene Oxide, High-purity",EMEA,Europe,Eastern Europe,Eastern Europe,Poland
"Ethylene Oxide, High-purity",EMEA,Europe,Eastern Europe,Eastern Europe,Romania
"Ethylene Oxide, High-purity",EMEA,Europe,Eastern Europe,Eastern Europe,Slovakia
"Ethylene Oxide, High-purity",EMEA,Europe,Northern Europe,Northern Europe,Denmark
"Ethylene Oxide, High-purity",EMEA,Europe,Northern Europe,Northern Europe,Estonia
"Ethylene Oxide, High-purity",EMEA,Europe,Northern Europe,Northern Europe,Finland
"Ethylene Oxide, High-purity",EMEA,Europe,Northern Europe,Northern Europe,Latvia
"Ethylene Oxide, High-purity",EMEA,Europe,Northern Europe,Northern Europe,Lithuania
"Ethylene Oxide, High-purity",EMEA,Europe,Northern Europe,Northern Europe,Norway
"Ethylene Oxide, High-purity",EMEA,Europe,Northern Europe,Northern Europe,Sweden
"Ethylene Oxide, High-purity",EMEA,Europe,Northern Europe,Northern Europe,United Kingdom
"Ethylene Oxide, High-purity",EMEA,Europe,Other Central and Eastern Europe (Region),Other Central and Eastern Europe (Region),Other Central and Eastern Europe (Country)
"Ethylene Oxide, High-purity",EMEA,Europe,Southern Europe,Southern Europe,Croatia
"Ethylene Oxide, High-purity",EMEA,Europe,Southern Europe,Southern Europe,Greece
"Ethylene Oxide, High-purity",EMEA,Europe,Southern Europe,Southern Europe,Italy
"Ethylene Oxide, High-purity",EMEA,Europe,Southern Europe,Southern Europe,Portugal
"Ethylene Oxide, High-purity",EMEA,Europe,Southern Europe,Southern Europe,Serbia
"Ethylene Oxide, High-purity",EMEA,Europe,Southern Europe,Southern Europe,Slovenia
"Ethylene Oxide, High-purity",EMEA,Europe,Southern Europe,Southern Europe,Spain
"Ethylene Oxide, High-purity",EMEA,Europe,Southern Europe,Southern Europe,Turkey
"Ethylene Oxide, High-purity",EMEA,Europe,Western Europe,Western Europe,Austria
"Ethylene Oxide, High-purity",EMEA,Europe,Western Europe,Western Europe,Belgium
"Ethylene Oxide, High-purity",EMEA,Europe,Western Europe,Western Europe,France
"Ethylene Oxide, High-purity",EMEA,Europe,Western Europe,Western Europe,Germany
"Ethylene Oxide, High-purity",EMEA,Europe,Western Europe,Western Europe,Netherlands
"Ethylene Oxide, High-purity",EMEA,Europe,Western Europe,Western Europe,Other Western Europe
"Ethylene Oxide, High-purity",EMEA,Europe,Western Europe,Western Europe,Switzerland
"Ethylene Oxide, High-purity",EMEA,Middle East,,Middle East,Bahrain
"Ethylene Oxide, High-purity",EMEA,Middle East,,Middle East,Iran
"Ethylene Oxide, High-purity",EMEA,Middle East,,Middle East,Iraq
"Ethylene Oxide, High-purity",EMEA,Middle East,,Middle East,Israel
"Ethylene Oxide, High-purity",EMEA,Middle East,,Middle East,Kuwait
"Ethylene Oxide, High-purity",EMEA,Middle East,,Middle East,Oman
"Ethylene Oxide, High-purity",EMEA,Middle East,,Middle East,Other Middle East
"Ethylene Oxide, High-purity",EMEA,Middle East,,Middle East,Qatar
"Ethylene Oxide, High-purity",EMEA,Middle East,,Middle East,Saudi Arabia
"Ethylene Oxide, High-purity",EMEA,Middle East,,Middle East,United Arab Emirates
Formaldehyde,AMER,Latin America and the Caribbean,Caribbean,Caribbean,Trinidad and Tobago
Formaldehyde,AMER,Latin America and the Caribbean,Central America,Central America,Mexico
Formaldehyde,AMER,Latin America and the Caribbean,Other Central and South America (Region),Other Central and South America (Region),Other Central and South America (Country)
Formaldehyde,AMER,Latin America and the Caribbean,South America,South America,Argentina
Formaldehyde,AMER,Latin America and the Caribbean,South America,South America,Bolivia
Formaldehyde,AMER,Latin America and the Caribbean,South America,South America,Brazil
Formaldehyde,AMER,Latin America and the Caribbean,South America,South America,Chile
Formaldehyde,AMER,Latin America and the Caribbean,South America,South America,Colombia
Formaldehyde,AMER,Latin America and the Caribbean,South America,South America,Ecuador
Formaldehyde,AMER,Latin America and the Caribbean,South America,South America,Paraguay
Formaldehyde,AMER,Latin America and the Caribbean,South America,South America,Peru
Formaldehyde,AMER,Latin America and the Caribbean,South America,South America,Uruguay
Formaldehyde,AMER,Latin America and the Caribbean,South America,South America,Venezuela
Formaldehyde,AMER,North America,,North America,Canada
Formaldehyde,AMER,North America,,North America,Other North America
Formaldehyde,AMER,North America,,North America,United States
Formaldehyde,APAC,Asia,Eastern Asia,Eastern Asia,China
Formaldehyde,APAC,Asia,Eastern Asia,Eastern Asia,Hong Kong
Formaldehyde,APAC,Asia,Eastern Asia,Eastern Asia,Japan
Formaldehyde,APAC,Asia,Eastern Asia,Eastern Asia,Macao
Formaldehyde,APAC,Asia,Eastern Asia,Eastern Asia,Other Northeast Asia ex China
Formaldehyde,APAC,Asia,Eastern Asia,Eastern Asia,South Korea
Formaldehyde,APAC,Asia,Eastern Asia,Eastern Asia,Taiwan
Formaldehyde,APAC,Asia,South-eastern Asia,South-eastern Asia,Brunei Darussalam
Formaldehyde,APAC,Asia,South-eastern Asia,South-eastern Asia,Indonesia
Formaldehyde,APAC,Asia,South-eastern Asia,South-eastern Asia,Malaysia
Formaldehyde,APAC,Asia,South-eastern Asia,South-eastern Asia,Myanmar
Formaldehyde,APAC,Asia,South-eastern Asia,South-eastern Asia,Other Southeast Asia
Formaldehyde,APAC,Asia,South-eastern Asia,South-eastern Asia,Philippines
Formaldehyde,APAC,Asia,South-eastern Asia,South-eastern Asia,Singapore
Formaldehyde,APAC,Asia,South-eastern Asia,South-eastern Asia,Thailand
Formaldehyde,APAC,Asia,South-eastern Asia,South-eastern Asia,Vietnam
Formaldehyde,APAC,Asia,Southern Asia,Southern Asia,Bangladesh
Formaldehyde,APAC,Asia,Southern Asia,Southern Asia,India
Formaldehyde,APAC,Asia,Southern Asia,Southern Asia,Other South Asia
Formaldehyde,APAC,Asia,Southern Asia,Southern Asia,Pakistan
Formaldehyde,APAC,Asia,Southern Asia,Southern Asia,Sri Lanka
Formaldehyde,APAC,Oceania,Australia and New Zealand,Australia and New Zealand,Australia
Formaldehyde,APAC,Oceania,Australia and New Zealand,Australia and New Zealand,New Zealand
Formaldehyde,EMEA,Africa,Central Africa,Central Africa,Angola
Formaldehyde,EMEA,Africa,Central Africa,Central Africa,Cameroon
Formaldehyde,EMEA,Africa,Central Africa,Central Africa,Equatorial Guinea
Formaldehyde,EMEA,Africa,Central Africa,Central Africa,Republic of the Congo
Formaldehyde,EMEA,Africa,Eastern Africa,Eastern Africa,Ethiopia
Formaldehyde,EMEA,Africa,Eastern Africa,Eastern Africa,Kenya
Formaldehyde,EMEA,Africa,Eastern Africa,Eastern Africa,Tanzania
Formaldehyde,EMEA,Africa,Eastern Africa,Eastern Africa,Uganda
Formaldehyde,EMEA,Africa,Northern Africa,Northern Africa,Algeria
Formaldehyde,EMEA,Africa,Northern Africa,Northern Africa,Egypt
Formaldehyde,EMEA,Africa,Northern Africa,Northern Africa,Libya
Formaldehyde,EMEA,Africa,Northern Africa,Northern Africa,Morocco
Formaldehyde,EMEA,Africa,Northern Africa,Northern Africa,Tunisia
Formaldehyde,EMEA,Africa,Other Africa (Region),Other Africa (Region),Other Africa (Country)
Formaldehyde,EMEA,Africa,Southern Africa,Southern Africa,Mozambique
Formaldehyde,EMEA,Africa,Southern Africa,Southern Africa,South Africa
Formaldehyde,EMEA,Africa,Western Africa,Western Africa,Ghana
Formaldehyde,EMEA,Africa,Western Africa,Western Africa,Nigeria
Formaldehyde,EMEA,Eurasia,,Eurasia,Azerbaijan
Formaldehyde,EMEA,Eurasia,,Eurasia,Belarus
Formaldehyde,EMEA,Eurasia,,Eurasia,Kazakhstan
Formaldehyde,EMEA,Eurasia,,Eurasia,Other Russia and CIS
Formaldehyde,EMEA,Eurasia,,Eurasia,Russia
Formaldehyde,EMEA,Eurasia,,Eurasia,Turkmenistan
Formaldehyde,EMEA,Eurasia,,Eurasia,Ukraine
Formaldehyde,EMEA,Eurasia,,Eurasia,Uzbekistan
Formaldehyde,EMEA,Europe,Eastern Europe,Eastern Europe,Bulgaria
Formaldehyde,EMEA,Europe,Eastern Europe,Eastern Europe,Czechia
Formaldehyde,EMEA,Europe,Eastern Europe,Eastern Europe,Hungary
Formaldehyde,EMEA,Europe,Eastern Europe,Eastern Europe,Poland
Formaldehyde,EMEA,Europe,Eastern Europe,Eastern Europe,Romania
Formaldehyde,EMEA,Europe,Eastern Europe,Eastern Europe,Slovakia
Formaldehyde,EMEA,Europe,Northern Europe,Northern Europe,Denmark
Formaldehyde,EMEA,Europe,Northern Europe,Northern Europe,Estonia
Formaldehyde,EMEA,Europe,Northern Europe,Northern Europe,Finland
Formaldehyde,EMEA,Europe,Northern Europe,Northern Europe,Latvia
Formaldehyde,EMEA,Europe,Northern Europe,Northern Europe,Lithuania
Formaldehyde,EMEA,Europe,Northern Europe,Northern Europe,Norway
Formaldehyde,EMEA,Europe,Northern Europe,Northern Europe,Sweden
Formaldehyde,EMEA,Europe,Northern Europe,Northern Europe,United Kingdom
Formaldehyde,EMEA,Europe,Other Central and Eastern Europe (Region),Other Central and Eastern Europe (Region),Other Central and Eastern Europe (Country)
Formaldehyde,EMEA,Europe,Southern Europe,Southern Europe,Croatia
Formaldehyde,EMEA,Europe,Southern Europe,Southern Europe,Greece
Formaldehyde,EMEA,Europe,Southern Europe,Southern Europe,Italy
Formaldehyde,EMEA,Europe,Southern Europe,Southern Europe,Portugal
Formaldehyde,EMEA,Europe,Southern Europe,Southern Europe,Serbia
Formaldehyde,EMEA,Europe,Southern Europe,Southern Europe,Slovenia
Formaldehyde,EMEA,Europe,Southern Europe,Southern Europe,Spain
Formaldehyde,EMEA,Europe,Southern Europe,Southern Europe,Turkey
Formaldehyde,EMEA,Europe,Western Europe,Western Europe,Austria
Formaldehyde,EMEA,Europe,Western Europe,Western Europe,Belgium
Formaldehyde,EMEA,Europe,Western Europe,Western Europe,France
Formaldehyde,EMEA,Europe,Western Europe,Western Europe,Germany
Formaldehyde,EMEA,Europe,Western Europe,Western Europe,Netherlands
Formaldehyde,EMEA,Europe,Western Europe,Western Europe,Other Western Europe
Formaldehyde,EMEA,Europe,Western Europe,Western Europe,Switzerland
Formaldehyde,EMEA,Middle East,,Middle East,Bahrain
Formaldehyde,EMEA,Middle East,,Middle East,Iran
Formaldehyde,EMEA,Middle East,,Middle East,Iraq
Formaldehyde,EMEA,Middle East,,Middle East,Israel
Formaldehyde,EMEA,Middle East,,Middle East,Kuwait
Formaldehyde,EMEA,Middle East,,Middle East,Oman
Formaldehyde,EMEA,Middle East,,Middle East,Other Middle East
Formaldehyde,EMEA,Middle East,,Middle East,Qatar
Formaldehyde,EMEA,Middle East,,Middle East,Saudi Arabia
Formaldehyde,EMEA,Middle East,,Middle East,United Arab Emirates
HDPE,AMER,Latin America and the Caribbean,Caribbean,Caribbean,Trinidad and Tobago
HDPE,AMER,Latin America and the Caribbean,Central America,Central America,Mexico
HDPE,AMER,Latin America and the Caribbean,Other Central and South America (Region),Other Central and South America (Region),Other Central and South America (Country)
HDPE,AMER,Latin America and the Caribbean,South America,South America,Argentina
HDPE,AMER,Latin America and the Caribbean,South America,South America,Bolivia
HDPE,AMER,Latin America and the Caribbean,South America,South America,Brazil
HDPE,AMER,Latin America and the Caribbean,South America,South America,Chile
HDPE,AMER,Latin America and the Caribbean,South America,South America,Colombia
HDPE,AMER,Latin America and the Caribbean,South America,South America,Ecuador
HDPE,AMER,Latin America and the Caribbean,South America,South America,Paraguay
HDPE,AMER,Latin America and the Caribbean,South America,South America,Peru
HDPE,AMER,Latin America and the Caribbean,South America,South America,Uruguay
HDPE,AMER,Latin America and the Caribbean,South America,South America,Venezuela
HDPE,AMER,North America,,North America,Canada
HDPE,AMER,North America,,North America,Other North America
HDPE,AMER,North America,,North America,United States
HDPE,APAC,Asia,Eastern Asia,Eastern Asia,China
HDPE,APAC,Asia,Eastern Asia,Eastern Asia,Hong Kong
HDPE,APAC,Asia,Eastern Asia,Eastern Asia,Japan
HDPE,APAC,Asia,Eastern Asia,Eastern Asia,Macao
HDPE,APAC,Asia,Eastern Asia,Eastern Asia,Other Northeast Asia ex China
HDPE,APAC,Asia,Eastern Asia,Eastern Asia,South Korea
HDPE,APAC,Asia,Eastern Asia,Eastern Asia,Taiwan
HDPE,APAC,Asia,South-eastern Asia,South-eastern Asia,Brunei Darussalam
HDPE,APAC,Asia,South-eastern Asia,South-eastern Asia,Indonesia
HDPE,APAC,Asia,South-eastern Asia,South-eastern Asia,Malaysia
HDPE,APAC,Asia,South-eastern Asia,South-eastern Asia,Myanmar
HDPE,APAC,Asia,South-eastern Asia,South-eastern Asia,Other Southeast Asia
HDPE,APAC,Asia,South-eastern Asia,South-eastern Asia,Philippines
HDPE,APAC,Asia,South-eastern Asia,South-eastern Asia,Singapore
HDPE,APAC,Asia,South-eastern Asia,South-eastern Asia,Thailand
HDPE,APAC,Asia,South-eastern Asia,South-eastern Asia,Vietnam
HDPE,APAC,Asia,Southern Asia,Southern Asia,Bangladesh
HDPE,APAC,Asia,Southern Asia,Southern Asia,India
HDPE,APAC,Asia,Southern Asia,Southern Asia,Other South Asia
HDPE,APAC,Asia,Southern Asia,Southern Asia,Pakistan
HDPE,APAC,Asia,Southern Asia,Southern Asia,Sri Lanka
HDPE,APAC,Oceania,Australia and New Zealand,Australia and New Zealand,Australia
HDPE,APAC,Oceania,Australia and New Zealand,Australia and New Zealand,New Zealand
HDPE,EMEA,Africa,Central Africa,Central Africa,Angola
HDPE,EMEA,Africa,Central Africa,Central Africa,Cameroon
HDPE,EMEA,Africa,Central Africa,Central Africa,Equatorial Guinea
HDPE,EMEA,Africa,Central Africa,Central Africa,Republic of the Congo
HDPE,EMEA,Africa,Eastern Africa,Eastern Africa,Ethiopia
HDPE,EMEA,Africa,Eastern Africa,Eastern Africa,Kenya
HDPE,EMEA,Africa,Eastern Africa,Eastern Africa,Tanzania
HDPE,EMEA,Africa,Eastern Africa,Eastern Africa,Uganda
HDPE,EMEA,Africa,Northern Africa,Northern Africa,Algeria
HDPE,EMEA,Africa,Northern Africa,Northern Africa,Egypt
HDPE,EMEA,Africa,Northern Africa,Northern Africa,Libya
HDPE,EMEA,Africa,Northern Africa,Northern Africa,Morocco
HDPE,EMEA,Africa,Northern Africa,Northern Africa,Tunisia
HDPE,EMEA,Africa,Other Africa (Region),Other Africa (Region),Other Africa (Country)
HDPE,EMEA,Africa,Southern Africa,Southern Africa,Mozambique
HDPE,EMEA,Africa,Southern Africa,Southern Africa,South Africa
HDPE,EMEA,Africa,Western Africa,Western Africa,Ghana
HDPE,EMEA,Africa,Western Africa,Western Africa,Nigeria
HDPE,EMEA,Eurasia,,Eurasia,Azerbaijan
HDPE,EMEA,Eurasia,,Eurasia,Belarus
HDPE,EMEA,Eurasia,,Eurasia,Kazakhstan
HDPE,EMEA,Eurasia,,Eurasia,Other Russia and CIS
HDPE,EMEA,Eurasia,,Eurasia,Russia
HDPE,EMEA,Eurasia,,Eurasia,Turkmenistan
HDPE,EMEA,Eurasia,,Eurasia,Ukraine
HDPE,EMEA,Eurasia,,Eurasia,Uzbekistan
HDPE,EMEA,Europe,Eastern Europe,Eastern Europe,Bulgaria
HDPE,EMEA,Europe,Eastern Europe,Eastern Europe,Czechia
HDPE,EMEA,Europe,Eastern Europe,Eastern Europe,Hungary
HDPE,EMEA,Europe,Eastern Europe,Eastern Europe,Poland
HDPE,EMEA,Europe,Eastern Europe,Eastern Europe,Romania
HDPE,EMEA,Europe,Eastern Europe,Eastern Europe,Slovakia
HDPE,EMEA,Europe,Northern Europe,Northern Europe,Denmark
HDPE,EMEA,Europe,Northern Europe,Northern Europe,Estonia
HDPE,EMEA,Europe,Northern Europe,Northern Europe,Finland
HDPE,EMEA,Europe,Northern Europe,Northern Europe,Latvia
HDPE,EMEA,Europe,Northern Europe,Northern Europe,Lithuania
HDPE,EMEA,Europe,Northern Europe,Northern Europe,Norway
HDPE,EMEA,Europe,Northern Europe,Northern Europe,Sweden
HDPE,EMEA,Europe,Northern Europe,Northern Europe,United Kingdom
HDPE,EMEA,Europe,Other Central and Eastern Europe (Region),Other Central and Eastern Europe (Region),Other Central and Eastern Europe (Country)
HDPE,EMEA,Europe,Southern Europe,Southern Europe,Croatia
HDPE,EMEA,Europe,Southern Europe,Southern Europe,Greece
HDPE,EMEA,Europe,Southern Europe,Southern Europe,Italy
HDPE,EMEA,Europe,Southern Europe,Southern Europe,Portugal
HDPE,EMEA,Europe,Southern Europe,Southern Europe,Serbia
HDPE,EMEA,Europe,Southern Europe,Southern Europe,Slovenia
HDPE,EMEA,Europe,Southern Europe,Southern Europe,Spain
HDPE,EMEA,Europe,Southern Europe,Southern Europe,Turkey
HDPE,EMEA,Europe,Western Europe,Western Europe,Austria
HDPE,EMEA,Europe,Western Europe,Western Europe,Belgium
HDPE,EMEA,Europe,Western Europe,Western Europe,France
HDPE,EMEA,Europe,Western Europe,Western Europe,Germany
HDPE,EMEA,Europe,Western Europe,Western Europe,Netherlands
HDPE,EMEA,Europe,Western Europe,Western Europe,Other Western Europe
HDPE,EMEA,Europe,Western Europe,Western Europe,Switzerland
HDPE,EMEA,Middle East,,Middle East,Bahrain
HDPE,EMEA,Middle East,,Middle East,Iran
HDPE,EMEA,Middle East,,Middle East,Iraq
HDPE,EMEA,Middle East,,Middle East,Israel
HDPE,EMEA,Middle East,,Middle East,Kuwait
HDPE,EMEA,Middle East,,Middle East,Oman
HDPE,EMEA,Middle East,,Middle East,Other Middle East
HDPE,EMEA,Middle East,,Middle East,Qatar
HDPE,EMEA,Middle East,,Middle East,Saudi Arabia
HDPE,EMEA,Middle East,,Middle East,United Arab Emirates
Hexamethylenediamine,AMER,Latin America and the Caribbean,Caribbean,Caribbean,Trinidad and Tobago
Hexamethylenediamine,AMER,Latin America and the Caribbean,Central America,Central America,Mexico
Hexamethylenediamine,AMER,Latin America and the Caribbean,Other Central and South America (Region),Other Central and South America (Region),Other Central and South America (Country)
Hexamethylenediamine,AMER,Latin America and the Caribbean,South America,South America,Argentina
Hexamethylenediamine,AMER,Latin America and the Caribbean,South America,South America,Bolivia
Hexamethylenediamine,AMER,Latin America and the Caribbean,South America,South America,Brazil
Hexamethylenediamine,AMER,Latin America and the Caribbean,South America,South America,Chile
Hexamethylenediamine,AMER,Latin America and the Caribbean,South America,South America,Colombia
Hexamethylenediamine,AMER,Latin America and the Caribbean,South America,South America,Ecuador
Hexamethylenediamine,AMER,Latin America and the Caribbean,South America,South America,Paraguay
Hexamethylenediamine,AMER,Latin America and the Caribbean,South America,South America,Peru
Hexamethylenediamine,AMER,Latin America and the Caribbean,South America,South America,Uruguay
Hexamethylenediamine,AMER,Latin America and the Caribbean,South America,South America,Venezuela
Hexamethylenediamine,AMER,North America,,North America,Canada
Hexamethylenediamine,AMER,North America,,North America,Other North America
Hexamethylenediamine,AMER,North America,,North America,United States
Hexamethylenediamine,APAC,Asia,Eastern Asia,Eastern Asia,China
Hexamethylenediamine,APAC,Asia,Eastern Asia,Eastern Asia,Hong Kong
Hexamethylenediamine,APAC,Asia,Eastern Asia,Eastern Asia,Japan
Hexamethylenediamine,APAC,Asia,Eastern Asia,Eastern Asia,Macao
Hexamethylenediamine,APAC,Asia,Eastern Asia,Eastern Asia,Other Northeast Asia ex China
Hexamethylenediamine,APAC,Asia,Eastern Asia,Eastern Asia,South Korea
Hexamethylenediamine,APAC,Asia,Eastern Asia,Eastern Asia,Taiwan
Hexamethylenediamine,APAC,Asia,South-eastern Asia,South-eastern Asia,Brunei Darussalam
Hexamethylenediamine,APAC,Asia,South-eastern Asia,South-eastern Asia,Indonesia
Hexamethylenediamine,APAC,Asia,South-eastern Asia,South-eastern Asia,Malaysia
Hexamethylenediamine,APAC,Asia,South-eastern Asia,South-eastern Asia,Myanmar
Hexamethylenediamine,APAC,Asia,South-eastern Asia,South-eastern Asia,Other Southeast Asia
Hexamethylenediamine,APAC,Asia,South-eastern Asia,South-eastern Asia,Philippines
Hexamethylenediamine,APAC,Asia,South-eastern Asia,South-eastern Asia,Singapore
Hexamethylenediamine,APAC,Asia,South-eastern Asia,South-eastern Asia,Thailand
Hexamethylenediamine,APAC,Asia,South-eastern Asia,South-eastern Asia,Vietnam
Hexamethylenediamine,APAC,Asia,Southern Asia,Southern Asia,Bangladesh
Hexamethylenediamine,APAC,Asia,Southern Asia,Southern Asia,India
Hexamethylenediamine,APAC,Asia,Southern Asia,Southern Asia,Other South Asia
Hexamethylenediamine,APAC,Asia,Southern Asia,Southern Asia,Pakistan
Hexamethylenediamine,APAC,Asia,Southern Asia,Southern Asia,Sri Lanka
Hexamethylenediamine,APAC,Oceania,Australia and New Zealand,Australia and New Zealand,Australia
Hexamethylenediamine,APAC,Oceania,Australia and New Zealand,Australia and New Zealand,New Zealand
Hexamethylenediamine,EMEA,Africa,Central Africa,Central Africa,Angola
Hexamethylenediamine,EMEA,Africa,Central Africa,Central Africa,Cameroon
Hexamethylenediamine,EMEA,Africa,Central Africa,Central Africa,Equatorial Guinea
Hexamethylenediamine,EMEA,Africa,Central Africa,Central Africa,Republic of the Congo
Hexamethylenediamine,EMEA,Africa,Eastern Africa,Eastern Africa,Ethiopia
Hexamethylenediamine,EMEA,Africa,Eastern Africa,Eastern Africa,Kenya
Hexamethylenediamine,EMEA,Africa,Eastern Africa,Eastern Africa,Tanzania
Hexamethylenediamine,EMEA,Africa,Eastern Africa,Eastern Africa,Uganda
Hexamethylenediamine,EMEA,Africa,Northern Africa,Northern Africa,Algeria
Hexamethylenediamine,EMEA,Africa,Northern Africa,Northern Africa,Egypt
Hexamethylenediamine,EMEA,Africa,Northern Africa,Northern Africa,Libya
Hexamethylenediamine,EMEA,Africa,Northern Africa,Northern Africa,Morocco
Hexamethylenediamine,EMEA,Africa,Northern Africa,Northern Africa,Tunisia
Hexamethylenediamine,EMEA,Africa,Other Africa (Region),Other Africa (Region),Other Africa (Country)
Hexamethylenediamine,EMEA,Africa,Southern Africa,Southern Africa,Mozambique
Hexamethylenediamine,EMEA,Africa,Southern Africa,Southern Africa,South Africa
Hexamethylenediamine,EMEA,Africa,Western Africa,Western Africa,Ghana
Hexamethylenediamine,EMEA,Africa,Western Africa,Western Africa,Nigeria
Hexamethylenediamine,EMEA,Eurasia,,Eurasia,Azerbaijan
Hexamethylenediamine,EMEA,Eurasia,,Eurasia,Belarus
Hexamethylenediamine,EMEA,Eurasia,,Eurasia,Kazakhstan
Hexamethylenediamine,EMEA,Eurasia,,Eurasia,Other Russia and CIS
Hexamethylenediamine,EMEA,Eurasia,,Eurasia,Russia
Hexamethylenediamine,EMEA,Eurasia,,Eurasia,Turkmenistan
Hexamethylenediamine,EMEA,Eurasia,,Eurasia,Ukraine
Hexamethylenediamine,EMEA,Eurasia,,Eurasia,Uzbekistan
Hexamethylenediamine,EMEA,Europe,Eastern Europe,Eastern Europe,Bulgaria
Hexamethylenediamine,EMEA,Europe,Eastern Europe,Eastern Europe,Czechia
Hexamethylenediamine,EMEA,Europe,Eastern Europe,Eastern Europe,Hungary
Hexamethylenediamine,EMEA,Europe,Eastern Europe,Eastern Europe,Poland
Hexamethylenediamine,EMEA,Europe,Eastern Europe,Eastern Europe,Romania
Hexamethylenediamine,EMEA,Europe,Eastern Europe,Eastern Europe,Slovakia
Hexamethylenediamine,EMEA,Europe,Northern Europe,Northern Europe,Denmark
Hexamethylenediamine,EMEA,Europe,Northern Europe,Northern Europe,Estonia
Hexamethylenediamine,EMEA,Europe,Northern Europe,Northern Europe,Finland
Hexamethylenediamine,EMEA,Europe,Northern Europe,Northern Europe,Latvia
Hexamethylenediamine,EMEA,Europe,Northern Europe,Northern Europe,Lithuania
Hexamethylenediamine,EMEA,Europe,Northern Europe,Northern Europe,Norway
Hexamethylenediamine,EMEA,Europe,Northern Europe,Northern Europe,Sweden
Hexamethylenediamine,EMEA,Europe,Northern Europe,Northern Europe,United Kingdom
Hexamethylenediamine,EMEA,Europe,Other Central and Eastern Europe (Region),Other Central and Eastern Europe (Region),Other Central and Eastern Europe (Country)
Hexamethylenediamine,EMEA,Europe,Southern Europe,Southern Europe,Croatia
Hexamethylenediamine,EMEA,Europe,Southern Europe,Southern Europe,Greece
Hexamethylenediamine,EMEA,Europe,Southern Europe,Southern Europe,Italy
Hexamethylenediamine,EMEA,Europe,Southern Europe,Southern Europe,Portugal
Hexamethylenediamine,EMEA,Europe,Southern Europe,Southern Europe,Serbia
Hexamethylenediamine,EMEA,Europe,Southern Europe,Southern Europe,Slovenia
Hexamethylenediamine,EMEA,Europe,Southern Europe,Southern Europe,Spain
Hexamethylenediamine,EMEA,Europe,Southern Europe,Southern Europe,Turkey
Hexamethylenediamine,EMEA,Europe,Western Europe,Western Europe,Austria
Hexamethylenediamine,EMEA,Europe,Western Europe,Western Europe,Belgium
Hexamethylenediamine,EMEA,Europe,Western Europe,Western Europe,France
Hexamethylenediamine,EMEA,Europe,Western Europe,Western Europe,Germany
Hexamethylenediamine,EMEA,Europe,Western Europe,Western Europe,Netherlands
Hexamethylenediamine,EMEA,Europe,Western Europe,Western Europe,Other Western Europe
Hexamethylenediamine,EMEA,Europe,Western Europe,Western Europe,Switzerland
Hexamethylenediamine,EMEA,Middle East,,Middle East,Bahrain
Hexamethylenediamine,EMEA,Middle East,,Middle East,Iran
Hexamethylenediamine,EMEA,Middle East,,Middle East,Iraq
Hexamethylenediamine,EMEA,Middle East,,Middle East,Israel
Hexamethylenediamine,EMEA,Middle East,,Middle East,Kuwait
Hexamethylenediamine,EMEA,Middle East,,Middle East,Oman
Hexamethylenediamine,EMEA,Middle East,,Middle East,Other Middle East
Hexamethylenediamine,EMEA,Middle East,,Middle East,Qatar
Hexamethylenediamine,EMEA,Middle East,,Middle East,Saudi Arabia
Hexamethylenediamine,EMEA,Middle East,,Middle East,United Arab Emirates
"Isobutylene, High-purity",AMER,Latin America and the Caribbean,Caribbean,Caribbean,Trinidad and Tobago
"Isobutylene, High-purity",AMER,Latin America and the Caribbean,Central America,Central America,Mexico
"Isobutylene, High-purity",AMER,Latin America and the Caribbean,Other Central and South America (Region),Other Central and South America (Region),Other Central and South America (Country)
"Isobutylene, High-purity",AMER,Latin America and the Caribbean,South America,South America,Argentina
"Isobutylene, High-purity",AMER,Latin America and the Caribbean,South America,South America,Bolivia
"Isobutylene, High-purity",AMER,Latin America and the Caribbean,South America,South America,Brazil
"Isobutylene, High-purity",AMER,Latin America and the Caribbean,South America,South America,Chile
"Isobutylene, High-purity",AMER,Latin America and the Caribbean,South America,South America,Colombia
"Isobutylene, High-purity",AMER,Latin America and the Caribbean,South America,South America,Ecuador
"Isobutylene, High-purity",AMER,Latin America and the Caribbean,South America,South America,Paraguay
"Isobutylene, High-purity",AMER,Latin America and the Caribbean,South America,South America,Peru
"Isobutylene, High-purity",AMER,Latin America and the Caribbean,South America,South America,Uruguay
"Isobutylene, High-purity",AMER,Latin America and the Caribbean,South America,South America,Venezuela
"Isobutylene, High-purity",AMER,North America,,North America,Canada
"Isobutylene, High-purity",AMER,North America,,North America,Other North America
"Isobutylene, High-purity",AMER,North America,,North America,United States
"Isobutylene, High-purity",APAC,Asia,Eastern Asia,Eastern Asia,China
"Isobutylene, High-purity",APAC,Asia,Eastern Asia,Eastern Asia,Hong Kong
"Isobutylene, High-purity",APAC,Asia,Eastern Asia,Eastern Asia,Japan
"Isobutylene, High-purity",APAC,Asia,Eastern Asia,Eastern Asia,Macao
"Isobutylene, High-purity",APAC,Asia,Eastern Asia,Eastern Asia,Other Northeast Asia ex China
"Isobutylene, High-purity",APAC,Asia,Eastern Asia,Eastern Asia,South Korea
"Isobutylene, High-purity",APAC,Asia,Eastern Asia,Eastern Asia,Taiwan
"Isobutylene, High-purity",APAC,Asia,South-eastern Asia,South-eastern Asia,Brunei Darussalam
"Isobutylene, High-purity",APAC,Asia,South-eastern Asia,South-eastern Asia,Indonesia
"Isobutylene, High-purity",APAC,Asia,South-eastern Asia,South-eastern Asia,Malaysia
"Isobutylene, High-purity",APAC,Asia,South-eastern Asia,South-eastern Asia,Myanmar
"Isobutylene, High-purity",APAC,Asia,South-eastern Asia,South-eastern Asia,Other Southeast Asia
"Isobutylene, High-purity",APAC,Asia,South-eastern Asia,South-eastern Asia,Philippines
"Isobutylene, High-purity",APAC,Asia,South-eastern Asia,South-eastern Asia,Singapore
"Isobutylene, High-purity",APAC,Asia,South-eastern Asia,South-eastern Asia,Thailand
"Isobutylene, High-purity",APAC,Asia,South-eastern Asia,South-eastern Asia,Vietnam
"Isobutylene, High-purity",APAC,Asia,Southern Asia,Southern Asia,Bangladesh
"Isobutylene, High-purity",APAC,Asia,Southern Asia,Southern Asia,India
"Isobutylene, High-purity",APAC,Asia,Southern Asia,Southern Asia,Other South Asia
"Isobutylene, High-purity",APAC,Asia,Southern Asia,Southern Asia,Pakistan
"Isobutylene, High-purity",APAC,Asia,Southern Asia,Southern Asia,Sri Lanka
"Isobutylene, High-purity",APAC,Oceania,Australia and New Zealand,Australia and New Zealand,Australia
"Isobutylene, High-purity",APAC,Oceania,Australia and New Zealand,Australia and New Zealand,New Zealand
"Isobutylene, High-purity",EMEA,Africa,Central Africa,Central Africa,Angola
"Isobutylene, High-purity",EMEA,Africa,Central Africa,Central Africa,Cameroon
"Isobutylene, High-purity",EMEA,Africa,Central Africa,Central Africa,Equatorial Guinea
"Isobutylene, High-purity",EMEA,Africa,Central Africa,Central Africa,Republic of the Congo
"Isobutylene, High-purity",EMEA,Africa,Eastern Africa,Eastern Africa,Ethiopia
"Isobutylene, High-purity",EMEA,Africa,Eastern Africa,Eastern Africa,Kenya
"Isobutylene, High-purity",EMEA,Africa,Eastern Africa,Eastern Africa,Tanzania
"Isobutylene, High-purity",EMEA,Africa,Eastern Africa,Eastern Africa,Uganda
"Isobutylene, High-purity",EMEA,Africa,Northern Africa,Northern Africa,Algeria
"Isobutylene, High-purity",EMEA,Africa,Northern Africa,Northern Africa,Egypt
"Isobutylene, High-purity",EMEA,Africa,Northern Africa,Northern Africa,Libya
"Isobutylene, High-purity",EMEA,Africa,Northern Africa,Northern Africa,Morocco
"Isobutylene, High-purity",EMEA,Africa,Northern Africa,Northern Africa,Tunisia
"Isobutylene, High-purity",EMEA,Africa,Other Africa (Region),Other Africa (Region),Other Africa (Country)
"Isobutylene, High-purity",EMEA,Africa,Southern Africa,Southern Africa,Mozambique
"Isobutylene, High-purity",EMEA,Africa,Southern Africa,Southern Africa,South Africa
"Isobutylene, High-purity",EMEA,Africa,Western Africa,Western Africa,Ghana
"Isobutylene, High-purity",EMEA,Africa,Western Africa,Western Africa,Nigeria
"Isobutylene, High-purity",EMEA,Eurasia,,Eurasia,Azerbaijan
"Isobutylene, High-purity",EMEA,Eurasia,,Eurasia,Belarus
"Isobutylene, High-purity",EMEA,Eurasia,,Eurasia,Kazakhstan
"Isobutylene, High-purity",EMEA,Eurasia,,Eurasia,Other Russia and CIS
"Isobutylene, High-purity",EMEA,Eurasia,,Eurasia,Russia
"Isobutylene, High-purity",EMEA,Eurasia,,Eurasia,Turkmenistan
"Isobutylene, High-purity",EMEA,Eurasia,,Eurasia,Ukraine
"Isobutylene, High-purity",EMEA,Eurasia,,Eurasia,Uzbekistan
"Isobutylene, High-purity",EMEA,Europe,Eastern Europe,Eastern Europe,Bulgaria
"Isobutylene, High-purity",EMEA,Europe,Eastern Europe,Eastern Europe,Czechia
"Isobutylene, High-purity",EMEA,Europe,Eastern Europe,Eastern Europe,Hungary
"Isobutylene, High-purity",EMEA,Europe,Eastern Europe,Eastern Europe,Poland
"Isobutylene, High-purity",EMEA,Europe,Eastern Europe,Eastern Europe,Romania
"Isobutylene, High-purity",EMEA,Europe,Eastern Europe,Eastern Europe,Slovakia
"Isobutylene, High-purity",EMEA,Europe,Northern Europe,Northern Europe,Denmark
"Isobutylene, High-purity",EMEA,Europe,Northern Europe,Northern Europe,Estonia
"Isobutylene, High-purity",EMEA,Europe,Northern Europe,Northern Europe,Finland
"Isobutylene, High-purity",EMEA,Europe,Northern Europe,Northern Europe,Latvia
"Isobutylene, High-purity",EMEA,Europe,Northern Europe,Northern Europe,Lithuania
"Isobutylene, High-purity",EMEA,Europe,Northern Europe,Northern Europe,Norway
"Isobutylene, High-purity",EMEA,Europe,Northern Europe,Northern Europe,Sweden
"Isobutylene, High-purity",EMEA,Europe,Northern Europe,Northern Europe,United Kingdom
"Isobutylene, High-purity",EMEA,Europe,Other Central and Eastern Europe (Region),Other Central and Eastern Europe (Region),Other Central and Eastern Europe (Country)
"Isobutylene, High-purity",EMEA,Europe,Southern Europe,Southern Europe,Croatia
"Isobutylene, High-purity",EMEA,Europe,Southern Europe,Southern Europe,Greece
"Isobutylene, High-purity",EMEA,Europe,Southern Europe,Southern Europe,Italy
"Isobutylene, High-purity",EMEA,Europe,Southern Europe,Southern Europe,Portugal
"Isobutylene, High-purity",EMEA,Europe,Southern Europe,Southern Europe,Serbia
"Isobutylene, High-purity",EMEA,Europe,Southern Europe,Southern Europe,Slovenia
"Isobutylene, High-purity",EMEA,Europe,Southern Europe,Southern Europe,Spain
"Isobutylene, High-purity",EMEA,Europe,Southern Europe,Southern Europe,Turkey
"Isobutylene, High-purity",EMEA,Europe,Western Europe,Western Europe,Austria
"Isobutylene, High-purity",EMEA,Europe,Western Europe,Western Europe,Belgium
"Isobutylene, High-purity",EMEA,Europe,Western Europe,Western Europe,France
"Isobutylene, High-purity",EMEA,Europe,Western Europe,Western Europe,Germany
"Isobutylene, High-purity",EMEA,Europe,Western Europe,Western Europe,Netherlands
"Isobutylene, High-purity",EMEA,Europe,Western Europe,Western Europe,Other Western Europe
"Isobutylene, High-purity",EMEA,Europe,Western Europe,Western Europe,Switzerland
"Isobutylene, High-purity",EMEA,Middle East,,Middle East,Bahrain
"Isobutylene, High-purity",EMEA,Middle East,,Middle East,Iran
"Isobutylene, High-purity",EMEA,Middle East,,Middle East,Iraq
"Isobutylene, High-purity",EMEA,Middle East,,Middle East,Israel
"Isobutylene, High-purity",EMEA,Middle East,,Middle East,Kuwait
"Isobutylene, High-purity",EMEA,Middle East,,Middle East,Oman
"Isobutylene, High-purity",EMEA,Middle East,,Middle East,Other Middle East
"Isobutylene, High-purity",EMEA,Middle East,,Middle East,Qatar
"Isobutylene, High-purity",EMEA,Middle East,,Middle East,Saudi Arabia
"Isobutylene, High-purity",EMEA,Middle East,,Middle East,United Arab Emirates
LDPE,AMER,Latin America and the Caribbean,Caribbean,Caribbean,Trinidad and Tobago
LDPE,AMER,Latin America and the Caribbean,Central America,Central America,Mexico
LDPE,AMER,Latin America and the Caribbean,Other Central and South America (Region),Other Central and South America (Region),Other Central and South America (Country)
LDPE,AMER,Latin America and the Caribbean,South America,South America,Argentina
LDPE,AMER,Latin America and the Caribbean,South America,South America,Bolivia
LDPE,AMER,Latin America and the Caribbean,South America,South America,Brazil
LDPE,AMER,Latin America and the Caribbean,South America,South America,Chile
LDPE,AMER,Latin America and the Caribbean,South America,South America,Colombia
LDPE,AMER,Latin America and the Caribbean,South America,South America,Ecuador
LDPE,AMER,Latin America and the Caribbean,South America,South America,Paraguay
LDPE,AMER,Latin America and the Caribbean,South America,South America,Peru
LDPE,AMER,Latin America and the Caribbean,South America,South America,Uruguay
LDPE,AMER,Latin America and the Caribbean,South America,South America,Venezuela
LDPE,AMER,North America,,North America,Canada
LDPE,AMER,North America,,North America,Other North America
LDPE,AMER,North America,,North America,United States
LDPE,APAC,Asia,Eastern Asia,Eastern Asia,China
LDPE,APAC,Asia,Eastern Asia,Eastern Asia,Hong Kong
LDPE,APAC,Asia,Eastern Asia,Eastern Asia,Japan
LDPE,APAC,Asia,Eastern Asia,Eastern Asia,Macao
LDPE,APAC,Asia,Eastern Asia,Eastern Asia,Other Northeast Asia ex China
LDPE,APAC,Asia,Eastern Asia,Eastern Asia,South Korea
LDPE,APAC,Asia,Eastern Asia,Eastern Asia,Taiwan
LDPE,APAC,Asia,South-eastern Asia,South-eastern Asia,Brunei Darussalam
LDPE,APAC,Asia,South-eastern Asia,South-eastern Asia,Indonesia
LDPE,APAC,Asia,South-eastern Asia,South-eastern Asia,Malaysia
LDPE,APAC,Asia,South-eastern Asia,South-eastern Asia,Myanmar
LDPE,APAC,Asia,South-eastern Asia,South-eastern Asia,Other Southeast Asia
LDPE,APAC,Asia,South-eastern Asia,South-eastern Asia,Philippines
LDPE,APAC,Asia,South-eastern Asia,South-eastern Asia,Singapore
LDPE,APAC,Asia,South-eastern Asia,South-eastern Asia,Thailand
LDPE,APAC,Asia,South-eastern Asia,South-eastern Asia,Vietnam
LDPE,APAC,Asia,Southern Asia,Southern Asia,Bangladesh
LDPE,APAC,Asia,Southern Asia,Southern Asia,India
LDPE,APAC,Asia,Southern Asia,Southern Asia,Other South Asia
LDPE,APAC,Asia,Southern Asia,Southern Asia,Pakistan
LDPE,APAC,Asia,Southern Asia,Southern Asia,Sri Lanka
LDPE,APAC,Oceania,Australia and New Zealand,Australia and New Zealand,Australia
LDPE,APAC,Oceania,Australia and New Zealand,Australia and New Zealand,New Zealand
LDPE,EMEA,Africa,Central Africa,Central Africa,Angola
LDPE,EMEA,Africa,Central Africa,Central Africa,Cameroon
LDPE,EMEA,Africa,Central Africa,Central Africa,Equatorial Guinea
LDPE,EMEA,Africa,Central Africa,Central Africa,Republic of the Congo
LDPE,EMEA,Africa,Eastern Africa,Eastern Africa,Ethiopia
LDPE,EMEA,Africa,Eastern Africa,Eastern Africa,Kenya
LDPE,EMEA,Africa,Eastern Africa,Eastern Africa,Tanzania
LDPE,EMEA,Africa,Eastern Africa,Eastern Africa,Uganda
LDPE,EMEA,Africa,Northern Africa,Northern Africa,Algeria
LDPE,EMEA,Africa,Northern Africa,Northern Africa,Egypt
LDPE,EMEA,Africa,Northern Africa,Northern Africa,Libya
LDPE,EMEA,Africa,Northern Africa,Northern Africa,Morocco
LDPE,EMEA,Africa,Northern Africa,Northern Africa,Tunisia
LDPE,EMEA,Africa,Other Africa (Region),Other Africa (Region),Other Africa (Country)
LDPE,EMEA,Africa,Southern Africa,Southern Africa,Mozambique
LDPE,EMEA,Africa,Southern Africa,Southern Africa,South Africa
LDPE,EMEA,Africa,Western Africa,Western Africa,Ghana
LDPE,EMEA,Africa,Western Africa,Western Africa,Nigeria
LDPE,EMEA,Eurasia,,Eurasia,Azerbaijan
LDPE,EMEA,Eurasia,,Eurasia,Belarus
LDPE,EMEA,Eurasia,,Eurasia,Kazakhstan
LDPE,EMEA,Eurasia,,Eurasia,Other Russia and CIS
LDPE,EMEA,Eurasia,,Eurasia,Russia
LDPE,EMEA,Eurasia,,Eurasia,Turkmenistan
LDPE,EMEA,Eurasia,,Eurasia,Ukraine
LDPE,EMEA,Eurasia,,Eurasia,Uzbekistan
LDPE,EMEA,Europe,Eastern Europe,Eastern Europe,Bulgaria
LDPE,EMEA,Europe,Eastern Europe,Eastern Europe,Czechia
LDPE,EMEA,Europe,Eastern Europe,Eastern Europe,Hungary
LDPE,EMEA,Europe,Eastern Europe,Eastern Europe,Poland
LDPE,EMEA,Europe,Eastern Europe,Eastern Europe,Romania
LDPE,EMEA,Europe,Eastern Europe,Eastern Europe,Slovakia
LDPE,EMEA,Europe,Northern Europe,Northern Europe,Denmark
LDPE,EMEA,Europe,Northern Europe,Northern Europe,Estonia
LDPE,EMEA,Europe,Northern Europe,Northern Europe,Finland
LDPE,EMEA,Europe,Northern Europe,Northern Europe,Latvia
LDPE,EMEA,Europe,Northern Europe,Northern Europe,Lithuania
LDPE,EMEA,Europe,Northern Europe,Northern Europe,Norway
LDPE,EMEA,Europe,Northern Europe,Northern Europe,Sweden
LDPE,EMEA,Europe,Northern Europe,Northern Europe,United Kingdom
LDPE,EMEA,Europe,Other Central and Eastern Europe (Region),Other Central and Eastern Europe (Region),Other Central and Eastern Europe (Country)
LDPE,EMEA,Europe,Southern Europe,Southern Europe,Croatia
LDPE,EMEA,Europe,Southern Europe,Southern Europe,Greece
LDPE,EMEA,Europe,Southern Europe,Southern Europe,Italy
LDPE,EMEA,Europe,Southern Europe,Southern Europe,Portugal
LDPE,EMEA,Europe,Southern Europe,Southern Europe,Serbia
LDPE,EMEA,Europe,Southern Europe,Southern Europe,Slovenia
LDPE,EMEA,Europe,Southern Europe,Southern Europe,Spain
LDPE,EMEA,Europe,Southern Europe,Southern Europe,Turkey
LDPE,EMEA,Europe,Western Europe,Western Europe,Austria
LDPE,EMEA,Europe,Western Europe,Western Europe,Belgium
LDPE,EMEA,Europe,Western Europe,Western Europe,France
LDPE,EMEA,Europe,Western Europe,Western Europe,Germany
LDPE,EMEA,Europe,Western Europe,Western Europe,Netherlands
LDPE,EMEA,Europe,Western Europe,Western Europe,Other Western Europe
LDPE,EMEA,Europe,Western Europe,Western Europe,Switzerland
LDPE,EMEA,Middle East,,Middle East,Bahrain
LDPE,EMEA,Middle East,,Middle East,Iran
LDPE,EMEA,Middle East,,Middle East,Iraq
LDPE,EMEA,Middle East,,Middle East,Israel
LDPE,EMEA,Middle East,,Middle East,Kuwait
LDPE,EMEA,Middle East,,Middle East,Oman
LDPE,EMEA,Middle East,,Middle East,Other Middle East
LDPE,EMEA,Middle East,,Middle East,Qatar
LDPE,EMEA,Middle East,,Middle East,Saudi Arabia
LDPE,EMEA,Middle East,,Middle East,United Arab Emirates
LLDPE,AMER,Latin America and the Caribbean,Caribbean,Caribbean,Trinidad and Tobago
LLDPE,AMER,Latin America and the Caribbean,Central America,Central America,Mexico
LLDPE,AMER,Latin America and the Caribbean,Other Central and South America (Region),Other Central and South America (Region),Other Central and South America (Country)
LLDPE,AMER,Latin America and the Caribbean,South America,South America,Argentina
LLDPE,AMER,Latin America and the Caribbean,South America,South America,Bolivia
LLDPE,AMER,Latin America and the Caribbean,South America,South America,Brazil
LLDPE,AMER,Latin America and the Caribbean,South America,South America,Chile
LLDPE,AMER,Latin America and the Caribbean,South America,South America,Colombia
LLDPE,AMER,Latin America and the Caribbean,South America,South America,Ecuador
LLDPE,AMER,Latin America and the Caribbean,South America,South America,Paraguay
LLDPE,AMER,Latin America and the Caribbean,South America,South America,Peru
LLDPE,AMER,Latin America and the Caribbean,South America,South America,Uruguay
LLDPE,AMER,Latin America and the Caribbean,South America,South America,Venezuela
LLDPE,AMER,North America,,North America,Canada
LLDPE,AMER,North America,,North America,Other North America
LLDPE,AMER,North America,,North America,United States
LLDPE,APAC,Asia,Eastern Asia,Eastern Asia,China
LLDPE,APAC,Asia,Eastern Asia,Eastern Asia,Hong Kong
LLDPE,APAC,Asia,Eastern Asia,Eastern Asia,Japan
LLDPE,APAC,Asia,Eastern Asia,Eastern Asia,Macao
LLDPE,APAC,Asia,Eastern Asia,Eastern Asia,Other Northeast Asia ex China
LLDPE,APAC,Asia,Eastern Asia,Eastern Asia,South Korea
LLDPE,APAC,Asia,Eastern Asia,Eastern Asia,Taiwan
LLDPE,APAC,Asia,South-eastern Asia,South-eastern Asia,Brunei Darussalam
LLDPE,APAC,Asia,South-eastern Asia,South-eastern Asia,Indonesia
LLDPE,APAC,Asia,South-eastern Asia,South-eastern Asia,Malaysia
LLDPE,APAC,Asia,South-eastern Asia,South-eastern Asia,Myanmar
LLDPE,APAC,Asia,South-eastern Asia,South-eastern Asia,Other Southeast Asia
LLDPE,APAC,Asia,South-eastern Asia,South-eastern Asia,Philippines
LLDPE,APAC,Asia,South-eastern Asia,South-eastern Asia,Singapore
LLDPE,APAC,Asia,South-eastern Asia,South-eastern Asia,Thailand
LLDPE,APAC,Asia,South-eastern Asia,South-eastern Asia,Vietnam
LLDPE,APAC,Asia,Southern Asia,Southern Asia,Bangladesh
LLDPE,APAC,Asia,Southern Asia,Southern Asia,India
LLDPE,APAC,Asia,Southern Asia,Southern Asia,Other South Asia
LLDPE,APAC,Asia,Southern Asia,Southern Asia,Pakistan
LLDPE,APAC,Asia,Southern Asia,Southern Asia,Sri Lanka
LLDPE,APAC,Oceania,Australia and New Zealand,Australia and New Zealand,Australia
LLDPE,APAC,Oceania,Australia and New Zealand,Australia and New Zealand,New Zealand
LLDPE,EMEA,Africa,Central Africa,Central Africa,Angola
LLDPE,EMEA,Africa,Central Africa,Central Africa,Cameroon
LLDPE,EMEA,Africa,Central Africa,Central Africa,Equatorial Guinea
LLDPE,EMEA,Africa,Central Africa,Central Africa,Republic of the Congo
LLDPE,EMEA,Africa,Eastern Africa,Eastern Africa,Ethiopia
LLDPE,EMEA,Africa,Eastern Africa,Eastern Africa,Kenya
LLDPE,EMEA,Africa,Eastern Africa,Eastern Africa,Tanzania
LLDPE,EMEA,Africa,Eastern Africa,Eastern Africa,Uganda
LLDPE,EMEA,Africa,Northern Africa,Northern Africa,Algeria
LLDPE,EMEA,Africa,Northern Africa,Northern Africa,Egypt
LLDPE,EMEA,Africa,Northern Africa,Northern Africa,Libya
LLDPE,EMEA,Africa,Northern Africa,Northern Africa,Morocco
LLDPE,EMEA,Africa,Northern Africa,Northern Africa,Tunisia
LLDPE,EMEA,Africa,Other Africa (Region),Other Africa (Region),Other Africa (Country)
LLDPE,EMEA,Africa,Southern Africa,Southern Africa,Mozambique
LLDPE,EMEA,Africa,Southern Africa,Southern Africa,South Africa
LLDPE,EMEA,Africa,Western Africa,Western Africa,Ghana
LLDPE,EMEA,Africa,Western Africa,Western Africa,Nigeria
LLDPE,EMEA,Eurasia,,Eurasia,Azerbaijan
LLDPE,EMEA,Eurasia,,Eurasia,Belarus
LLDPE,EMEA,Eurasia,,Eurasia,Kazakhstan
LLDPE,EMEA,Eurasia,,Eurasia,Other Russia and CIS
LLDPE,EMEA,Eurasia,,Eurasia,Russia
LLDPE,EMEA,Eurasia,,Eurasia,Turkmenistan
LLDPE,EMEA,Eurasia,,Eurasia,Ukraine
LLDPE,EMEA,Eurasia,,Eurasia,Uzbekistan
LLDPE,EMEA,Europe,Eastern Europe,Eastern Europe,Bulgaria
LLDPE,EMEA,Europe,Eastern Europe,Eastern Europe,Czechia
LLDPE,EMEA,Europe,Eastern Europe,Eastern Europe,Hungary
LLDPE,EMEA,Europe,Eastern Europe,Eastern Europe,Poland
LLDPE,EMEA,Europe,Eastern Europe,Eastern Europe,Romania
LLDPE,EMEA,Europe,Eastern Europe,Eastern Europe,Slovakia
LLDPE,EMEA,Europe,Northern Europe,Northern Europe,Denmark
LLDPE,EMEA,Europe,Northern Europe,Northern Europe,Estonia
LLDPE,EMEA,Europe,Northern Europe,Northern Europe,Finland
LLDPE,EMEA,Europe,Northern Europe,Northern Europe,Latvia
LLDPE,EMEA,Europe,Northern Europe,Northern Europe,Lithuania
LLDPE,EMEA,Europe,Northern Europe,Northern Europe,Norway
LLDPE,EMEA,Europe,Northern Europe,Northern Europe,Sweden
LLDPE,EMEA,Europe,Northern Europe,Northern Europe,United Kingdom
LLDPE,EMEA,Europe,Other Central and Eastern Europe (Region),Other Central and Eastern Europe (Region),Other Central and Eastern Europe (Country)
LLDPE,EMEA,Europe,Southern Europe,Southern Europe,Croatia
LLDPE,EMEA,Europe,Southern Europe,Southern Europe,Greece
LLDPE,EMEA,Europe,Southern Europe,Southern Europe,Italy
LLDPE,EMEA,Europe,Southern Europe,Southern Europe,Portugal
LLDPE,EMEA,Europe,Southern Europe,Southern Europe,Serbia
LLDPE,EMEA,Europe,Southern Europe,Southern Europe,Slovenia
LLDPE,EMEA,Europe,Southern Europe,Southern Europe,Spain
LLDPE,EMEA,Europe,Southern Europe,Southern Europe,Turkey
LLDPE,EMEA,Europe,Western Europe,Western Europe,Austria
LLDPE,EMEA,Europe,Western Europe,Western Europe,Belgium
LLDPE,EMEA,Europe,Western Europe,Western Europe,France
LLDPE,EMEA,Europe,Western Europe,Western Europe,Germany
LLDPE,EMEA,Europe,Western Europe,Western Europe,Netherlands
LLDPE,EMEA,Europe,Western Europe,Western Europe,Other Western Europe
LLDPE,EMEA,Europe,Western Europe,Western Europe,Switzerland
LLDPE,EMEA,Middle East,,Middle East,Bahrain
LLDPE,EMEA,Middle East,,Middle East,Iran
LLDPE,EMEA,Middle East,,Middle East,Iraq
LLDPE,EMEA,Middle East,,Middle East,Israel
LLDPE,EMEA,Middle East,,Middle East,Kuwait
LLDPE,EMEA,Middle East,,Middle East,Oman
LLDPE,EMEA,Middle East,,Middle East,Other Middle East
LLDPE,EMEA,Middle East,,Middle East,Qatar
LLDPE,EMEA,Middle East,,Middle East,Saudi Arabia
LLDPE,EMEA,Middle East,,Middle East,United Arab Emirates
MTBE,AMER,Latin America and the Caribbean,Caribbean,Caribbean,Trinidad and Tobago
MTBE,AMER,Latin America and the Caribbean,Central America,Central America,Mexico
MTBE,AMER,Latin America and the Caribbean,Other Central and South America (Region),Other Central and South America (Region),Other Central and South America (Country)
MTBE,AMER,Latin America and the Caribbean,South America,South America,Argentina
MTBE,AMER,Latin America and the Caribbean,South America,South America,Bolivia
MTBE,AMER,Latin America and the Caribbean,South America,South America,Brazil
MTBE,AMER,Latin America and the Caribbean,South America,South America,Chile
MTBE,AMER,Latin America and the Caribbean,South America,South America,Colombia
MTBE,AMER,Latin America and the Caribbean,South America,South America,Ecuador
MTBE,AMER,Latin America and the Caribbean,South America,South America,Paraguay
MTBE,AMER,Latin America and the Caribbean,South America,South America,Peru
MTBE,AMER,Latin America and the Caribbean,South America,South America,Uruguay
MTBE,AMER,Latin America and the Caribbean,South America,South America,Venezuela
MTBE,AMER,North America,,North America,Canada
MTBE,AMER,North America,,North America,Other North America
MTBE,AMER,North America,,North America,United States
MTBE,APAC,Asia,Eastern Asia,Eastern Asia,China
MTBE,APAC,Asia,Eastern Asia,Eastern Asia,Hong Kong
MTBE,APAC,Asia,Eastern Asia,Eastern Asia,Japan
MTBE,APAC,Asia,Eastern Asia,Eastern Asia,Macao
MTBE,APAC,Asia,Eastern Asia,Eastern Asia,Other Northeast Asia ex China
MTBE,APAC,Asia,Eastern Asia,Eastern Asia,South Korea
MTBE,APAC,Asia,Eastern Asia,Eastern Asia,Taiwan
MTBE,APAC,Asia,South-eastern Asia,South-eastern Asia,Brunei Darussalam
MTBE,APAC,Asia,South-eastern Asia,South-eastern Asia,Indonesia
MTBE,APAC,Asia,South-eastern Asia,South-eastern Asia,Malaysia
MTBE,APAC,Asia,South-eastern Asia,South-eastern Asia,Myanmar
MTBE,APAC,Asia,South-eastern Asia,South-eastern Asia,Other Southeast Asia
MTBE,APAC,Asia,South-eastern Asia,South-eastern Asia,Philippines
MTBE,APAC,Asia,South-eastern Asia,South-eastern Asia,Singapore
MTBE,APAC,Asia,South-eastern Asia,South-eastern Asia,Thailand
MTBE,APAC,Asia,South-eastern Asia,South-eastern Asia,Vietnam
MTBE,APAC,Asia,Southern Asia,Southern Asia,Bangladesh
MTBE,APAC,Asia,Southern Asia,Southern Asia,India
MTBE,APAC,Asia,Southern Asia,Southern Asia,Other South Asia
MTBE,APAC,Asia,Southern Asia,Southern Asia,Pakistan
MTBE,APAC,Asia,Southern Asia,Southern Asia,Sri Lanka
MTBE,APAC,Oceania,Australia and New Zealand,Australia and New Zealand,Australia
MTBE,APAC,Oceania,Australia and New Zealand,Australia and New Zealand,New Zealand
MTBE,EMEA,Africa,Central Africa,Central Africa,Angola
MTBE,EMEA,Africa,Central Africa,Central Africa,Cameroon
MTBE,EMEA,Africa,Central Africa,Central Africa,Equatorial Guinea
MTBE,EMEA,Africa,Central Africa,Central Africa,Republic of the Congo
MTBE,EMEA,Africa,Eastern Africa,Eastern Africa,Ethiopia
MTBE,EMEA,Africa,Eastern Africa,Eastern Africa,Kenya
MTBE,EMEA,Africa,Eastern Africa,Eastern Africa,Tanzania
MTBE,EMEA,Africa,Eastern Africa,Eastern Africa,Uganda
MTBE,EMEA,Africa,Northern Africa,Northern Africa,Algeria
MTBE,EMEA,Africa,Northern Africa,Northern Africa,Egypt
MTBE,EMEA,Africa,Northern Africa,Northern Africa,Libya
MTBE,EMEA,Africa,Northern Africa,Northern Africa,Morocco
MTBE,EMEA,Africa,Northern Africa,Northern Africa,Tunisia
MTBE,EMEA,Africa,Other Africa (Region),Other Africa (Region),Other Africa (Country)
MTBE,EMEA,Africa,Southern Africa,Southern Africa,Mozambique
MTBE,EMEA,Africa,Southern Africa,Southern Africa,South Africa
MTBE,EMEA,Africa,Western Africa,Western Africa,Ghana
MTBE,EMEA,Africa,Western Africa,Western Africa,Nigeria
MTBE,EMEA,Eurasia,,Eurasia,Azerbaijan
MTBE,EMEA,Eurasia,,Eurasia,Belarus
MTBE,EMEA,Eurasia,,Eurasia,Kazakhstan
MTBE,EMEA,Eurasia,,Eurasia,Other Russia and CIS
MTBE,EMEA,Eurasia,,Eurasia,Russia
MTBE,EMEA,Eurasia,,Eurasia,Turkmenistan
MTBE,EMEA,Eurasia,,Eurasia,Ukraine
MTBE,EMEA,Eurasia,,Eurasia,Uzbekistan
MTBE,EMEA,Europe,Eastern Europe,Eastern Europe,Bulgaria
MTBE,EMEA,Europe,Eastern Europe,Eastern Europe,Czechia
MTBE,EMEA,Europe,Eastern Europe,Eastern Europe,Hungary
MTBE,EMEA,Europe,Eastern Europe,Eastern Europe,Poland
MTBE,EMEA,Europe,Eastern Europe,Eastern Europe,Romania
MTBE,EMEA,Europe,Eastern Europe,Eastern Europe,Slovakia
MTBE,EMEA,Europe,Northern Europe,Northern Europe,Denmark
MTBE,EMEA,Europe,Northern Europe,Northern Europe,Estonia
MTBE,EMEA,Europe,Northern Europe,Northern Europe,Finland
MTBE,EMEA,Europe,Northern Europe,Northern Europe,Latvia
MTBE,EMEA,Europe,Northern Europe,Northern Europe,Lithuania
MTBE,EMEA,Europe,Northern Europe,Northern Europe,Norway
MTBE,EMEA,Europe,Northern Europe,Northern Europe,Sweden
MTBE,EMEA,Europe,Northern Europe,Northern Europe,United Kingdom
MTBE,EMEA,Europe,Other Central and Eastern Europe (Region),Other Central and Eastern Europe (Region),Other Central and Eastern Europe (Country)
MTBE,EMEA,Europe,Southern Europe,Southern Europe,Croatia
MTBE,EMEA,Europe,Southern Europe,Southern Europe,Greece
MTBE,EMEA,Europe,Southern Europe,Southern Europe,Italy
MTBE,EMEA,Europe,Southern Europe,Southern Europe,Portugal
MTBE,EMEA,Europe,Southern Europe,Southern Europe,Serbia
MTBE,EMEA,Europe,Southern Europe,Southern Europe,Slovenia
MTBE,EMEA,Europe,Southern Europe,Southern Europe,Spain
MTBE,EMEA,Europe,Southern Europe,Southern Europe,Turkey
MTBE,EMEA,Europe,Western Europe,Western Europe,Austria
MTBE,EMEA,Europe,Western Europe,Western Europe,Belgium
MTBE,EMEA,Europe,Western Europe,Western Europe,France
MTBE,EMEA,Europe,Western Europe,Western Europe,Germany
MTBE,EMEA,Europe,Western Europe,Western Europe,Netherlands
MTBE,EMEA,Europe,Western Europe,Western Europe,Other Western Europe
MTBE,EMEA,Europe,Western Europe,Western Europe,Switzerland
MTBE,EMEA,Middle East,,Middle East,Bahrain
MTBE,EMEA,Middle East,,Middle East,Iran
MTBE,EMEA,Middle East,,Middle East,Iraq
MTBE,EMEA,Middle East,,Middle East,Israel
MTBE,EMEA,Middle East,,Middle East,Kuwait
MTBE,EMEA,Middle East,,Middle East,Oman
MTBE,EMEA,Middle East,,Middle East,Other Middle East
MTBE,EMEA,Middle East,,Middle East,Qatar
MTBE,EMEA,Middle East,,Middle East,Saudi Arabia
MTBE,EMEA,Middle East,,Middle East,United Arab Emirates
Methanol,AMER,Latin America and the Caribbean,Caribbean,Caribbean,Trinidad and Tobago
Methanol,AMER,Latin America and the Caribbean,Central America,Central America,Mexico
Methanol,AMER,Latin America and the Caribbean,Other Central and South America (Region),Other Central and South America (Region),Other Central and South America (Country)
Methanol,AMER,Latin America and the Caribbean,South America,South America,Argentina
Methanol,AMER,Latin America and the Caribbean,South America,South America,Bolivia
Methanol,AMER,Latin America and the Caribbean,South America,South America,Brazil
Methanol,AMER,Latin America and the Caribbean,South America,South America,Chile
Methanol,AMER,Latin America and the Caribbean,South America,South America,Colombia
Methanol,AMER,Latin America and the Caribbean,South America,South America,Ecuador
Methanol,AMER,Latin America and the Caribbean,South America,South America,Paraguay
Methanol,AMER,Latin America and the Caribbean,South America,South America,Peru
Methanol,AMER,Latin America and the Caribbean,South America,South America,Uruguay
Methanol,AMER,Latin America and the Caribbean,South America,South America,Venezuela
Methanol,AMER,North America,,North America,Canada
Methanol,AMER,North America,,North America,Other North America
Methanol,AMER,North America,,North America,United States
Methanol,APAC,Asia,Eastern Asia,Eastern Asia,China
Methanol,APAC,Asia,Eastern Asia,Eastern Asia,Hong Kong
Methanol,APAC,Asia,Eastern Asia,Eastern Asia,Japan
Methanol,APAC,Asia,Eastern Asia,Eastern Asia,Macao
Methanol,APAC,Asia,Eastern Asia,Eastern Asia,Other Northeast Asia ex China
Methanol,APAC,Asia,Eastern Asia,Eastern Asia,South Korea
Methanol,APAC,Asia,Eastern Asia,Eastern Asia,Taiwan
Methanol,APAC,Asia,South-eastern Asia,South-eastern Asia,Brunei Darussalam
Methanol,APAC,Asia,South-eastern Asia,South-eastern Asia,Indonesia
Methanol,APAC,Asia,South-eastern Asia,South-eastern Asia,Malaysia
Methanol,APAC,Asia,South-eastern Asia,South-eastern Asia,Myanmar
Methanol,APAC,Asia,South-eastern Asia,South-eastern Asia,Other Southeast Asia
Methanol,APAC,Asia,South-eastern Asia,South-eastern Asia,Philippines
Methanol,APAC,Asia,South-eastern Asia,South-eastern Asia,Singapore
Methanol,APAC,Asia,South-eastern Asia,South-eastern Asia,Thailand
Methanol,APAC,Asia,South-eastern Asia,South-eastern Asia,Vietnam
Methanol,APAC,Asia,Southern Asia,Southern Asia,Bangladesh
Methanol,APAC,Asia,Southern Asia,Southern Asia,India
Methanol,APAC,Asia,Southern Asia,Southern Asia,Other South Asia
Methanol,APAC,Asia,Southern Asia,Southern Asia,Pakistan
Methanol,APAC,Asia,Southern Asia,Southern Asia,Sri Lanka
Methanol,APAC,Oceania,Australia and New Zealand,Australia and New Zealand,Australia
Methanol,APAC,Oceania,Australia and New Zealand,Australia and New Zealand,New Zealand
Methanol,EMEA,Africa,Central Africa,Central Africa,Angola
Methanol,EMEA,Africa,Central Africa,Central Africa,Cameroon
Methanol,EMEA,Africa,Central Africa,Central Africa,Equatorial Guinea
Methanol,EMEA,Africa,Central Africa,Central Africa,Republic of the Congo
Methanol,EMEA,Africa,Eastern Africa,Eastern Africa,Ethiopia
Methanol,EMEA,Africa,Eastern Africa,Eastern Africa,Kenya
Methanol,EMEA,Africa,Eastern Africa,Eastern Africa,Tanzania
Methanol,EMEA,Africa,Eastern Africa,Eastern Africa,Uganda
Methanol,EMEA,Africa,Northern Africa,Northern Africa,Algeria
Methanol,EMEA,Africa,Northern Africa,Northern Africa,Egypt
Methanol,EMEA,Africa,Northern Africa,Northern Africa,Libya
Methanol,EMEA,Africa,Northern Africa,Northern Africa,Morocco
Methanol,EMEA,Africa,Northern Africa,Northern Africa,Tunisia
Methanol,EMEA,Africa,Other Africa (Region),Other Africa (Region),Other Africa (Country)
Methanol,EMEA,Africa,Southern Africa,Southern Africa,Mozambique
Methanol,EMEA,Africa,Southern Africa,Southern Africa,South Africa
Methanol,EMEA,Africa,Western Africa,Western Africa,Ghana
Methanol,EMEA,Africa,Western Africa,Western Africa,Nigeria
Methanol,EMEA,Eurasia,,Eurasia,Azerbaijan
Methanol,EMEA,Eurasia,,Eurasia,Belarus
Methanol,EMEA,Eurasia,,Eurasia,Kazakhstan
Methanol,EMEA,Eurasia,,Eurasia,Other Russia and CIS
Methanol,EMEA,Eurasia,,Eurasia,Russia
Methanol,EMEA,Eurasia,,Eurasia,Turkmenistan
Methanol,EMEA,Eurasia,,Eurasia,Ukraine
Methanol,EMEA,Eurasia,,Eurasia,Uzbekistan
Methanol,EMEA,Europe,Eastern Europe,Eastern Europe,Bulgaria
Methanol,EMEA,Europe,Eastern Europe,Eastern Europe,Czechia
Methanol,EMEA,Europe,Eastern Europe,Eastern Europe,Hungary
Methanol,EMEA,Europe,Eastern Europe,Eastern Europe,Poland
Methanol,EMEA,Europe,Eastern Europe,Eastern Europe,Romania
Methanol,EMEA,Europe,Eastern Europe,Eastern Europe,Slovakia
Methanol,EMEA,Europe,Northern Europe,Northern Europe,Denmark
Methanol,EMEA,Europe,Northern Europe,Northern Europe,Estonia
Methanol,EMEA,Europe,Northern Europe,Northern Europe,Finland
Methanol,EMEA,Europe,Northern Europe,Northern Europe,Latvia
Methanol,EMEA,Europe,Northern Europe,Northern Europe,Lithuania
Methanol,EMEA,Europe,Northern Europe,Northern Europe,Norway
Methanol,EMEA,Europe,Northern Europe,Northern Europe,Sweden
Methanol,EMEA,Europe,Northern Europe,Northern Europe,United Kingdom
Methanol,EMEA,Europe,Other Central and Eastern Europe (Region),Other Central and Eastern Europe (Region),Other Central and Eastern Europe (Country)
Methanol,EMEA,Europe,Southern Europe,Southern Europe,Croatia
Methanol,EMEA,Europe,Southern Europe,Southern Europe,Greece
Methanol,EMEA,Europe,Southern Europe,Southern Europe,Italy
Methanol,EMEA,Europe,Southern Europe,Southern Europe,Portugal
Methanol,EMEA,Europe,Southern Europe,Southern Europe,Serbia
Methanol,EMEA,Europe,Southern Europe,Southern Europe,Slovenia
Methanol,EMEA,Europe,Southern Europe,Southern Europe,Spain
Methanol,EMEA,Europe,Southern Europe,Southern Europe,Turkey
Methanol,EMEA,Europe,Western Europe,Western Europe,Austria
Methanol,EMEA,Europe,Western Europe,Western Europe,Belgium
Methanol,EMEA,Europe,Western Europe,Western Europe,France
Methanol,EMEA,Europe,Western Europe,Western Europe,Germany
Methanol,EMEA,Europe,Western Europe,Western Europe,Netherlands
Methanol,EMEA,Europe,Western Europe,Western Europe,Other Western Europe
Methanol,EMEA,Europe,Western Europe,Western Europe,Switzerland
Methanol,EMEA,Middle East,,Middle East,Bahrain
Methanol,EMEA,Middle East,,Middle East,Iran
Methanol,EMEA,Middle East,,Middle East,Iraq
Methanol,EMEA,Middle East,,Middle East,Israel
Methanol,EMEA,Middle East,,Middle East,Kuwait
Methanol,EMEA,Middle East,,Middle East,Oman
Methanol,EMEA,Middle East,,Middle East,Other Middle East
Methanol,EMEA,Middle East,,Middle East,Qatar
Methanol,EMEA,Middle East,,Middle East,Saudi Arabia
Methanol,EMEA,Middle East,,Middle East,United Arab Emirates
Methyl Methacrylate,AMER,Latin America and the Caribbean,Caribbean,Caribbean,Trinidad and Tobago
Methyl Methacrylate,AMER,Latin America and the Caribbean,Central America,Central America,Mexico
Methyl Methacrylate,AMER,Latin America and the Caribbean,Other Central and South America (Region),Other Central and South America (Region),Other Central and South America (Country)
Methyl Methacrylate,AMER,Latin America and the Caribbean,South America,South America,Argentina
Methyl Methacrylate,AMER,Latin America and the Caribbean,South America,South America,Bolivia
Methyl Methacrylate,AMER,Latin America and the Caribbean,South America,South America,Brazil
Methyl Methacrylate,AMER,Latin America and the Caribbean,South America,South America,Chile
Methyl Methacrylate,AMER,Latin America and the Caribbean,South America,South America,Colombia
Methyl Methacrylate,AMER,Latin America and the Caribbean,South America,South America,Ecuador
Methyl Methacrylate,AMER,Latin America and the Caribbean,South America,South America,Paraguay
Methyl Methacrylate,AMER,Latin America and the Caribbean,South America,South America,Peru
Methyl Methacrylate,AMER,Latin America and the Caribbean,South America,South America,Uruguay
Methyl Methacrylate,AMER,Latin America and the Caribbean,South America,South America,Venezuela
Methyl Methacrylate,AMER,North America,,North America,Canada
Methyl Methacrylate,AMER,North America,,North America,Other North America
Methyl Methacrylate,AMER,North America,,North America,United States
Methyl Methacrylate,APAC,Asia,Eastern Asia,Eastern Asia,China
Methyl Methacrylate,APAC,Asia,Eastern Asia,Eastern Asia,Hong Kong
Methyl Methacrylate,APAC,Asia,Eastern Asia,Eastern Asia,Japan
Methyl Methacrylate,APAC,Asia,Eastern Asia,Eastern Asia,Macao
Methyl Methacrylate,APAC,Asia,Eastern Asia,Eastern Asia,Other Northeast Asia ex China
Methyl Methacrylate,APAC,Asia,Eastern Asia,Eastern Asia,South Korea
Methyl Methacrylate,APAC,Asia,Eastern Asia,Eastern Asia,Taiwan
Methyl Methacrylate,APAC,Asia,South-eastern Asia,South-eastern Asia,Brunei Darussalam
Methyl Methacrylate,APAC,Asia,South-eastern Asia,South-eastern Asia,Indonesia
Methyl Methacrylate,APAC,Asia,South-eastern Asia,South-eastern Asia,Malaysia
Methyl Methacrylate,APAC,Asia,South-eastern Asia,South-eastern Asia,Myanmar
Methyl Methacrylate,APAC,Asia,South-eastern Asia,South-eastern Asia,Other Southeast Asia
Methyl Methacrylate,APAC,Asia,South-eastern Asia,South-eastern Asia,Philippines
Methyl Methacrylate,APAC,Asia,South-eastern Asia,South-eastern Asia,Singapore
Methyl Methacrylate,APAC,Asia,South-eastern Asia,South-eastern Asia,Thailand
Methyl Methacrylate,APAC,Asia,South-eastern Asia,South-eastern Asia,Vietnam
Methyl Methacrylate,APAC,Asia,Southern Asia,Southern Asia,Bangladesh
Methyl Methacrylate,APAC,Asia,Southern Asia,Southern Asia,India
Methyl Methacrylate,APAC,Asia,Southern Asia,Southern Asia,Other South Asia
Methyl Methacrylate,APAC,Asia,Southern Asia,Southern Asia,Pakistan
Methyl Methacrylate,APAC,Asia,Southern Asia,Southern Asia,Sri Lanka
Methyl Methacrylate,APAC,Oceania,Australia and New Zealand,Australia and New Zealand,Australia
Methyl Methacrylate,APAC,Oceania,Australia and New Zealand,Australia and New Zealand,New Zealand
Methyl Methacrylate,EMEA,Africa,Central Africa,Central Africa,Angola
Methyl Methacrylate,EMEA,Africa,Central Africa,Central Africa,Cameroon
Methyl Methacrylate,EMEA,Africa,Central Africa,Central Africa,Equatorial Guinea
Methyl Methacrylate,EMEA,Africa,Central Africa,Central Africa,Republic of the Congo
Methyl Methacrylate,EMEA,Africa,Eastern Africa,Eastern Africa,Ethiopia
Methyl Methacrylate,EMEA,Africa,Eastern Africa,Eastern Africa,Kenya
Methyl Methacrylate,EMEA,Africa,Eastern Africa,Eastern Africa,Tanzania
Methyl Methacrylate,EMEA,Africa,Eastern Africa,Eastern Africa,Uganda
Methyl Methacrylate,EMEA,Africa,Northern Africa,Northern Africa,Algeria
Methyl Methacrylate,EMEA,Africa,Northern Africa,Northern Africa,Egypt
Methyl Methacrylate,EMEA,Africa,Northern Africa,Northern Africa,Libya
Methyl Methacrylate,EMEA,Africa,Northern Africa,Northern Africa,Morocco
Methyl Methacrylate,EMEA,Africa,Northern Africa,Northern Africa,Tunisia
Methyl Methacrylate,EMEA,Africa,Other Africa (Region),Other Africa (Region),Other Africa (Country)
Methyl Methacrylate,EMEA,Africa,Southern Africa,Southern Africa,Mozambique
Methyl Methacrylate,EMEA,Africa,Southern Africa,Southern Africa,South Africa
Methyl Methacrylate,EMEA,Africa,Western Africa,Western Africa,Ghana
Methyl Methacrylate,EMEA,Africa,Western Africa,Western Africa,Nigeria
Methyl Methacrylate,EMEA,Eurasia,,Eurasia,Azerbaijan
Methyl Methacrylate,EMEA,Eurasia,,Eurasia,Belarus
Methyl Methacrylate,EMEA,Eurasia,,Eurasia,Kazakhstan
Methyl Methacrylate,EMEA,Eurasia,,Eurasia,Other Russia and CIS
Methyl Methacrylate,EMEA,Eurasia,,Eurasia,Russia
Methyl Methacrylate,EMEA,Eurasia,,Eurasia,Turkmenistan
Methyl Methacrylate,EMEA,Eurasia,,Eurasia,Ukraine
Methyl Methacrylate,EMEA,Eurasia,,Eurasia,Uzbekistan
Methyl Methacrylate,EMEA,Europe,Eastern Europe,Eastern Europe,Bulgaria
Methyl Methacrylate,EMEA,Europe,Eastern Europe,Eastern Europe,Czechia
Methyl Methacrylate,EMEA,Europe,Eastern Europe,Eastern Europe,Hungary
Methyl Methacrylate,EMEA,Europe,Eastern Europe,Eastern Europe,Poland
Methyl Methacrylate,EMEA,Europe,Eastern Europe,Eastern Europe,Romania
Methyl Methacrylate,EMEA,Europe,Eastern Europe,Eastern Europe,Slovakia
Methyl Methacrylate,EMEA,Europe,Northern Europe,Northern Europe,Denmark
Methyl Methacrylate,EMEA,Europe,Northern Europe,Northern Europe,Estonia
Methyl Methacrylate,EMEA,Europe,Northern Europe,Northern Europe,Finland
Methyl Methacrylate,EMEA,Europe,Northern Europe,Northern Europe,Latvia
Methyl Methacrylate,EMEA,Europe,Northern Europe,Northern Europe,Lithuania
Methyl Methacrylate,EMEA,Europe,Northern Europe,Northern Europe,Norway
Methyl Methacrylate,EMEA,Europe,Northern Europe,Northern Europe,Sweden
Methyl Methacrylate,EMEA,Europe,Northern Europe,Northern Europe,United Kingdom
Methyl Methacrylate,EMEA,Europe,Other Central and Eastern Europe (Region),Other Central and Eastern Europe (Region),Other Central and Eastern Europe (Country)
Methyl Methacrylate,EMEA,Europe,Southern Europe,Southern Europe,Croatia
Methyl Methacrylate,EMEA,Europe,Southern Europe,Southern Europe,Greece
Methyl Methacrylate,EMEA,Europe,Southern Europe,Southern Europe,Italy
Methyl Methacrylate,EMEA,Europe,Southern Europe,Southern Europe,Portugal
Methyl Methacrylate,EMEA,Europe,Southern Europe,Southern Europe,Serbia
Methyl Methacrylate,EMEA,Europe,Southern Europe,Southern Europe,Slovenia
Methyl Methacrylate,EMEA,Europe,Southern Europe,Southern Europe,Spain
Methyl Methacrylate,EMEA,Europe,Southern Europe,Southern Europe,Turkey
Methyl Methacrylate,EMEA,Europe,Western Europe,Western Europe,Austria
Methyl Methacrylate,EMEA,Europe,Western Europe,Western Europe,Belgium
Methyl Methacrylate,EMEA,Europe,Western Europe,Western Europe,France
Methyl Methacrylate,EMEA,Europe,Western Europe,Western Europe,Germany
Methyl Methacrylate,EMEA,Europe,Western Europe,Western Europe,Netherlands
Methyl Methacrylate,EMEA,Europe,Western Europe,Western Europe,Other Western Europe
Methyl Methacrylate,EMEA,Europe,Western Europe,Western Europe,Switzerland
Methyl Methacrylate,EMEA,Middle East,,Middle East,Bahrain
Methyl Methacrylate,EMEA,Middle East,,Middle East,Iran
Methyl Methacrylate,EMEA,Middle East,,Middle East,Iraq
Methyl Methacrylate,EMEA,Middle East,,Middle East,Israel
Methyl Methacrylate,EMEA,Middle East,,Middle East,Kuwait
Methyl Methacrylate,EMEA,Middle East,,Middle East,Oman
Methyl Methacrylate,EMEA,Middle East,,Middle East,Other Middle East
Methyl Methacrylate,EMEA,Middle East,,Middle East,Qatar
Methyl Methacrylate,EMEA,Middle East,,Middle East,Saudi Arabia
Methyl Methacrylate,EMEA,Middle East,,Middle East,United Arab Emirates
Methylene Diphenyl Diisocyanate,AMER,Latin America and the Caribbean,Caribbean,Caribbean,Trinidad and Tobago
Methylene Diphenyl Diisocyanate,AMER,Latin America and the Caribbean,Central America,Central America,Mexico
Methylene Diphenyl Diisocyanate,AMER,Latin America and the Caribbean,Other Central and South America (Region),Other Central and South America (Region),Other Central and South America (Country)
Methylene Diphenyl Diisocyanate,AMER,Latin America and the Caribbean,South America,South America,Argentina
Methylene Diphenyl Diisocyanate,AMER,Latin America and the Caribbean,South America,South America,Bolivia
Methylene Diphenyl Diisocyanate,AMER,Latin America and the Caribbean,South America,South America,Brazil
Methylene Diphenyl Diisocyanate,AMER,Latin America and the Caribbean,South America,South America,Chile
Methylene Diphenyl Diisocyanate,AMER,Latin America and the Caribbean,South America,South America,Colombia
Methylene Diphenyl Diisocyanate,AMER,Latin America and the Caribbean,South America,South America,Ecuador
Methylene Diphenyl Diisocyanate,AMER,Latin America and the Caribbean,South America,South America,Paraguay
Methylene Diphenyl Diisocyanate,AMER,Latin America and the Caribbean,South America,South America,Peru
Methylene Diphenyl Diisocyanate,AMER,Latin America and the Caribbean,South America,South America,Uruguay
Methylene Diphenyl Diisocyanate,AMER,Latin America and the Caribbean,South America,South America,Venezuela
Methylene Diphenyl Diisocyanate,AMER,North America,,North America,Canada
Methylene Diphenyl Diisocyanate,AMER,North America,,North America,Other North America
Methylene Diphenyl Diisocyanate,AMER,North America,,North America,United States
Methylene Diphenyl Diisocyanate,APAC,Asia,Eastern Asia,Eastern Asia,China
Methylene Diphenyl Diisocyanate,APAC,Asia,Eastern Asia,Eastern Asia,Hong Kong
Methylene Diphenyl Diisocyanate,APAC,Asia,Eastern Asia,Eastern Asia,Japan
Methylene Diphenyl Diisocyanate,APAC,Asia,Eastern Asia,Eastern Asia,Macao
Methylene Diphenyl Diisocyanate,APAC,Asia,Eastern Asia,Eastern Asia,Other Northeast Asia ex China
Methylene Diphenyl Diisocyanate,APAC,Asia,Eastern Asia,Eastern Asia,South Korea
Methylene Diphenyl Diisocyanate,APAC,Asia,Eastern Asia,Eastern Asia,Taiwan
Methylene Diphenyl Diisocyanate,APAC,Asia,South-eastern Asia,South-eastern Asia,Brunei Darussalam
Methylene Diphenyl Diisocyanate,APAC,Asia,South-eastern Asia,South-eastern Asia,Indonesia
Methylene Diphenyl Diisocyanate,APAC,Asia,South-eastern Asia,South-eastern Asia,Malaysia
Methylene Diphenyl Diisocyanate,APAC,Asia,South-eastern Asia,South-eastern Asia,Myanmar
Methylene Diphenyl Diisocyanate,APAC,Asia,South-eastern Asia,South-eastern Asia,Other Southeast Asia
Methylene Diphenyl Diisocyanate,APAC,Asia,South-eastern Asia,South-eastern Asia,Philippines
Methylene Diphenyl Diisocyanate,APAC,Asia,South-eastern Asia,South-eastern Asia,Singapore
Methylene Diphenyl Diisocyanate,APAC,Asia,South-eastern Asia,South-eastern Asia,Thailand
Methylene Diphenyl Diisocyanate,APAC,Asia,South-eastern Asia,South-eastern Asia,Vietnam
Methylene Diphenyl Diisocyanate,APAC,Asia,Southern Asia,Southern Asia,Bangladesh
Methylene Diphenyl Diisocyanate,APAC,Asia,Southern Asia,Southern Asia,India
Methylene Diphenyl Diisocyanate,APAC,Asia,Southern Asia,Southern Asia,Other South Asia
Methylene Diphenyl Diisocyanate,APAC,Asia,Southern Asia,Southern Asia,Pakistan
Methylene Diphenyl Diisocyanate,APAC,Asia,Southern Asia,Southern Asia,Sri Lanka
Methylene Diphenyl Diisocyanate,APAC,Oceania,Australia and New Zealand,Australia and New Zealand,Australia
Methylene Diphenyl Diisocyanate,APAC,Oceania,Australia and New Zealand,Australia and New Zealand,New Zealand
Methylene Diphenyl Diisocyanate,EMEA,Africa,Central Africa,Central Africa,Angola
Methylene Diphenyl Diisocyanate,EMEA,Africa,Central Africa,Central Africa,Cameroon
Methylene Diphenyl Diisocyanate,EMEA,Africa,Central Africa,Central Africa,Equatorial Guinea
Methylene Diphenyl Diisocyanate,EMEA,Africa,Central Africa,Central Africa,Republic of the Congo
Methylene Diphenyl Diisocyanate,EMEA,Africa,Eastern Africa,Eastern Africa,Ethiopia
Methylene Diphenyl Diisocyanate,EMEA,Africa,Eastern Africa,Eastern Africa,Kenya
Methylene Diphenyl Diisocyanate,EMEA,Africa,Eastern Africa,Eastern Africa,Tanzania
Methylene Diphenyl Diisocyanate,EMEA,Africa,Eastern Africa,Eastern Africa,Uganda
Methylene Diphenyl Diisocyanate,EMEA,Africa,Northern Africa,Northern Africa,Algeria
Methylene Diphenyl Diisocyanate,EMEA,Africa,Northern Africa,Northern Africa,Egypt
Methylene Diphenyl Diisocyanate,EMEA,Africa,Northern Africa,Northern Africa,Libya
Methylene Diphenyl Diisocyanate,EMEA,Africa,Northern Africa,Northern Africa,Morocco
Methylene Diphenyl Diisocyanate,EMEA,Africa,Northern Africa,Northern Africa,Tunisia
Methylene Diphenyl Diisocyanate,EMEA,Africa,Other Africa (Region),Other Africa (Region),Other Africa (Country)
Methylene Diphenyl Diisocyanate,EMEA,Africa,Southern Africa,Southern Africa,Mozambique
Methylene Diphenyl Diisocyanate,EMEA,Africa,Southern Africa,Southern Africa,South Africa
Methylene Diphenyl Diisocyanate,EMEA,Africa,Western Africa,Western Africa,Ghana
Methylene Diphenyl Diisocyanate,EMEA,Africa,Western Africa,Western Africa,Nigeria
Methylene Diphenyl Diisocyanate,EMEA,Eurasia,,Eurasia,Azerbaijan
Methylene Diphenyl Diisocyanate,EMEA,Eurasia,,Eurasia,Belarus
Methylene Diphenyl Diisocyanate,EMEA,Eurasia,,Eurasia,Kazakhstan
Methylene Diphenyl Diisocyanate,EMEA,Eurasia,,Eurasia,Other Russia and CIS
Methylene Diphenyl Diisocyanate,EMEA,Eurasia,,Eurasia,Russia
Methylene Diphenyl Diisocyanate,EMEA,Eurasia,,Eurasia,Turkmenistan
Methylene Diphenyl Diisocyanate,EMEA,Eurasia,,Eurasia,Ukraine
Methylene Diphenyl Diisocyanate,EMEA,Eurasia,,Eurasia,Uzbekistan
Methylene Diphenyl Diisocyanate,EMEA,Europe,Eastern Europe,Eastern Europe,Bulgaria
Methylene Diphenyl Diisocyanate,EMEA,Europe,Eastern Europe,Eastern Europe,Czechia
Methylene Diphenyl Diisocyanate,EMEA,Europe,Eastern Europe,Eastern Europe,Hungary
Methylene Diphenyl Diisocyanate,EMEA,Europe,Eastern Europe,Eastern Europe,Poland
Methylene Diphenyl Diisocyanate,EMEA,Europe,Eastern Europe,Eastern Europe,Romania
Methylene Diphenyl Diisocyanate,EMEA,Europe,Eastern Europe,Eastern Europe,Slovakia
Methylene Diphenyl Diisocyanate,EMEA,Europe,Northern Europe,Northern Europe,Denmark
Methylene Diphenyl Diisocyanate,EMEA,Europe,Northern Europe,Northern Europe,Estonia
Methylene Diphenyl Diisocyanate,EMEA,Europe,Northern Europe,Northern Europe,Finland
Methylene Diphenyl Diisocyanate,EMEA,Europe,Northern Europe,Northern Europe,Latvia
Methylene Diphenyl Diisocyanate,EMEA,Europe,Northern Europe,Northern Europe,Lithuania
Methylene Diphenyl Diisocyanate,EMEA,Europe,Northern Europe,Northern Europe,Norway
Methylene Diphenyl Diisocyanate,EMEA,Europe,Northern Europe,Northern Europe,Sweden
Methylene Diphenyl Diisocyanate,EMEA,Europe,Northern Europe,Northern Europe,United Kingdom
Methylene Diphenyl Diisocyanate,EMEA,Europe,Other Central and Eastern Europe (Region),Other Central and Eastern Europe (Region),Other Central and Eastern Europe (Country)
Methylene Diphenyl Diisocyanate,EMEA,Europe,Southern Europe,Southern Europe,Croatia
Methylene Diphenyl Diisocyanate,EMEA,Europe,Southern Europe,Southern Europe,Greece
Methylene Diphenyl Diisocyanate,EMEA,Europe,Southern Europe,Southern Europe,Italy
Methylene Diphenyl Diisocyanate,EMEA,Europe,Southern Europe,Southern Europe,Portugal
Methylene Diphenyl Diisocyanate,EMEA,Europe,Southern Europe,Southern Europe,Serbia
Methylene Diphenyl Diisocyanate,EMEA,Europe,Southern Europe,Southern Europe,Slovenia
Methylene Diphenyl Diisocyanate,EMEA,Europe,Southern Europe,Southern Europe,Spain
Methylene Diphenyl Diisocyanate,EMEA,Europe,Southern Europe,Southern Europe,Turkey
Methylene Diphenyl Diisocyanate,EMEA,Europe,Western Europe,Western Europe,Austria
Methylene Diphenyl Diisocyanate,EMEA,Europe,Western Europe,Western Europe,Belgium
Methylene Diphenyl Diisocyanate,EMEA,Europe,Western Europe,Western Europe,France
Methylene Diphenyl Diisocyanate,EMEA,Europe,Western Europe,Western Europe,Germany
Methylene Diphenyl Diisocyanate,EMEA,Europe,Western Europe,Western Europe,Netherlands
Methylene Diphenyl Diisocyanate,EMEA,Europe,Western Europe,Western Europe,Other Western Europe
Methylene Diphenyl Diisocyanate,EMEA,Europe,Western Europe,Western Europe,Switzerland
Methylene Diphenyl Diisocyanate,EMEA,Middle East,,Middle East,Bahrain
Methylene Diphenyl Diisocyanate,EMEA,Middle East,,Middle East,Iran
Methylene Diphenyl Diisocyanate,EMEA,Middle East,,Middle East,Iraq
Methylene Diphenyl Diisocyanate,EMEA,Middle East,,Middle East,Israel
Methylene Diphenyl Diisocyanate,EMEA,Middle East,,Middle East,Kuwait
Methylene Diphenyl Diisocyanate,EMEA,Middle East,,Middle East,Oman
Methylene Diphenyl Diisocyanate,EMEA,Middle East,,Middle East,Other Middle East
Methylene Diphenyl Diisocyanate,EMEA,Middle East,,Middle East,Qatar
Methylene Diphenyl Diisocyanate,EMEA,Middle East,,Middle East,Saudi Arabia
Methylene Diphenyl Diisocyanate,EMEA,Middle East,,Middle East,United Arab Emirates
Mixed Xylenes,AMER,Latin America and the Caribbean,Caribbean,Caribbean,Trinidad and Tobago
Mixed Xylenes,AMER,Latin America and the Caribbean,Central America,Central America,Mexico
Mixed Xylenes,AMER,Latin America and the Caribbean,Other Central and South America (Region),Other Central and South America (Region),Other Central and South America (Country)
Mixed Xylenes,AMER,Latin America and the Caribbean,South America,South America,Argentina
Mixed Xylenes,AMER,Latin America and the Caribbean,South America,South America,Bolivia
Mixed Xylenes,AMER,Latin America and the Caribbean,South America,South America,Brazil
Mixed Xylenes,AMER,Latin America and the Caribbean,South America,South America,Chile
Mixed Xylenes,AMER,Latin America and the Caribbean,South America,South America,Colombia
Mixed Xylenes,AMER,Latin America and the Caribbean,South America,South America,Ecuador
Mixed Xylenes,AMER,Latin America and the Caribbean,South America,South America,Paraguay
Mixed Xylenes,AMER,Latin America and the Caribbean,South America,South America,Peru
Mixed Xylenes,AMER,Latin America and the Caribbean,South America,South America,Uruguay
Mixed Xylenes,AMER,Latin America and the Caribbean,South America,South America,Venezuela
Mixed Xylenes,AMER,North America,,North America,Canada
Mixed Xylenes,AMER,North America,,North America,Other North America
Mixed Xylenes,AMER,North America,,North America,United States
Mixed Xylenes,APAC,Asia,Eastern Asia,Eastern Asia,China
Mixed Xylenes,APAC,Asia,Eastern Asia,Eastern Asia,Hong Kong
Mixed Xylenes,APAC,Asia,Eastern Asia,Eastern Asia,Japan
Mixed Xylenes,APAC,Asia,Eastern Asia,Eastern Asia,Macao
Mixed Xylenes,APAC,Asia,Eastern Asia,Eastern Asia,Other Northeast Asia ex China
Mixed Xylenes,APAC,Asia,Eastern Asia,Eastern Asia,South Korea
Mixed Xylenes,APAC,Asia,Eastern Asia,Eastern Asia,Taiwan
Mixed Xylenes,APAC,Asia,South-eastern Asia,South-eastern Asia,Brunei Darussalam
Mixed Xylenes,APAC,Asia,South-eastern Asia,South-eastern Asia,Indonesia
Mixed Xylenes,APAC,Asia,South-eastern Asia,South-eastern Asia,Malaysia
Mixed Xylenes,APAC,Asia,South-eastern Asia,South-eastern Asia,Myanmar
Mixed Xylenes,APAC,Asia,South-eastern Asia,South-eastern Asia,Other Southeast Asia
Mixed Xylenes,APAC,Asia,South-eastern Asia,South-eastern Asia,Philippines
Mixed Xylenes,APAC,Asia,South-eastern Asia,South-eastern Asia,Singapore
Mixed Xylenes,APAC,Asia,South-eastern Asia,South-eastern Asia,Thailand
Mixed Xylenes,APAC,Asia,South-eastern Asia,South-eastern Asia,Vietnam
Mixed Xylenes,APAC,Asia,Southern Asia,Southern Asia,Bangladesh
Mixed Xylenes,APAC,Asia,Southern Asia,Southern Asia,India
Mixed Xylenes,APAC,Asia,Southern Asia,Southern Asia,Other South Asia
Mixed Xylenes,APAC,Asia,Southern Asia,Southern Asia,Pakistan
Mixed Xylenes,APAC,Asia,Southern Asia,Southern Asia,Sri Lanka
Mixed Xylenes,APAC,Oceania,Australia and New Zealand,Australia and New Zealand,Australia
Mixed Xylenes,APAC,Oceania,Australia and New Zealand,Australia and New Zealand,New Zealand
Mixed Xylenes,EMEA,Africa,Central Africa,Central Africa,Angola
Mixed Xylenes,EMEA,Africa,Central Africa,Central Africa,Cameroon
Mixed Xylenes,EMEA,Africa,Central Africa,Central Africa,Equatorial Guinea
Mixed Xylenes,EMEA,Africa,Central Africa,Central Africa,Republic of the Congo
Mixed Xylenes,EMEA,Africa,Eastern Africa,Eastern Africa,Ethiopia
Mixed Xylenes,EMEA,Africa,Eastern Africa,Eastern Africa,Kenya
Mixed Xylenes,EMEA,Africa,Eastern Africa,Eastern Africa,Tanzania
Mixed Xylenes,EMEA,Africa,Eastern Africa,Eastern Africa,Uganda
Mixed Xylenes,EMEA,Africa,Northern Africa,Northern Africa,Algeria
Mixed Xylenes,EMEA,Africa,Northern Africa,Northern Africa,Egypt
Mixed Xylenes,EMEA,Africa,Northern Africa,Northern Africa,Libya
Mixed Xylenes,EMEA,Africa,Northern Africa,Northern Africa,Morocco
Mixed Xylenes,EMEA,Africa,Northern Africa,Northern Africa,Tunisia
Mixed Xylenes,EMEA,Africa,Other Africa (Region),Other Africa (Region),Other Africa (Country)
Mixed Xylenes,EMEA,Africa,Southern Africa,Southern Africa,Mozambique
Mixed Xylenes,EMEA,Africa,Southern Africa,Southern Africa,South Africa
Mixed Xylenes,EMEA,Africa,Western Africa,Western Africa,Ghana
Mixed Xylenes,EMEA,Africa,Western Africa,Western Africa,Nigeria
Mixed Xylenes,EMEA,Eurasia,,Eurasia,Azerbaijan
Mixed Xylenes,EMEA,Eurasia,,Eurasia,Belarus
Mixed Xylenes,EMEA,Eurasia,,Eurasia,Kazakhstan
Mixed Xylenes,EMEA,Eurasia,,Eurasia,Other Russia and CIS
Mixed Xylenes,EMEA,Eurasia,,Eurasia,Russia
Mixed Xylenes,EMEA,Eurasia,,Eurasia,Turkmenistan
Mixed Xylenes,EMEA,Eurasia,,Eurasia,Ukraine
Mixed Xylenes,EMEA,Eurasia,,Eurasia,Uzbekistan
Mixed Xylenes,EMEA,Europe,Eastern Europe,Eastern Europe,Bulgaria
Mixed Xylenes,EMEA,Europe,Eastern Europe,Eastern Europe,Czechia
Mixed Xylenes,EMEA,Europe,Eastern Europe,Eastern Europe,Hungary
Mixed Xylenes,EMEA,Europe,Eastern Europe,Eastern Europe,Poland
Mixed Xylenes,EMEA,Europe,Eastern Europe,Eastern Europe,Romania
Mixed Xylenes,EMEA,Europe,Eastern Europe,Eastern Europe,Slovakia
Mixed Xylenes,EMEA,Europe,Northern Europe,Northern Europe,Denmark
Mixed Xylenes,EMEA,Europe,Northern Europe,Northern Europe,Estonia
Mixed Xylenes,EMEA,Europe,Northern Europe,Northern Europe,Finland
Mixed Xylenes,EMEA,Europe,Northern Europe,Northern Europe,Latvia
Mixed Xylenes,EMEA,Europe,Northern Europe,Northern Europe,Lithuania
Mixed Xylenes,EMEA,Europe,Northern Europe,Northern Europe,Norway
Mixed Xylenes,EMEA,Europe,Northern Europe,Northern Europe,Sweden
Mixed Xylenes,EMEA,Europe,Northern Europe,Northern Europe,United Kingdom
Mixed Xylenes,EMEA,Europe,Other Central and Eastern Europe (Region),Other Central and Eastern Europe (Region),Other Central and Eastern Europe (Country)
Mixed Xylenes,EMEA,Europe,Southern Europe,Southern Europe,Croatia
Mixed Xylenes,EMEA,Europe,Southern Europe,Southern Europe,Greece
Mixed Xylenes,EMEA,Europe,Southern Europe,Southern Europe,Italy
Mixed Xylenes,EMEA,Europe,Southern Europe,Southern Europe,Portugal
Mixed Xylenes,EMEA,Europe,Southern Europe,Southern Europe,Serbia
Mixed Xylenes,EMEA,Europe,Southern Europe,Southern Europe,Slovenia
Mixed Xylenes,EMEA,Europe,Southern Europe,Southern Europe,Spain
Mixed Xylenes,EMEA,Europe,Southern Europe,Southern Europe,Turkey
Mixed Xylenes,EMEA,Europe,Western Europe,Western Europe,Austria
Mixed Xylenes,EMEA,Europe,Western Europe,Western Europe,Belgium
Mixed Xylenes,EMEA,Europe,Western Europe,Western Europe,France
Mixed Xylenes,EMEA,Europe,Western Europe,Western Europe,Germany
Mixed Xylenes,EMEA,Europe,Western Europe,Western Europe,Netherlands
Mixed Xylenes,EMEA,Europe,Western Europe,Western Europe,Other Western Europe
Mixed Xylenes,EMEA,Europe,Western Europe,Western Europe,Switzerland
Mixed Xylenes,EMEA,Middle East,,Middle East,Bahrain
Mixed Xylenes,EMEA,Middle East,,Middle East,Iran
Mixed Xylenes,EMEA,Middle East,,Middle East,Iraq
Mixed Xylenes,EMEA,Middle East,,Middle East,Israel
Mixed Xylenes,EMEA,Middle East,,Middle East,Kuwait
Mixed Xylenes,EMEA,Middle East,,Middle East,Oman
Mixed Xylenes,EMEA,Middle East,,Middle East,Other Middle East
Mixed Xylenes,EMEA,Middle East,,Middle East,Qatar
Mixed Xylenes,EMEA,Middle East,,Middle East,Saudi Arabia
Mixed Xylenes,EMEA,Middle East,,Middle East,United Arab Emirates
Monoethylene Glycol,AMER,Latin America and the Caribbean,Caribbean,Caribbean,Trinidad and Tobago
Monoethylene Glycol,AMER,Latin America and the Caribbean,Central America,Central America,Mexico
Monoethylene Glycol,AMER,Latin America and the Caribbean,Other Central and South America (Region),Other Central and South America (Region),Other Central and South America (Country)
Monoethylene Glycol,AMER,Latin America and the Caribbean,South America,South America,Argentina
Monoethylene Glycol,AMER,Latin America and the Caribbean,South America,South America,Bolivia
Monoethylene Glycol,AMER,Latin America and the Caribbean,South America,South America,Brazil
Monoethylene Glycol,AMER,Latin America and the Caribbean,South America,South America,Chile
Monoethylene Glycol,AMER,Latin America and the Caribbean,South America,South America,Colombia
Monoethylene Glycol,AMER,Latin America and the Caribbean,South America,South America,Ecuador
Monoethylene Glycol,AMER,Latin America and the Caribbean,South America,South America,Paraguay
Monoethylene Glycol,AMER,Latin America and the Caribbean,South America,South America,Peru
Monoethylene Glycol,AMER,Latin America and the Caribbean,South America,South America,Uruguay
Monoethylene Glycol,AMER,Latin America and the Caribbean,South America,South America,Venezuela
Monoethylene Glycol,AMER,North America,,North America,Canada
Monoethylene Glycol,AMER,North America,,North America,Other North America
Monoethylene Glycol,AMER,North America,,North America,United States
Monoethylene Glycol,APAC,Asia,Eastern Asia,Eastern Asia,China
Monoethylene Glycol,APAC,Asia,Eastern Asia,Eastern Asia,Hong Kong
Monoethylene Glycol,APAC,Asia,Eastern Asia,Eastern Asia,Japan
Monoethylene Glycol,APAC,Asia,Eastern Asia,Eastern Asia,Macao
Monoethylene Glycol,APAC,Asia,Eastern Asia,Eastern Asia,Other Northeast Asia ex China
Monoethylene Glycol,APAC,Asia,Eastern Asia,Eastern Asia,South Korea
Monoethylene Glycol,APAC,Asia,Eastern Asia,Eastern Asia,Taiwan
Monoethylene Glycol,APAC,Asia,South-eastern Asia,South-eastern Asia,Brunei Darussalam
Monoethylene Glycol,APAC,Asia,South-eastern Asia,South-eastern Asia,Indonesia
Monoethylene Glycol,APAC,Asia,South-eastern Asia,South-eastern Asia,Malaysia
Monoethylene Glycol,APAC,Asia,South-eastern Asia,South-eastern Asia,Myanmar
Monoethylene Glycol,APAC,Asia,South-eastern Asia,South-eastern Asia,Other Southeast Asia
Monoethylene Glycol,APAC,Asia,South-eastern Asia,South-eastern Asia,Philippines
Monoethylene Glycol,APAC,Asia,South-eastern Asia,South-eastern Asia,Singapore
Monoethylene Glycol,APAC,Asia,South-eastern Asia,South-eastern Asia,Thailand
Monoethylene Glycol,APAC,Asia,South-eastern Asia,South-eastern Asia,Vietnam
Monoethylene Glycol,APAC,Asia,Southern Asia,Southern Asia,Bangladesh
Monoethylene Glycol,APAC,Asia,Southern Asia,Southern Asia,India
Monoethylene Glycol,APAC,Asia,Southern Asia,Southern Asia,Other South Asia
Monoethylene Glycol,APAC,Asia,Southern Asia,Southern Asia,Pakistan
Monoethylene Glycol,APAC,Asia,Southern Asia,Southern Asia,Sri Lanka
Monoethylene Glycol,APAC,Oceania,Australia and New Zealand,Australia and New Zealand,Australia
Monoethylene Glycol,APAC,Oceania,Australia and New Zealand,Australia and New Zealand,New Zealand
Monoethylene Glycol,EMEA,Africa,Central Africa,Central Africa,Angola
Monoethylene Glycol,EMEA,Africa,Central Africa,Central Africa,Cameroon
Monoethylene Glycol,EMEA,Africa,Central Africa,Central Africa,Equatorial Guinea
Monoethylene Glycol,EMEA,Africa,Central Africa,Central Africa,Republic of the Congo
Monoethylene Glycol,EMEA,Africa,Eastern Africa,Eastern Africa,Ethiopia
Monoethylene Glycol,EMEA,Africa,Eastern Africa,Eastern Africa,Kenya
Monoethylene Glycol,EMEA,Africa,Eastern Africa,Eastern Africa,Tanzania
Monoethylene Glycol,EMEA,Africa,Eastern Africa,Eastern Africa,Uganda
Monoethylene Glycol,EMEA,Africa,Northern Africa,Northern Africa,Algeria
Monoethylene Glycol,EMEA,Africa,Northern Africa,Northern Africa,Egypt
Monoethylene Glycol,EMEA,Africa,Northern Africa,Northern Africa,Libya
Monoethylene Glycol,EMEA,Africa,Northern Africa,Northern Africa,Morocco
Monoethylene Glycol,EMEA,Africa,Northern Africa,Northern Africa,Tunisia
Monoethylene Glycol,EMEA,Africa,Other Africa (Region),Other Africa (Region),Other Africa (Country)
Monoethylene Glycol,EMEA,Africa,Southern Africa,Southern Africa,Mozambique
Monoethylene Glycol,EMEA,Africa,Southern Africa,Southern Africa,South Africa
Monoethylene Glycol,EMEA,Africa,Western Africa,Western Africa,Ghana
Monoethylene Glycol,EMEA,Africa,Western Africa,Western Africa,Nigeria
Monoethylene Glycol,EMEA,Eurasia,,Eurasia,Azerbaijan
Monoethylene Glycol,EMEA,Eurasia,,Eurasia,Belarus
Monoethylene Glycol,EMEA,Eurasia,,Eurasia,Kazakhstan
Monoethylene Glycol,EMEA,Eurasia,,Eurasia,Other Russia and CIS
Monoethylene Glycol,EMEA,Eurasia,,Eurasia,Russia
Monoethylene Glycol,EMEA,Eurasia,,Eurasia,Turkmenistan
Monoethylene Glycol,EMEA,Eurasia,,Eurasia,Ukraine
Monoethylene Glycol,EMEA,Eurasia,,Eurasia,Uzbekistan
Monoethylene Glycol,EMEA,Europe,Eastern Europe,Eastern Europe,Bulgaria
Monoethylene Glycol,EMEA,Europe,Eastern Europe,Eastern Europe,Czechia
Monoethylene Glycol,EMEA,Europe,Eastern Europe,Eastern Europe,Hungary
Monoethylene Glycol,EMEA,Europe,Eastern Europe,Eastern Europe,Poland
Monoethylene Glycol,EMEA,Europe,Eastern Europe,Eastern Europe,Romania
Monoethylene Glycol,EMEA,Europe,Eastern Europe,Eastern Europe,Slovakia
Monoethylene Glycol,EMEA,Europe,Northern Europe,Northern Europe,Denmark
Monoethylene Glycol,EMEA,Europe,Northern Europe,Northern Europe,Estonia
Monoethylene Glycol,EMEA,Europe,Northern Europe,Northern Europe,Finland
Monoethylene Glycol,EMEA,Europe,Northern Europe,Northern Europe,Latvia
Monoethylene Glycol,EMEA,Europe,Northern Europe,Northern Europe,Lithuania
Monoethylene Glycol,EMEA,Europe,Northern Europe,Northern Europe,Norway
Monoethylene Glycol,EMEA,Europe,Northern Europe,Northern Europe,Sweden
Monoethylene Glycol,EMEA,Europe,Northern Europe,Northern Europe,United Kingdom
Monoethylene Glycol,EMEA,Europe,Other Central and Eastern Europe (Region),Other Central and Eastern Europe (Region),Other Central and Eastern Europe (Country)
Monoethylene Glycol,EMEA,Europe,Southern Europe,Southern Europe,Croatia
Monoethylene Glycol,EMEA,Europe,Southern Europe,Southern Europe,Greece
Monoethylene Glycol,EMEA,Europe,Southern Europe,Southern Europe,Italy
Monoethylene Glycol,EMEA,Europe,Southern Europe,Southern Europe,Portugal
Monoethylene Glycol,EMEA,Europe,Southern Europe,Southern Europe,Serbia
Monoethylene Glycol,EMEA,Europe,Southern Europe,Southern Europe,Slovenia
Monoethylene Glycol,EMEA,Europe,Southern Europe,Southern Europe,Spain
Monoethylene Glycol,EMEA,Europe,Southern Europe,Southern Europe,Turkey
Monoethylene Glycol,EMEA,Europe,Western Europe,Western Europe,Austria
Monoethylene Glycol,EMEA,Europe,Western Europe,Western Europe,Belgium
Monoethylene Glycol,EMEA,Europe,Western Europe,Western Europe,France
Monoethylene Glycol,EMEA,Europe,Western Europe,Western Europe,Germany
Monoethylene Glycol,EMEA,Europe,Western Europe,Western Europe,Netherlands
Monoethylene Glycol,EMEA,Europe,Western Europe,Western Europe,Other Western Europe
Monoethylene Glycol,EMEA,Europe,Western Europe,Western Europe,Switzerland
Monoethylene Glycol,EMEA,Middle East,,Middle East,Bahrain
Monoethylene Glycol,EMEA,Middle East,,Middle East,Iran
Monoethylene Glycol,EMEA,Middle East,,Middle East,Iraq
Monoethylene Glycol,EMEA,Middle East,,Middle East,Israel
Monoethylene Glycol,EMEA,Middle East,,Middle East,Kuwait
Monoethylene Glycol,EMEA,Middle East,,Middle East,Oman
Monoethylene Glycol,EMEA,Middle East,,Middle East,Other Middle East
Monoethylene Glycol,EMEA,Middle East,,Middle East,Qatar
Monoethylene Glycol,EMEA,Middle East,,Middle East,Saudi Arabia
Monoethylene Glycol,EMEA,Middle East,,Middle East,United Arab Emirates
Nitrobenzene,AMER,Latin America and the Caribbean,Caribbean,Caribbean,Trinidad and Tobago
Nitrobenzene,AMER,Latin America and the Caribbean,Central America,Central America,Mexico
Nitrobenzene,AMER,Latin America and the Caribbean,Other Central and South America (Region),Other Central and South America (Region),Other Central and South America (Country)
Nitrobenzene,AMER,Latin America and the Caribbean,South America,South America,Argentina
Nitrobenzene,AMER,Latin America and the Caribbean,South America,South America,Bolivia
Nitrobenzene,AMER,Latin America and the Caribbean,South America,South America,Brazil
Nitrobenzene,AMER,Latin America and the Caribbean,South America,South America,Chile
Nitrobenzene,AMER,Latin America and the Caribbean,South America,South America,Colombia
Nitrobenzene,AMER,Latin America and the Caribbean,South America,South America,Ecuador
Nitrobenzene,AMER,Latin America and the Caribbean,South America,South America,Paraguay
Nitrobenzene,AMER,Latin America and the Caribbean,South America,South America,Peru
Nitrobenzene,AMER,Latin America and the Caribbean,South America,South America,Uruguay
Nitrobenzene,AMER,Latin America and the Caribbean,South America,South America,Venezuela
Nitrobenzene,AMER,North America,,North America,Canada
Nitrobenzene,AMER,North America,,North America,Other North America
Nitrobenzene,AMER,North America,,North America,United States
Nitrobenzene,APAC,Asia,Eastern Asia,Eastern Asia,China
Nitrobenzene,APAC,Asia,Eastern Asia,Eastern Asia,Hong Kong
Nitrobenzene,APAC,Asia,Eastern Asia,Eastern Asia,Japan
Nitrobenzene,APAC,Asia,Eastern Asia,Eastern Asia,Macao
Nitrobenzene,APAC,Asia,Eastern Asia,Eastern Asia,Other Northeast Asia ex China
Nitrobenzene,APAC,Asia,Eastern Asia,Eastern Asia,South Korea
Nitrobenzene,APAC,Asia,Eastern Asia,Eastern Asia,Taiwan
Nitrobenzene,APAC,Asia,South-eastern Asia,South-eastern Asia,Brunei Darussalam
Nitrobenzene,APAC,Asia,South-eastern Asia,South-eastern Asia,Indonesia
Nitrobenzene,APAC,Asia,South-eastern Asia,South-eastern Asia,Malaysia
Nitrobenzene,APAC,Asia,South-eastern Asia,South-eastern Asia,Myanmar
Nitrobenzene,APAC,Asia,South-eastern Asia,South-eastern Asia,Other Southeast Asia
Nitrobenzene,APAC,Asia,South-eastern Asia,South-eastern Asia,Philippines
Nitrobenzene,APAC,Asia,South-eastern Asia,South-eastern Asia,Singapore
Nitrobenzene,APAC,Asia,South-eastern Asia,South-eastern Asia,Thailand
Nitrobenzene,APAC,Asia,South-eastern Asia,South-eastern Asia,Vietnam
Nitrobenzene,APAC,Asia,Southern Asia,Southern Asia,Bangladesh
Nitrobenzene,APAC,Asia,Southern Asia,Southern Asia,India
Nitrobenzene,APAC,Asia,Southern Asia,Southern Asia,Other South Asia
Nitrobenzene,APAC,Asia,Southern Asia,Southern Asia,Pakistan
Nitrobenzene,APAC,Asia,Southern Asia,Southern Asia,Sri Lanka
Nitrobenzene,APAC,Oceania,Australia and New Zealand,Australia and New Zealand,Australia
Nitrobenzene,APAC,Oceania,Australia and New Zealand,Australia and New Zealand,New Zealand
Nitrobenzene,EMEA,Africa,Central Africa,Central Africa,Angola
Nitrobenzene,EMEA,Africa,Central Africa,Central Africa,Cameroon
Nitrobenzene,EMEA,Africa,Central Africa,Central Africa,Equatorial Guinea
Nitrobenzene,EMEA,Africa,Central Africa,Central Africa,Republic of the Congo
Nitrobenzene,EMEA,Africa,Eastern Africa,Eastern Africa,Ethiopia
Nitrobenzene,EMEA,Africa,Eastern Africa,Eastern Africa,Kenya
Nitrobenzene,EMEA,Africa,Eastern Africa,Eastern Africa,Tanzania
Nitrobenzene,EMEA,Africa,Eastern Africa,Eastern Africa,Uganda
Nitrobenzene,EMEA,Africa,Northern Africa,Northern Africa,Algeria
Nitrobenzene,EMEA,Africa,Northern Africa,Northern Africa,Egypt
Nitrobenzene,EMEA,Africa,Northern Africa,Northern Africa,Libya
Nitrobenzene,EMEA,Africa,Northern Africa,Northern Africa,Morocco
Nitrobenzene,EMEA,Africa,Northern Africa,Northern Africa,Tunisia
Nitrobenzene,EMEA,Africa,Other Africa (Region),Other Africa (Region),Other Africa (Country)
Nitrobenzene,EMEA,Africa,Southern Africa,Southern Africa,Mozambique
Nitrobenzene,EMEA,Africa,Southern Africa,Southern Africa,South Africa
Nitrobenzene,EMEA,Africa,Western Africa,Western Africa,Ghana
Nitrobenzene,EMEA,Africa,Western Africa,Western Africa,Nigeria
Nitrobenzene,EMEA,Eurasia,,Eurasia,Azerbaijan
Nitrobenzene,EMEA,Eurasia,,Eurasia,Belarus
Nitrobenzene,EMEA,Eurasia,,Eurasia,Kazakhstan
Nitrobenzene,EMEA,Eurasia,,Eurasia,Other Russia and CIS
Nitrobenzene,EMEA,Eurasia,,Eurasia,Russia
Nitrobenzene,EMEA,Eurasia,,Eurasia,Turkmenistan
Nitrobenzene,EMEA,Eurasia,,Eurasia,Ukraine
Nitrobenzene,EMEA,Eurasia,,Eurasia,Uzbekistan
Nitrobenzene,EMEA,Europe,Eastern Europe,Eastern Europe,Bulgaria
Nitrobenzene,EMEA,Europe,Eastern Europe,Eastern Europe,Czechia
Nitrobenzene,EMEA,Europe,Eastern Europe,Eastern Europe,Hungary
Nitrobenzene,EMEA,Europe,Eastern Europe,Eastern Europe,Poland
Nitrobenzene,EMEA,Europe,Eastern Europe,Eastern Europe,Romania
Nitrobenzene,EMEA,Europe,Eastern Europe,Eastern Europe,Slovakia
Nitrobenzene,EMEA,Europe,Northern Europe,Northern Europe,Denmark
Nitrobenzene,EMEA,Europe,Northern Europe,Northern Europe,Estonia
Nitrobenzene,EMEA,Europe,Northern Europe,Northern Europe,Finland
Nitrobenzene,EMEA,Europe,Northern Europe,Northern Europe,Latvia
Nitrobenzene,EMEA,Europe,Northern Europe,Northern Europe,Lithuania
Nitrobenzene,EMEA,Europe,Northern Europe,Northern Europe,Norway
Nitrobenzene,EMEA,Europe,Northern Europe,Northern Europe,Sweden
Nitrobenzene,EMEA,Europe,Northern Europe,Northern Europe,United Kingdom
Nitrobenzene,EMEA,Europe,Other Central and Eastern Europe (Region),Other Central and Eastern Europe (Region),Other Central and Eastern Europe (Country)
Nitrobenzene,EMEA,Europe,Southern Europe,Southern Europe,Croatia
Nitrobenzene,EMEA,Europe,Southern Europe,Southern Europe,Greece
Nitrobenzene,EMEA,Europe,Southern Europe,Southern Europe,Italy
Nitrobenzene,EMEA,Europe,Southern Europe,Southern Europe,Portugal
Nitrobenzene,EMEA,Europe,Southern Europe,Southern Europe,Serbia
Nitrobenzene,EMEA,Europe,Southern Europe,Southern Europe,Slovenia
Nitrobenzene,EMEA,Europe,Southern Europe,Southern Europe,Spain
Nitrobenzene,EMEA,Europe,Southern Europe,Southern Europe,Turkey
Nitrobenzene,EMEA,Europe,Western Europe,Western Europe,Austria
Nitrobenzene,EMEA,Europe,Western Europe,Western Europe,Belgium
Nitrobenzene,EMEA,Europe,Western Europe,Western Europe,France
Nitrobenzene,EMEA,Europe,Western Europe,Western Europe,Germany
Nitrobenzene,EMEA,Europe,Western Europe,Western Europe,Netherlands
Nitrobenzene,EMEA,Europe,Western Europe,Western Europe,Other Western Europe
Nitrobenzene,EMEA,Europe,Western Europe,Western Europe,Switzerland
Nitrobenzene,EMEA,Middle East,,Middle East,Bahrain
Nitrobenzene,EMEA,Middle East,,Middle East,Iran
Nitrobenzene,EMEA,Middle East,,Middle East,Iraq
Nitrobenzene,EMEA,Middle East,,Middle East,Israel
Nitrobenzene,EMEA,Middle East,,Middle East,Kuwait
Nitrobenzene,EMEA,Middle East,,Middle East,Oman
Nitrobenzene,EMEA,Middle East,,Middle East,Other Middle East
Nitrobenzene,EMEA,Middle East,,Middle East,Qatar
Nitrobenzene,EMEA,Middle East,,Middle East,Saudi Arabia
Nitrobenzene,EMEA,Middle East,,Middle East,United Arab Emirates
Orthoxylene,AMER,Latin America and the Caribbean,Caribbean,Caribbean,Trinidad and Tobago
Orthoxylene,AMER,Latin America and the Caribbean,Central America,Central America,Mexico
Orthoxylene,AMER,Latin America and the Caribbean,Other Central and South America (Region),Other Central and South America (Region),Other Central and South America (Country)
Orthoxylene,AMER,Latin America and the Caribbean,South America,South America,Argentina
Orthoxylene,AMER,Latin America and the Caribbean,South America,South America,Bolivia
Orthoxylene,AMER,Latin America and the Caribbean,South America,South America,Brazil
Orthoxylene,AMER,Latin America and the Caribbean,South America,South America,Chile
Orthoxylene,AMER,Latin America and the Caribbean,South America,South America,Colombia
Orthoxylene,AMER,Latin America and the Caribbean,South America,South America,Ecuador
Orthoxylene,AMER,Latin America and the Caribbean,South America,South America,Paraguay
Orthoxylene,AMER,Latin America and the Caribbean,South America,South America,Peru
Orthoxylene,AMER,Latin America and the Caribbean,South America,South America,Uruguay
Orthoxylene,AMER,Latin America and the Caribbean,South America,South America,Venezuela
Orthoxylene,AMER,North America,,North America,Canada
Orthoxylene,AMER,North America,,North America,Other North America
Orthoxylene,AMER,North America,,North America,United States
Orthoxylene,APAC,Asia,Eastern Asia,Eastern Asia,China
Orthoxylene,APAC,Asia,Eastern Asia,Eastern Asia,Hong Kong
Orthoxylene,APAC,Asia,Eastern Asia,Eastern Asia,Japan
Orthoxylene,APAC,Asia,Eastern Asia,Eastern Asia,Macao
Orthoxylene,APAC,Asia,Eastern Asia,Eastern Asia,Other Northeast Asia ex China
Orthoxylene,APAC,Asia,Eastern Asia,Eastern Asia,South Korea
Orthoxylene,APAC,Asia,Eastern Asia,Eastern Asia,Taiwan
Orthoxylene,APAC,Asia,South-eastern Asia,South-eastern Asia,Brunei Darussalam
Orthoxylene,APAC,Asia,South-eastern Asia,South-eastern Asia,Indonesia
Orthoxylene,APAC,Asia,South-eastern Asia,South-eastern Asia,Malaysia
Orthoxylene,APAC,Asia,South-eastern Asia,South-eastern Asia,Myanmar
Orthoxylene,APAC,Asia,South-eastern Asia,South-eastern Asia,Other Southeast Asia
Orthoxylene,APAC,Asia,South-eastern Asia,South-eastern Asia,Philippines
Orthoxylene,APAC,Asia,South-eastern Asia,South-eastern Asia,Singapore
Orthoxylene,APAC,Asia,South-eastern Asia,South-eastern Asia,Thailand
Orthoxylene,APAC,Asia,South-eastern Asia,South-eastern Asia,Vietnam
Orthoxylene,APAC,Asia,Southern Asia,Southern Asia,Bangladesh
Orthoxylene,APAC,Asia,Southern Asia,Southern Asia,India
Orthoxylene,APAC,Asia,Southern Asia,Southern Asia,Other South Asia
Orthoxylene,APAC,Asia,Southern Asia,Southern Asia,Pakistan
Orthoxylene,APAC,Asia,Southern Asia,Southern Asia,Sri Lanka
Orthoxylene,APAC,Oceania,Australia and New Zealand,Australia and New Zealand,Australia
Orthoxylene,APAC,Oceania,Australia and New Zealand,Australia and New Zealand,New Zealand
Orthoxylene,EMEA,Africa,Central Africa,Central Africa,Angola
Orthoxylene,EMEA,Africa,Central Africa,Central Africa,Cameroon
Orthoxylene,EMEA,Africa,Central Africa,Central Africa,Equatorial Guinea
Orthoxylene,EMEA,Africa,Central Africa,Central Africa,Republic of the Congo
Orthoxylene,EMEA,Africa,Eastern Africa,Eastern Africa,Ethiopia
Orthoxylene,EMEA,Africa,Eastern Africa,Eastern Africa,Kenya
Orthoxylene,EMEA,Africa,Eastern Africa,Eastern Africa,Tanzania
Orthoxylene,EMEA,Africa,Eastern Africa,Eastern Africa,Uganda
Orthoxylene,EMEA,Africa,Northern Africa,Northern Africa,Algeria
Orthoxylene,EMEA,Africa,Northern Africa,Northern Africa,Egypt
Orthoxylene,EMEA,Africa,Northern Africa,Northern Africa,Libya
Orthoxylene,EMEA,Africa,Northern Africa,Northern Africa,Morocco
Orthoxylene,EMEA,Africa,Northern Africa,Northern Africa,Tunisia
Orthoxylene,EMEA,Africa,Other Africa (Region),Other Africa (Region),Other Africa (Country)
Orthoxylene,EMEA,Africa,Southern Africa,Southern Africa,Mozambique
Orthoxylene,EMEA,Africa,Southern Africa,Southern Africa,South Africa
Orthoxylene,EMEA,Africa,Western Africa,Western Africa,Ghana
Orthoxylene,EMEA,Africa,Western Africa,Western Africa,Nigeria
Orthoxylene,EMEA,Eurasia,,Eurasia,Azerbaijan
Orthoxylene,EMEA,Eurasia,,Eurasia,Belarus
Orthoxylene,EMEA,Eurasia,,Eurasia,Kazakhstan
Orthoxylene,EMEA,Eurasia,,Eurasia,Other Russia and CIS
Orthoxylene,EMEA,Eurasia,,Eurasia,Russia
Orthoxylene,EMEA,Eurasia,,Eurasia,Turkmenistan
Orthoxylene,EMEA,Eurasia,,Eurasia,Ukraine
Orthoxylene,EMEA,Eurasia,,Eurasia,Uzbekistan
Orthoxylene,EMEA,Europe,Eastern Europe,Eastern Europe,Bulgaria
Orthoxylene,EMEA,Europe,Eastern Europe,Eastern Europe,Czechia
Orthoxylene,EMEA,Europe,Eastern Europe,Eastern Europe,Hungary
Orthoxylene,EMEA,Europe,Eastern Europe,Eastern Europe,Poland
Orthoxylene,EMEA,Europe,Eastern Europe,Eastern Europe,Romania
Orthoxylene,EMEA,Europe,Eastern Europe,Eastern Europe,Slovakia
Orthoxylene,EMEA,Europe,Northern Europe,Northern Europe,Denmark
Orthoxylene,EMEA,Europe,Northern Europe,Northern Europe,Estonia
Orthoxylene,EMEA,Europe,Northern Europe,Northern Europe,Finland
Orthoxylene,EMEA,Europe,Northern Europe,Northern Europe,Latvia
Orthoxylene,EMEA,Europe,Northern Europe,Northern Europe,Lithuania
Orthoxylene,EMEA,Europe,Northern Europe,Northern Europe,Norway
Orthoxylene,EMEA,Europe,Northern Europe,Northern Europe,Sweden
Orthoxylene,EMEA,Europe,Northern Europe,Northern Europe,United Kingdom
Orthoxylene,EMEA,Europe,Other Central and Eastern Europe (Region),Other Central and Eastern Europe (Region),Other Central and Eastern Europe (Country)
Orthoxylene,EMEA,Europe,Southern Europe,Southern Europe,Croatia
Orthoxylene,EMEA,Europe,Southern Europe,Southern Europe,Greece
Orthoxylene,EMEA,Europe,Southern Europe,Southern Europe,Italy
Orthoxylene,EMEA,Europe,Southern Europe,Southern Europe,Portugal
Orthoxylene,EMEA,Europe,Southern Europe,Southern Europe,Serbia
Orthoxylene,EMEA,Europe,Southern Europe,Southern Europe,Slovenia
Orthoxylene,EMEA,Europe,Southern Europe,Southern Europe,Spain
Orthoxylene,EMEA,Europe,Southern Europe,Southern Europe,Turkey
Orthoxylene,EMEA,Europe,Western Europe,Western Europe,Austria
Orthoxylene,EMEA,Europe,Western Europe,Western Europe,Belgium
Orthoxylene,EMEA,Europe,Western Europe,Western Europe,France
Orthoxylene,EMEA,Europe,Western Europe,Western Europe,Germany
Orthoxylene,EMEA,Europe,Western Europe,Western Europe,Netherlands
Orthoxylene,EMEA,Europe,Western Europe,Western Europe,Other Western Europe
Orthoxylene,EMEA,Europe,Western Europe,Western Europe,Switzerland
Orthoxylene,EMEA,Middle East,,Middle East,Bahrain
Orthoxylene,EMEA,Middle East,,Middle East,Iran
Orthoxylene,EMEA,Middle East,,Middle East,Iraq
Orthoxylene,EMEA,Middle East,,Middle East,Israel
Orthoxylene,EMEA,Middle East,,Middle East,Kuwait
Orthoxylene,EMEA,Middle East,,Middle East,Oman
Orthoxylene,EMEA,Middle East,,Middle East,Other Middle East
Orthoxylene,EMEA,Middle East,,Middle East,Qatar
Orthoxylene,EMEA,Middle East,,Middle East,Saudi Arabia
Orthoxylene,EMEA,Middle East,,Middle East,United Arab Emirates
PVC,AMER,Latin America and the Caribbean,Caribbean,Caribbean,Trinidad and Tobago
PVC,AMER,Latin America and the Caribbean,Central America,Central America,Mexico
PVC,AMER,Latin America and the Caribbean,Other Central and South America (Region),Other Central and South America (Region),Other Central and South America (Country)
PVC,AMER,Latin America and the Caribbean,South America,South America,Argentina
PVC,AMER,Latin America and the Caribbean,South America,South America,Bolivia
PVC,AMER,Latin America and the Caribbean,South America,South America,Brazil
PVC,AMER,Latin America and the Caribbean,South America,South America,Chile
PVC,AMER,Latin America and the Caribbean,South America,South America,Colombia
PVC,AMER,Latin America and the Caribbean,South America,South America,Ecuador
PVC,AMER,Latin America and the Caribbean,South America,South America,Paraguay
PVC,AMER,Latin America and the Caribbean,South America,South America,Peru
PVC,AMER,Latin America and the Caribbean,South America,South America,Uruguay
PVC,AMER,Latin America and the Caribbean,South America,South America,Venezuela
PVC,AMER,North America,,North America,Canada
PVC,AMER,North America,,North America,Other North America
PVC,AMER,North America,,North America,United States
PVC,APAC,Asia,Eastern Asia,Eastern Asia,China
PVC,APAC,Asia,Eastern Asia,Eastern Asia,Hong Kong
PVC,APAC,Asia,Eastern Asia,Eastern Asia,Japan
PVC,APAC,Asia,Eastern Asia,Eastern Asia,Macao
PVC,APAC,Asia,Eastern Asia,Eastern Asia,Other Northeast Asia ex China
PVC,APAC,Asia,Eastern Asia,Eastern Asia,South Korea
PVC,APAC,Asia,Eastern Asia,Eastern Asia,Taiwan
PVC,APAC,Asia,South-eastern Asia,South-eastern Asia,Brunei Darussalam
PVC,APAC,Asia,South-eastern Asia,South-eastern Asia,Indonesia
PVC,APAC,Asia,South-eastern Asia,South-eastern Asia,Malaysia
PVC,APAC,Asia,South-eastern Asia,South-eastern Asia,Myanmar
PVC,APAC,Asia,South-eastern Asia,South-eastern Asia,Other Southeast Asia
PVC,APAC,Asia,South-eastern Asia,South-eastern Asia,Philippines
PVC,APAC,Asia,South-eastern Asia,South-eastern Asia,Singapore
PVC,APAC,Asia,South-eastern Asia,South-eastern Asia,Thailand
PVC,APAC,Asia,South-eastern Asia,South-eastern Asia,Vietnam
PVC,APAC,Asia,Southern Asia,Southern Asia,Bangladesh
PVC,APAC,Asia,Southern Asia,Southern Asia,India
PVC,APAC,Asia,Southern Asia,Southern Asia,Other South Asia
PVC,APAC,Asia,Southern Asia,Southern Asia,Pakistan
PVC,APAC,Asia,Southern Asia,Southern Asia,Sri Lanka
PVC,APAC,Oceania,Australia and New Zealand,Australia and New Zealand,Australia
PVC,APAC,Oceania,Australia and New Zealand,Australia and New Zealand,New Zealand
PVC,EMEA,Africa,Central Africa,Central Africa,Angola
PVC,EMEA,Africa,Central Africa,Central Africa,Cameroon
PVC,EMEA,Africa,Central Africa,Central Africa,Equatorial Guinea
PVC,EMEA,Africa,Central Africa,Central Africa,Republic of the Congo
PVC,EMEA,Africa,Eastern Africa,Eastern Africa,Ethiopia
PVC,EMEA,Africa,Eastern Africa,Eastern Africa,Kenya
PVC,EMEA,Africa,Eastern Africa,Eastern Africa,Tanzania
PVC,EMEA,Africa,Eastern Africa,Eastern Africa,Uganda
PVC,EMEA,Africa,Northern Africa,Northern Africa,Algeria
PVC,EMEA,Africa,Northern Africa,Northern Africa,Egypt
PVC,EMEA,Africa,Northern Africa,Northern Africa,Libya
PVC,EMEA,Africa,Northern Africa,Northern Africa,Morocco
PVC,EMEA,Africa,Northern Africa,Northern Africa,Tunisia
PVC,EMEA,Africa,Other Africa (Region),Other Africa (Region),Other Africa (Country)
PVC,EMEA,Africa,Southern Africa,Southern Africa,Mozambique
PVC,EMEA,Africa,Southern Africa,Southern Africa,South Africa
PVC,EMEA,Africa,Western Africa,Western Africa,Ghana
PVC,EMEA,Africa,Western Africa,Western Africa,Nigeria
PVC,EMEA,Eurasia,,Eurasia,Azerbaijan
PVC,EMEA,Eurasia,,Eurasia,Belarus
PVC,EMEA,Eurasia,,Eurasia,Kazakhstan
PVC,EMEA,Eurasia,,Eurasia,Other Russia and CIS
PVC,EMEA,Eurasia,,Eurasia,Russia
PVC,EMEA,Eurasia,,Eurasia,Turkmenistan
PVC,EMEA,Eurasia,,Eurasia,Ukraine
PVC,EMEA,Eurasia,,Eurasia,Uzbekistan
PVC,EMEA,Europe,Eastern Europe,Eastern Europe,Bulgaria
PVC,EMEA,Europe,Eastern Europe,Eastern Europe,Czechia
PVC,EMEA,Europe,Eastern Europe,Eastern Europe,Hungary
PVC,EMEA,Europe,Eastern Europe,Eastern Europe,Poland
PVC,EMEA,Europe,Eastern Europe,Eastern Europe,Romania
PVC,EMEA,Europe,Eastern Europe,Eastern Europe,Slovakia
PVC,EMEA,Europe,Northern Europe,Northern Europe,Denmark
PVC,EMEA,Europe,Northern Europe,Northern Europe,Estonia
PVC,EMEA,Europe,Northern Europe,Northern Europe,Finland
PVC,EMEA,Europe,Northern Europe,Northern Europe,Latvia
PVC,EMEA,Europe,Northern Europe,Northern Europe,Lithuania
PVC,EMEA,Europe,Northern Europe,Northern Europe,Norway
PVC,EMEA,Europe,Northern Europe,Northern Europe,Sweden
PVC,EMEA,Europe,Northern Europe,Northern Europe,United Kingdom
PVC,EMEA,Europe,Other Central and Eastern Europe (Region),Other Central and Eastern Europe (Region),Other Central and Eastern Europe (Country)
PVC,EMEA,Europe,Southern Europe,Southern Europe,Croatia
PVC,EMEA,Europe,Southern Europe,Southern Europe,Greece
PVC,EMEA,Europe,Southern Europe,Southern Europe,Italy
PVC,EMEA,Europe,Southern Europe,Southern Europe,Portugal
PVC,EMEA,Europe,Southern Europe,Southern Europe,Serbia
PVC,EMEA,Europe,Southern Europe,Southern Europe,Slovenia
PVC,EMEA,Europe,Southern Europe,Southern Europe,Spain
PVC,EMEA,Europe,Southern Europe,Southern Europe,Turkey
PVC,EMEA,Europe,Western Europe,Western Europe,Austria
PVC,EMEA,Europe,Western Europe,Western Europe,Belgium
PVC,EMEA,Europe,Western Europe,Western Europe,France
PVC,EMEA,Europe,Western Europe,Western Europe,Germany
PVC,EMEA,Europe,Western Europe,Western Europe,Netherlands
PVC,EMEA,Europe,Western Europe,Western Europe,Other Western Europe
PVC,EMEA,Europe,Western Europe,Western Europe,Switzerland
PVC,EMEA,Middle East,,Middle East,Bahrain
PVC,EMEA,Middle East,,Middle East,Iran
PVC,EMEA,Middle East,,Middle East,Iraq
PVC,EMEA,Middle East,,Middle East,Israel
PVC,EMEA,Middle East,,Middle East,Kuwait
PVC,EMEA,Middle East,,Middle East,Oman
PVC,EMEA,Middle East,,Middle East,Other Middle East
PVC,EMEA,Middle East,,Middle East,Qatar
PVC,EMEA,Middle East,,Middle East,Saudi Arabia
PVC,EMEA,Middle East,,Middle East,United Arab Emirates
Paraxylene,AMER,Latin America and the Caribbean,Caribbean,Caribbean,Trinidad and Tobago
Paraxylene,AMER,Latin America and the Caribbean,Central America,Central America,Mexico
Paraxylene,AMER,Latin America and the Caribbean,Other Central and South America (Region),Other Central and South America (Region),Other Central and South America (Country)
Paraxylene,AMER,Latin America and the Caribbean,South America,South America,Argentina
Paraxylene,AMER,Latin America and the Caribbean,South America,South America,Bolivia
Paraxylene,AMER,Latin America and the Caribbean,South America,South America,Brazil
Paraxylene,AMER,Latin America and the Caribbean,South America,South America,Chile
Paraxylene,AMER,Latin America and the Caribbean,South America,South America,Colombia
Paraxylene,AMER,Latin America and the Caribbean,South America,South America,Ecuador
Paraxylene,AMER,Latin America and the Caribbean,South America,South America,Paraguay
Paraxylene,AMER,Latin America and the Caribbean,South America,South America,Peru
Paraxylene,AMER,Latin America and the Caribbean,South America,South America,Uruguay
Paraxylene,AMER,Latin America and the Caribbean,South America,South America,Venezuela
Paraxylene,AMER,North America,,North America,Canada
Paraxylene,AMER,North America,,North America,Other North America
Paraxylene,AMER,North America,,North America,United States
Paraxylene,APAC,Asia,Eastern Asia,Eastern Asia,China
Paraxylene,APAC,Asia,Eastern Asia,Eastern Asia,Hong Kong
Paraxylene,APAC,Asia,Eastern Asia,Eastern Asia,Japan
Paraxylene,APAC,Asia,Eastern Asia,Eastern Asia,Macao
Paraxylene,APAC,Asia,Eastern Asia,Eastern Asia,Other Northeast Asia ex China
Paraxylene,APAC,Asia,Eastern Asia,Eastern Asia,South Korea
Paraxylene,APAC,Asia,Eastern Asia,Eastern Asia,Taiwan
Paraxylene,APAC,Asia,South-eastern Asia,South-eastern Asia,Brunei Darussalam
Paraxylene,APAC,Asia,South-eastern Asia,South-eastern Asia,Indonesia
Paraxylene,APAC,Asia,South-eastern Asia,South-eastern Asia,Malaysia
Paraxylene,APAC,Asia,South-eastern Asia,South-eastern Asia,Myanmar
Paraxylene,APAC,Asia,South-eastern Asia,South-eastern Asia,Other Southeast Asia
Paraxylene,APAC,Asia,South-eastern Asia,South-eastern Asia,Philippines
Paraxylene,APAC,Asia,South-eastern Asia,South-eastern Asia,Singapore
Paraxylene,APAC,Asia,South-eastern Asia,South-eastern Asia,Thailand
Paraxylene,APAC,Asia,South-eastern Asia,South-eastern Asia,Vietnam
Paraxylene,APAC,Asia,Southern Asia,Southern Asia,Bangladesh
Paraxylene,APAC,Asia,Southern Asia,Southern Asia,India
Paraxylene,APAC,Asia,Southern Asia,Southern Asia,Other South Asia
Paraxylene,APAC,Asia,Southern Asia,Southern Asia,Pakistan
Paraxylene,APAC,Asia,Southern Asia,Southern Asia,Sri Lanka
Paraxylene,APAC,Oceania,Australia and New Zealand,Australia and New Zealand,Australia
Paraxylene,APAC,Oceania,Australia and New Zealand,Australia and New Zealand,New Zealand
Paraxylene,EMEA,Africa,Central Africa,Central Africa,Angola
Paraxylene,EMEA,Africa,Central Africa,Central Africa,Cameroon
Paraxylene,EMEA,Africa,Central Africa,Central Africa,Equatorial Guinea
Paraxylene,EMEA,Africa,Central Africa,Central Africa,Republic of the Congo
Paraxylene,EMEA,Africa,Eastern Africa,Eastern Africa,Ethiopia
Paraxylene,EMEA,Africa,Eastern Africa,Eastern Africa,Kenya
Paraxylene,EMEA,Africa,Eastern Africa,Eastern Africa,Tanzania
Paraxylene,EMEA,Africa,Eastern Africa,Eastern Africa,Uganda
Paraxylene,EMEA,Africa,Northern Africa,Northern Africa,Algeria
Paraxylene,EMEA,Africa,Northern Africa,Northern Africa,Egypt
Paraxylene,EMEA,Africa,Northern Africa,Northern Africa,Libya
Paraxylene,EMEA,Africa,Northern Africa,Northern Africa,Morocco
Paraxylene,EMEA,Africa,Northern Africa,Northern Africa,Tunisia
Paraxylene,EMEA,Africa,Other Africa (Region),Other Africa (Region),Other Africa (Country)
Paraxylene,EMEA,Africa,Southern Africa,Southern Africa,Mozambique
Paraxylene,EMEA,Africa,Southern Africa,Southern Africa,South Africa
Paraxylene,EMEA,Africa,Western Africa,Western Africa,Ghana
Paraxylene,EMEA,Africa,Western Africa,Western Africa,Nigeria
Paraxylene,EMEA,Eurasia,,Eurasia,Azerbaijan
Paraxylene,EMEA,Eurasia,,Eurasia,Belarus
Paraxylene,EMEA,Eurasia,,Eurasia,Kazakhstan
Paraxylene,EMEA,Eurasia,,Eurasia,Other Russia and CIS
Paraxylene,EMEA,Eurasia,,Eurasia,Russia
Paraxylene,EMEA,Eurasia,,Eurasia,Turkmenistan
Paraxylene,EMEA,Eurasia,,Eurasia,Ukraine
Paraxylene,EMEA,Eurasia,,Eurasia,Uzbekistan
Paraxylene,EMEA,Europe,Eastern Europe,Eastern Europe,Bulgaria
Paraxylene,EMEA,Europe,Eastern Europe,Eastern Europe,Czechia
Paraxylene,EMEA,Europe,Eastern Europe,Eastern Europe,Hungary
Paraxylene,EMEA,Europe,Eastern Europe,Eastern Europe,Poland
Paraxylene,EMEA,Europe,Eastern Europe,Eastern Europe,Romania
Paraxylene,EMEA,Europe,Eastern Europe,Eastern Europe,Slovakia
Paraxylene,EMEA,Europe,Northern Europe,Northern Europe,Denmark
Paraxylene,EMEA,Europe,Northern Europe,Northern Europe,Estonia
Paraxylene,EMEA,Europe,Northern Europe,Northern Europe,Finland
Paraxylene,EMEA,Europe,Northern Europe,Northern Europe,Latvia
Paraxylene,EMEA,Europe,Northern Europe,Northern Europe,Lithuania
Paraxylene,EMEA,Europe,Northern Europe,Northern Europe,Norway
Paraxylene,EMEA,Europe,Northern Europe,Northern Europe,Sweden
Paraxylene,EMEA,Europe,Northern Europe,Northern Europe,United Kingdom
Paraxylene,EMEA,Europe,Other Central and Eastern Europe (Region),Other Central and Eastern Europe (Region),Other Central and Eastern Europe (Country)
Paraxylene,EMEA,Europe,Southern Europe,Southern Europe,Croatia
Paraxylene,EMEA,Europe,Southern Europe,Southern Europe,Greece
Paraxylene,EMEA,Europe,Southern Europe,Southern Europe,Italy
Paraxylene,EMEA,Europe,Southern Europe,Southern Europe,Portugal
Paraxylene,EMEA,Europe,Southern Europe,Southern Europe,Serbia
Paraxylene,EMEA,Europe,Southern Europe,Southern Europe,Slovenia
Paraxylene,EMEA,Europe,Southern Europe,Southern Europe,Spain
Paraxylene,EMEA,Europe,Southern Europe,Southern Europe,Turkey
Paraxylene,EMEA,Europe,Western Europe,Western Europe,Austria
Paraxylene,EMEA,Europe,Western Europe,Western Europe,Belgium
Paraxylene,EMEA,Europe,Western Europe,Western Europe,France
Paraxylene,EMEA,Europe,Western Europe,Western Europe,Germany
Paraxylene,EMEA,Europe,Western Europe,Western Europe,Netherlands
Paraxylene,EMEA,Europe,Western Europe,Western Europe,Other Western Europe
Paraxylene,EMEA,Europe,Western Europe,Western Europe,Switzerland
Paraxylene,EMEA,Middle East,,Middle East,Bahrain
Paraxylene,EMEA,Middle East,,Middle East,Iran
Paraxylene,EMEA,Middle East,,Middle East,Iraq
Paraxylene,EMEA,Middle East,,Middle East,Israel
Paraxylene,EMEA,Middle East,,Middle East,Kuwait
Paraxylene,EMEA,Middle East,,Middle East,Oman
Paraxylene,EMEA,Middle East,,Middle East,Other Middle East
Paraxylene,EMEA,Middle East,,Middle East,Qatar
Paraxylene,EMEA,Middle East,,Middle East,Saudi Arabia
Paraxylene,EMEA,Middle East,,Middle East,United Arab Emirates
Phenol,AMER,Latin America and the Caribbean,Caribbean,Caribbean,Trinidad and Tobago
Phenol,AMER,Latin America and the Caribbean,Central America,Central America,Mexico
Phenol,AMER,Latin America and the Caribbean,Other Central and South America (Region),Other Central and South America (Region),Other Central and South America (Country)
Phenol,AMER,Latin America and the Caribbean,South America,South America,Argentina
Phenol,AMER,Latin America and the Caribbean,South America,South America,Bolivia
Phenol,AMER,Latin America and the Caribbean,South America,South America,Brazil
Phenol,AMER,Latin America and the Caribbean,South America,South America,Chile
Phenol,AMER,Latin America and the Caribbean,South America,South America,Colombia
Phenol,AMER,Latin America and the Caribbean,South America,South America,Ecuador
Phenol,AMER,Latin America and the Caribbean,South America,South America,Paraguay
Phenol,AMER,Latin America and the Caribbean,South America,South America,Peru
Phenol,AMER,Latin America and the Caribbean,South America,South America,Uruguay
Phenol,AMER,Latin America and the Caribbean,South America,South America,Venezuela
Phenol,AMER,North America,,North America,Canada
Phenol,AMER,North America,,North America,Other North America
Phenol,AMER,North America,,North America,United States
Phenol,APAC,Asia,Eastern Asia,Eastern Asia,China
Phenol,APAC,Asia,Eastern Asia,Eastern Asia,Hong Kong
Phenol,APAC,Asia,Eastern Asia,Eastern Asia,Japan
Phenol,APAC,Asia,Eastern Asia,Eastern Asia,Macao
Phenol,APAC,Asia,Eastern Asia,Eastern Asia,Other Northeast Asia ex China
Phenol,APAC,Asia,Eastern Asia,Eastern Asia,South Korea
Phenol,APAC,Asia,Eastern Asia,Eastern Asia,Taiwan
Phenol,APAC,Asia,South-eastern Asia,South-eastern Asia,Brunei Darussalam
Phenol,APAC,Asia,South-eastern Asia,South-eastern Asia,Indonesia
Phenol,APAC,Asia,South-eastern Asia,South-eastern Asia,Malaysia
Phenol,APAC,Asia,South-eastern Asia,South-eastern Asia,Myanmar
Phenol,APAC,Asia,South-eastern Asia,South-eastern Asia,Other Southeast Asia
Phenol,APAC,Asia,South-eastern Asia,South-eastern Asia,Philippines
Phenol,APAC,Asia,South-eastern Asia,South-eastern Asia,Singapore
Phenol,APAC,Asia,South-eastern Asia,South-eastern Asia,Thailand
Phenol,APAC,Asia,South-eastern Asia,South-eastern Asia,Vietnam
Phenol,APAC,Asia,Southern Asia,Southern Asia,Bangladesh
Phenol,APAC,Asia,Southern Asia,Southern Asia,India
Phenol,APAC,Asia,Southern Asia,Southern Asia,Other South Asia
Phenol,APAC,Asia,Southern Asia,Southern Asia,Pakistan
Phenol,APAC,Asia,Southern Asia,Southern Asia,Sri Lanka
Phenol,APAC,Oceania,Australia and New Zealand,Australia and New Zealand,Australia
Phenol,APAC,Oceania,Australia and New Zealand,Australia and New Zealand,New Zealand
Phenol,EMEA,Africa,Central Africa,Central Africa,Angola
Phenol,EMEA,Africa,Central Africa,Central Africa,Cameroon
Phenol,EMEA,Africa,Central Africa,Central Africa,Equatorial Guinea
Phenol,EMEA,Africa,Central Africa,Central Africa,Republic of the Congo
Phenol,EMEA,Africa,Eastern Africa,Eastern Africa,Ethiopia
Phenol,EMEA,Africa,Eastern Africa,Eastern Africa,Kenya
Phenol,EMEA,Africa,Eastern Africa,Eastern Africa,Tanzania
Phenol,EMEA,Africa,Eastern Africa,Eastern Africa,Uganda
Phenol,EMEA,Africa,Northern Africa,Northern Africa,Algeria
Phenol,EMEA,Africa,Northern Africa,Northern Africa,Egypt
Phenol,EMEA,Africa,Northern Africa,Northern Africa,Libya
Phenol,EMEA,Africa,Northern Africa,Northern Africa,Morocco
Phenol,EMEA,Africa,Northern Africa,Northern Africa,Tunisia
Phenol,EMEA,Africa,Other Africa (Region),Other Africa (Region),Other Africa (Country)
Phenol,EMEA,Africa,Southern Africa,Southern Africa,Mozambique
Phenol,EMEA,Africa,Southern Africa,Southern Africa,South Africa
Phenol,EMEA,Africa,Western Africa,Western Africa,Ghana
Phenol,EMEA,Africa,Western Africa,Western Africa,Nigeria
Phenol,EMEA,Eurasia,,Eurasia,Azerbaijan
Phenol,EMEA,Eurasia,,Eurasia,Belarus
Phenol,EMEA,Eurasia,,Eurasia,Kazakhstan
Phenol,EMEA,Eurasia,,Eurasia,Other Russia and CIS
Phenol,EMEA,Eurasia,,Eurasia,Russia
Phenol,EMEA,Eurasia,,Eurasia,Turkmenistan
Phenol,EMEA,Eurasia,,Eurasia,Ukraine
Phenol,EMEA,Eurasia,,Eurasia,Uzbekistan
Phenol,EMEA,Europe,Eastern Europe,Eastern Europe,Bulgaria
Phenol,EMEA,Europe,Eastern Europe,Eastern Europe,Czechia
Phenol,EMEA,Europe,Eastern Europe,Eastern Europe,Hungary
Phenol,EMEA,Europe,Eastern Europe,Eastern Europe,Poland
Phenol,EMEA,Europe,Eastern Europe,Eastern Europe,Romania
Phenol,EMEA,Europe,Eastern Europe,Eastern Europe,Slovakia
Phenol,EMEA,Europe,Northern Europe,Northern Europe,Denmark
Phenol,EMEA,Europe,Northern Europe,Northern Europe,Estonia
Phenol,EMEA,Europe,Northern Europe,Northern Europe,Finland
Phenol,EMEA,Europe,Northern Europe,Northern Europe,Latvia
Phenol,EMEA,Europe,Northern Europe,Northern Europe,Lithuania
Phenol,EMEA,Europe,Northern Europe,Northern Europe,Norway
Phenol,EMEA,Europe,Northern Europe,Northern Europe,Sweden
Phenol,EMEA,Europe,Northern Europe,Northern Europe,United Kingdom
Phenol,EMEA,Europe,Other Central and Eastern Europe (Region),Other Central and Eastern Europe (Region),Other Central and Eastern Europe (Country)
Phenol,EMEA,Europe,Southern Europe,Southern Europe,Croatia
Phenol,EMEA,Europe,Southern Europe,Southern Europe,Greece
Phenol,EMEA,Europe,Southern Europe,Southern Europe,Italy
Phenol,EMEA,Europe,Southern Europe,Southern Europe,Portugal
Phenol,EMEA,Europe,Southern Europe,Southern Europe,Serbia
Phenol,EMEA,Europe,Southern Europe,Southern Europe,Slovenia
Phenol,EMEA,Europe,Southern Europe,Southern Europe,Spain
Phenol,EMEA,Europe,Southern Europe,Southern Europe,Turkey
Phenol,EMEA,Europe,Western Europe,Western Europe,Austria
Phenol,EMEA,Europe,Western Europe,Western Europe,Belgium
Phenol,EMEA,Europe,Western Europe,Western Europe,France
Phenol,EMEA,Europe,Western Europe,Western Europe,Germany
Phenol,EMEA,Europe,Western Europe,Western Europe,Netherlands
Phenol,EMEA,Europe,Western Europe,Western Europe,Other Western Europe
Phenol,EMEA,Europe,Western Europe,Western Europe,Switzerland
Phenol,EMEA,Middle East,,Middle East,Bahrain
Phenol,EMEA,Middle East,,Middle East,Iran
Phenol,EMEA,Middle East,,Middle East,Iraq
Phenol,EMEA,Middle East,,Middle East,Israel
Phenol,EMEA,Middle East,,Middle East,Kuwait
Phenol,EMEA,Middle East,,Middle East,Oman
Phenol,EMEA,Middle East,,Middle East,Other Middle East
Phenol,EMEA,Middle East,,Middle East,Qatar
Phenol,EMEA,Middle East,,Middle East,Saudi Arabia
Phenol,EMEA,Middle East,,Middle East,United Arab Emirates
Phthalic Anhydride,AMER,Latin America and the Caribbean,Caribbean,Caribbean,Trinidad and Tobago
Phthalic Anhydride,AMER,Latin America and the Caribbean,Central America,Central America,Mexico
Phthalic Anhydride,AMER,Latin America and the Caribbean,Other Central and South America (Region),Other Central and South America (Region),Other Central and South America (Country)
Phthalic Anhydride,AMER,Latin America and the Caribbean,South America,South America,Argentina
Phthalic Anhydride,AMER,Latin America and the Caribbean,South America,South America,Bolivia
Phthalic Anhydride,AMER,Latin America and the Caribbean,South America,South America,Brazil
Phthalic Anhydride,AMER,Latin America and the Caribbean,South America,South America,Chile
Phthalic Anhydride,AMER,Latin America and the Caribbean,South America,South America,Colombia
Phthalic Anhydride,AMER,Latin America and the Caribbean,South America,South America,Ecuador
Phthalic Anhydride,AMER,Latin America and the Caribbean,South America,South America,Paraguay
Phthalic Anhydride,AMER,Latin America and the Caribbean,South America,South America,Peru
Phthalic Anhydride,AMER,Latin America and the Caribbean,South America,South America,Uruguay
Phthalic Anhydride,AMER,Latin America and the Caribbean,South America,South America,Venezuela
Phthalic Anhydride,AMER,North America,,North America,Canada
Phthalic Anhydride,AMER,North America,,North America,Other North America
Phthalic Anhydride,AMER,North America,,North America,United States
Phthalic Anhydride,APAC,Asia,Eastern Asia,Eastern Asia,China
Phthalic Anhydride,APAC,Asia,Eastern Asia,Eastern Asia,Hong Kong
Phthalic Anhydride,APAC,Asia,Eastern Asia,Eastern Asia,Japan
Phthalic Anhydride,APAC,Asia,Eastern Asia,Eastern Asia,Macao
Phthalic Anhydride,APAC,Asia,Eastern Asia,Eastern Asia,Other Northeast Asia ex China
Phthalic Anhydride,APAC,Asia,Eastern Asia,Eastern Asia,South Korea
Phthalic Anhydride,APAC,Asia,Eastern Asia,Eastern Asia,Taiwan
Phthalic Anhydride,APAC,Asia,South-eastern Asia,South-eastern Asia,Brunei Darussalam
Phthalic Anhydride,APAC,Asia,South-eastern Asia,South-eastern Asia,Indonesia
Phthalic Anhydride,APAC,Asia,South-eastern Asia,South-eastern Asia,Malaysia
Phthalic Anhydride,APAC,Asia,South-eastern Asia,South-eastern Asia,Myanmar
Phthalic Anhydride,APAC,Asia,South-eastern Asia,South-eastern Asia,Other Southeast Asia
Phthalic Anhydride,APAC,Asia,South-eastern Asia,South-eastern Asia,Philippines
Phthalic Anhydride,APAC,Asia,South-eastern Asia,South-eastern Asia,Singapore
Phthalic Anhydride,APAC,Asia,South-eastern Asia,South-eastern Asia,Thailand
Phthalic Anhydride,APAC,Asia,South-eastern Asia,South-eastern Asia,Vietnam
Phthalic Anhydride,APAC,Asia,Southern Asia,Southern Asia,Bangladesh
Phthalic Anhydride,APAC,Asia,Southern Asia,Southern Asia,India
Phthalic Anhydride,APAC,Asia,Southern Asia,Southern Asia,Other South Asia
Phthalic Anhydride,APAC,Asia,Southern Asia,Southern Asia,Pakistan
Phthalic Anhydride,APAC,Asia,Southern Asia,Southern Asia,Sri Lanka
Phthalic Anhydride,APAC,Oceania,Australia and New Zealand,Australia and New Zealand,Australia
Phthalic Anhydride,APAC,Oceania,Australia and New Zealand,Australia and New Zealand,New Zealand
Phthalic Anhydride,EMEA,Africa,Central Africa,Central Africa,Angola
Phthalic Anhydride,EMEA,Africa,Central Africa,Central Africa,Cameroon
Phthalic Anhydride,EMEA,Africa,Central Africa,Central Africa,Equatorial Guinea
Phthalic Anhydride,EMEA,Africa,Central Africa,Central Africa,Republic of the Congo
Phthalic Anhydride,EMEA,Africa,Eastern Africa,Eastern Africa,Ethiopia
Phthalic Anhydride,EMEA,Africa,Eastern Africa,Eastern Africa,Kenya
Phthalic Anhydride,EMEA,Africa,Eastern Africa,Eastern Africa,Tanzania
Phthalic Anhydride,EMEA,Africa,Eastern Africa,Eastern Africa,Uganda
Phthalic Anhydride,EMEA,Africa,Northern Africa,Northern Africa,Algeria
Phthalic Anhydride,EMEA,Africa,Northern Africa,Northern Africa,Egypt
Phthalic Anhydride,EMEA,Africa,Northern Africa,Northern Africa,Libya
Phthalic Anhydride,EMEA,Africa,Northern Africa,Northern Africa,Morocco
Phthalic Anhydride,EMEA,Africa,Northern Africa,Northern Africa,Tunisia
Phthalic Anhydride,EMEA,Africa,Other Africa (Region),Other Africa (Region),Other Africa (Country)
Phthalic Anhydride,EMEA,Africa,Southern Africa,Southern Africa,Mozambique
Phthalic Anhydride,EMEA,Africa,Southern Africa,Southern Africa,South Africa
Phthalic Anhydride,EMEA,Africa,Western Africa,Western Africa,Ghana
Phthalic Anhydride,EMEA,Africa,Western Africa,Western Africa,Nigeria
Phthalic Anhydride,EMEA,Eurasia,,Eurasia,Azerbaijan
Phthalic Anhydride,EMEA,Eurasia,,Eurasia,Belarus
Phthalic Anhydride,EMEA,Eurasia,,Eurasia,Kazakhstan
Phthalic Anhydride,EMEA,Eurasia,,Eurasia,Other Russia and CIS
Phthalic Anhydride,EMEA,Eurasia,,Eurasia,Russia
Phthalic Anhydride,EMEA,Eurasia,,Eurasia,Turkmenistan
Phthalic Anhydride,EMEA,Eurasia,,Eurasia,Ukraine
Phthalic Anhydride,EMEA,Eurasia,,Eurasia,Uzbekistan
Phthalic Anhydride,EMEA,Europe,Eastern Europe,Eastern Europe,Bulgaria
Phthalic Anhydride,EMEA,Europe,Eastern Europe,Eastern Europe,Czechia
Phthalic Anhydride,EMEA,Europe,Eastern Europe,Eastern Europe,Hungary
Phthalic Anhydride,EMEA,Europe,Eastern Europe,Eastern Europe,Poland
Phthalic Anhydride,EMEA,Europe,Eastern Europe,Eastern Europe,Romania
Phthalic Anhydride,EMEA,Europe,Eastern Europe,Eastern Europe,Slovakia
Phthalic Anhydride,EMEA,Europe,Northern Europe,Northern Europe,Denmark
Phthalic Anhydride,EMEA,Europe,Northern Europe,Northern Europe,Estonia
Phthalic Anhydride,EMEA,Europe,Northern Europe,Northern Europe,Finland
Phthalic Anhydride,EMEA,Europe,Northern Europe,Northern Europe,Latvia
Phthalic Anhydride,EMEA,Europe,Northern Europe,Northern Europe,Lithuania
Phthalic Anhydride,EMEA,Europe,Northern Europe,Northern Europe,Norway
Phthalic Anhydride,EMEA,Europe,Northern Europe,Northern Europe,Sweden
Phthalic Anhydride,EMEA,Europe,Northern Europe,Northern Europe,United Kingdom
Phthalic Anhydride,EMEA,Europe,Other Central and Eastern Europe (Region),Other Central and Eastern Europe (Region),Other Central and Eastern Europe (Country)
Phthalic Anhydride,EMEA,Europe,Southern Europe,Southern Europe,Croatia
Phthalic Anhydride,EMEA,Europe,Southern Europe,Southern Europe,Greece
Phthalic Anhydride,EMEA,Europe,Southern Europe,Southern Europe,Italy
Phthalic Anhydride,EMEA,Europe,Southern Europe,Southern Europe,Portugal
Phthalic Anhydride,EMEA,Europe,Southern Europe,Southern Europe,Serbia
Phthalic Anhydride,EMEA,Europe,Southern Europe,Southern Europe,Slovenia
Phthalic Anhydride,EMEA,Europe,Southern Europe,Southern Europe,Spain
Phthalic Anhydride,EMEA,Europe,Southern Europe,Southern Europe,Turkey
Phthalic Anhydride,EMEA,Europe,Western Europe,Western Europe,Austria
Phthalic Anhydride,EMEA,Europe,Western Europe,Western Europe,Belgium
Phthalic Anhydride,EMEA,Europe,Western Europe,Western Europe,France
Phthalic Anhydride,EMEA,Europe,Western Europe,Western Europe,Germany
Phthalic Anhydride,EMEA,Europe,Western Europe,Western Europe,Netherlands
Phthalic Anhydride,EMEA,Europe,Western Europe,Western Europe,Other Western Europe
Phthalic Anhydride,EMEA,Europe,Western Europe,Western Europe,Switzerland
Phthalic Anhydride,EMEA,Middle East,,Middle East,Bahrain
Phthalic Anhydride,EMEA,Middle East,,Middle East,Iran
Phthalic Anhydride,EMEA,Middle East,,Middle East,Iraq
Phthalic Anhydride,EMEA,Middle East,,Middle East,Israel
Phthalic Anhydride,EMEA,Middle East,,Middle East,Kuwait
Phthalic Anhydride,EMEA,Middle East,,Middle East,Oman
Phthalic Anhydride,EMEA,Middle East,,Middle East,Other Middle East
Phthalic Anhydride,EMEA,Middle East,,Middle East,Qatar
Phthalic Anhydride,EMEA,Middle East,,Middle East,Saudi Arabia
Phthalic Anhydride,EMEA,Middle East,,Middle East,United Arab Emirates
"Polyamide, Bulk Continuous Filament",AMER,Latin America and the Caribbean,Caribbean,Caribbean,Trinidad and Tobago
"Polyamide, Bulk Continuous Filament",AMER,Latin America and the Caribbean,Central America,Central America,Mexico
"Polyamide, Bulk Continuous Filament",AMER,Latin America and the Caribbean,Other Central and South America (Region),Other Central and South America (Region),Other Central and South America (Country)
"Polyamide, Bulk Continuous Filament",AMER,Latin America and the Caribbean,South America,South America,Argentina
"Polyamide, Bulk Continuous Filament",AMER,Latin America and the Caribbean,South America,South America,Bolivia
"Polyamide, Bulk Continuous Filament",AMER,Latin America and the Caribbean,South America,South America,Brazil
"Polyamide, Bulk Continuous Filament",AMER,Latin America and the Caribbean,South America,South America,Chile
"Polyamide, Bulk Continuous Filament",AMER,Latin America and the Caribbean,South America,South America,Colombia
"Polyamide, Bulk Continuous Filament",AMER,Latin America and the Caribbean,South America,South America,Ecuador
"Polyamide, Bulk Continuous Filament",AMER,Latin America and the Caribbean,South America,South America,Paraguay
"Polyamide, Bulk Continuous Filament",AMER,Latin America and the Caribbean,South America,South America,Peru
"Polyamide, Bulk Continuous Filament",AMER,Latin America and the Caribbean,South America,South America,Uruguay
"Polyamide, Bulk Continuous Filament",AMER,Latin America and the Caribbean,South America,South America,Venezuela
"Polyamide, Bulk Continuous Filament",AMER,North America,,North America,Canada
"Polyamide, Bulk Continuous Filament",AMER,North America,,North America,Other North America
"Polyamide, Bulk Continuous Filament",AMER,North America,,North America,United States
"Polyamide, Bulk Continuous Filament",APAC,Asia,Eastern Asia,Eastern Asia,China
"Polyamide, Bulk Continuous Filament",APAC,Asia,Eastern Asia,Eastern Asia,Hong Kong
"Polyamide, Bulk Continuous Filament",APAC,Asia,Eastern Asia,Eastern Asia,Japan
"Polyamide, Bulk Continuous Filament",APAC,Asia,Eastern Asia,Eastern Asia,Macao
"Polyamide, Bulk Continuous Filament",APAC,Asia,Eastern Asia,Eastern Asia,Other Northeast Asia ex China
"Polyamide, Bulk Continuous Filament",APAC,Asia,Eastern Asia,Eastern Asia,South Korea
"Polyamide, Bulk Continuous Filament",APAC,Asia,Eastern Asia,Eastern Asia,Taiwan
"Polyamide, Bulk Continuous Filament",APAC,Asia,South-eastern Asia,South-eastern Asia,Brunei Darussalam
"Polyamide, Bulk Continuous Filament",APAC,Asia,South-eastern Asia,South-eastern Asia,Indonesia
"Polyamide, Bulk Continuous Filament",APAC,Asia,South-eastern Asia,South-eastern Asia,Malaysia
"Polyamide, Bulk Continuous Filament",APAC,Asia,South-eastern Asia,South-eastern Asia,Myanmar
"Polyamide, Bulk Continuous Filament",APAC,Asia,South-eastern Asia,South-eastern Asia,Other Southeast Asia
"Polyamide, Bulk Continuous Filament",APAC,Asia,South-eastern Asia,South-eastern Asia,Philippines
"Polyamide, Bulk Continuous Filament",APAC,Asia,South-eastern Asia,South-eastern Asia,Singapore
"Polyamide, Bulk Continuous Filament",APAC,Asia,South-eastern Asia,South-eastern Asia,Thailand
"Polyamide, Bulk Continuous Filament",APAC,Asia,South-eastern Asia,South-eastern Asia,Vietnam
"Polyamide, Bulk Continuous Filament",APAC,Asia,Southern Asia,Southern Asia,Bangladesh
"Polyamide, Bulk Continuous Filament",APAC,Asia,Southern Asia,Southern Asia,India
"Polyamide, Bulk Continuous Filament",APAC,Asia,Southern Asia,Southern Asia,Other South Asia
"Polyamide, Bulk Continuous Filament",APAC,Asia,Southern Asia,Southern Asia,Pakistan
"Polyamide, Bulk Continuous Filament",APAC,Asia,Southern Asia,Southern Asia,Sri Lanka
"Polyamide, Bulk Continuous Filament",APAC,Oceania,Australia and New Zealand,Australia and New Zealand,Australia
"Polyamide, Bulk Continuous Filament",APAC,Oceania,Australia and New Zealand,Australia and New Zealand,New Zealand
"Polyamide, Bulk Continuous Filament",EMEA,Africa,Central Africa,Central Africa,Angola
"Polyamide, Bulk Continuous Filament",EMEA,Africa,Central Africa,Central Africa,Cameroon
"Polyamide, Bulk Continuous Filament",EMEA,Africa,Central Africa,Central Africa,Equatorial Guinea
"Polyamide, Bulk Continuous Filament",EMEA,Africa,Central Africa,Central Africa,Republic of the Congo
"Polyamide, Bulk Continuous Filament",EMEA,Africa,Eastern Africa,Eastern Africa,Ethiopia
"Polyamide, Bulk Continuous Filament",EMEA,Africa,Eastern Africa,Eastern Africa,Kenya
"Polyamide, Bulk Continuous Filament",EMEA,Africa,Eastern Africa,Eastern Africa,Tanzania
"Polyamide, Bulk Continuous Filament",EMEA,Africa,Eastern Africa,Eastern Africa,Uganda
"Polyamide, Bulk Continuous Filament",EMEA,Africa,Northern Africa,Northern Africa,Algeria
"Polyamide, Bulk Continuous Filament",EMEA,Africa,Northern Africa,Northern Africa,Egypt
"Polyamide, Bulk Continuous Filament",EMEA,Africa,Northern Africa,Northern Africa,Libya
"Polyamide, Bulk Continuous Filament",EMEA,Africa,Northern Africa,Northern Africa,Morocco
"Polyamide, Bulk Continuous Filament",EMEA,Africa,Northern Africa,Northern Africa,Tunisia
"Polyamide, Bulk Continuous Filament",EMEA,Africa,Other Africa (Region),Other Africa (Region),Other Africa (Country)
"Polyamide, Bulk Continuous Filament",EMEA,Africa,Southern Africa,Southern Africa,Mozambique
"Polyamide, Bulk Continuous Filament",EMEA,Africa,Southern Africa,Southern Africa,South Africa
"Polyamide, Bulk Continuous Filament",EMEA,Africa,Western Africa,Western Africa,Ghana
"Polyamide, Bulk Continuous Filament",EMEA,Africa,Western Africa,Western Africa,Nigeria
"Polyamide, Bulk Continuous Filament",EMEA,Eurasia,,Eurasia,Azerbaijan
"Polyamide, Bulk Continuous Filament",EMEA,Eurasia,,Eurasia,Belarus
"Polyamide, Bulk Continuous Filament",EMEA,Eurasia,,Eurasia,Kazakhstan
"Polyamide, Bulk Continuous Filament",EMEA,Eurasia,,Eurasia,Other Russia and CIS
"Polyamide, Bulk Continuous Filament",EMEA,Eurasia,,Eurasia,Russia
"Polyamide, Bulk Continuous Filament",EMEA,Eurasia,,Eurasia,Turkmenistan
"Polyamide, Bulk Continuous Filament",EMEA,Eurasia,,Eurasia,Ukraine
"Polyamide, Bulk Continuous Filament",EMEA,Eurasia,,Eurasia,Uzbekistan
"Polyamide, Bulk Continuous Filament",EMEA,Europe,Eastern Europe,Eastern Europe,Bulgaria
"Polyamide, Bulk Continuous Filament",EMEA,Europe,Eastern Europe,Eastern Europe,Czechia
"Polyamide, Bulk Continuous Filament",EMEA,Europe,Eastern Europe,Eastern Europe,Hungary
"Polyamide, Bulk Continuous Filament",EMEA,Europe,Eastern Europe,Eastern Europe,Poland
"Polyamide, Bulk Continuous Filament",EMEA,Europe,Eastern Europe,Eastern Europe,Romania
"Polyamide, Bulk Continuous Filament",EMEA,Europe,Eastern Europe,Eastern Europe,Slovakia
"Polyamide, Bulk Continuous Filament",EMEA,Europe,Northern Europe,Northern Europe,Denmark
"Polyamide, Bulk Continuous Filament",EMEA,Europe,Northern Europe,Northern Europe,Estonia
"Polyamide, Bulk Continuous Filament",EMEA,Europe,Northern Europe,Northern Europe,Finland
"Polyamide, Bulk Continuous Filament",EMEA,Europe,Northern Europe,Northern Europe,Latvia
"Polyamide, Bulk Continuous Filament",EMEA,Europe,Northern Europe,Northern Europe,Lithuania
"Polyamide, Bulk Continuous Filament",EMEA,Europe,Northern Europe,Northern Europe,Norway
"Polyamide, Bulk Continuous Filament",EMEA,Europe,Northern Europe,Northern Europe,Sweden
"Polyamide, Bulk Continuous Filament",EMEA,Europe,Northern Europe,Northern Europe,United Kingdom
"Polyamide, Bulk Continuous Filament",EMEA,Europe,Other Central and Eastern Europe (Region),Other Central and Eastern Europe (Region),Other Central and Eastern Europe (Country)
"Polyamide, Bulk Continuous Filament",EMEA,Europe,Southern Europe,Southern Europe,Croatia
"Polyamide, Bulk Continuous Filament",EMEA,Europe,Southern Europe,Southern Europe,Greece
"Polyamide, Bulk Continuous Filament",EMEA,Europe,Southern Europe,Southern Europe,Italy
"Polyamide, Bulk Continuous Filament",EMEA,Europe,Southern Europe,Southern Europe,Portugal
"Polyamide, Bulk Continuous Filament",EMEA,Europe,Southern Europe,Southern Europe,Serbia
"Polyamide, Bulk Continuous Filament",EMEA,Europe,Southern Europe,Southern Europe,Slovenia
"Polyamide, Bulk Continuous Filament",EMEA,Europe,Southern Europe,Southern Europe,Spain
"Polyamide, Bulk Continuous Filament",EMEA,Europe,Southern Europe,Southern Europe,Turkey
"Polyamide, Bulk Continuous Filament",EMEA,Europe,Western Europe,Western Europe,Austria
"Polyamide, Bulk Continuous Filament",EMEA,Europe,Western Europe,Western Europe,Belgium
"Polyamide, Bulk Continuous Filament",EMEA,Europe,Western Europe,Western Europe,France
"Polyamide, Bulk Continuous Filament",EMEA,Europe,Western Europe,Western Europe,Germany
"Polyamide, Bulk Continuous Filament",EMEA,Europe,Western Europe,Western Europe,Netherlands
"Polyamide, Bulk Continuous Filament",EMEA,Europe,Western Europe,Western Europe,Other Western Europe
"Polyamide, Bulk Continuous Filament",EMEA,Europe,Western Europe,Western Europe,Switzerland
"Polyamide, Bulk Continuous Filament",EMEA,Middle East,,Middle East,Bahrain
"Polyamide, Bulk Continuous Filament",EMEA,Middle East,,Middle East,Iran
"Polyamide, Bulk Continuous Filament",EMEA,Middle East,,Middle East,Iraq
"Polyamide, Bulk Continuous Filament",EMEA,Middle East,,Middle East,Israel
"Polyamide, Bulk Continuous Filament",EMEA,Middle East,,Middle East,Kuwait
"Polyamide, Bulk Continuous Filament",EMEA,Middle East,,Middle East,Oman
"Polyamide, Bulk Continuous Filament",EMEA,Middle East,,Middle East,Other Middle East
"Polyamide, Bulk Continuous Filament",EMEA,Middle East,,Middle East,Qatar
"Polyamide, Bulk Continuous Filament",EMEA,Middle East,,Middle East,Saudi Arabia
"Polyamide, Bulk Continuous Filament",EMEA,Middle East,,Middle East,United Arab Emirates
"Polyamide, Filament Yarn",AMER,Latin America and the Caribbean,Caribbean,Caribbean,Trinidad and Tobago
"Polyamide, Filament Yarn",AMER,Latin America and the Caribbean,Central America,Central America,Mexico
"Polyamide, Filament Yarn",AMER,Latin America and the Caribbean,Other Central and South America (Region),Other Central and South America (Region),Other Central and South America (Country)
"Polyamide, Filament Yarn",AMER,Latin America and the Caribbean,South America,South America,Argentina
"Polyamide, Filament Yarn",AMER,Latin America and the Caribbean,South America,South America,Bolivia
"Polyamide, Filament Yarn",AMER,Latin America and the Caribbean,South America,South America,Brazil
"Polyamide, Filament Yarn",AMER,Latin America and the Caribbean,South America,South America,Chile
"Polyamide, Filament Yarn",AMER,Latin America and the Caribbean,South America,South America,Colombia
"Polyamide, Filament Yarn",AMER,Latin America and the Caribbean,South America,South America,Ecuador
"Polyamide, Filament Yarn",AMER,Latin America and the Caribbean,South America,South America,Paraguay
"Polyamide, Filament Yarn",AMER,Latin America and the Caribbean,South America,South America,Peru
"Polyamide, Filament Yarn",AMER,Latin America and the Caribbean,South America,South America,Uruguay
"Polyamide, Filament Yarn",AMER,Latin America and the Caribbean,South America,South America,Venezuela
"Polyamide, Filament Yarn",AMER,North America,,North America,Canada
"Polyamide, Filament Yarn",AMER,North America,,North America,Other North America
"Polyamide, Filament Yarn",AMER,North America,,North America,United States
"Polyamide, Filament Yarn",APAC,Asia,Eastern Asia,Eastern Asia,China
"Polyamide, Filament Yarn",APAC,Asia,Eastern Asia,Eastern Asia,Hong Kong
"Polyamide, Filament Yarn",APAC,Asia,Eastern Asia,Eastern Asia,Japan
"Polyamide, Filament Yarn",APAC,Asia,Eastern Asia,Eastern Asia,Macao
"Polyamide, Filament Yarn",APAC,Asia,Eastern Asia,Eastern Asia,Other Northeast Asia ex China
"Polyamide, Filament Yarn",APAC,Asia,Eastern Asia,Eastern Asia,South Korea
"Polyamide, Filament Yarn",APAC,Asia,Eastern Asia,Eastern Asia,Taiwan
"Polyamide, Filament Yarn",APAC,Asia,South-eastern Asia,South-eastern Asia,Brunei Darussalam
"Polyamide, Filament Yarn",APAC,Asia,South-eastern Asia,South-eastern Asia,Indonesia
"Polyamide, Filament Yarn",APAC,Asia,South-eastern Asia,South-eastern Asia,Malaysia
"Polyamide, Filament Yarn",APAC,Asia,South-eastern Asia,South-eastern Asia,Myanmar
"Polyamide, Filament Yarn",APAC,Asia,South-eastern Asia,South-eastern Asia,Other Southeast Asia
"Polyamide, Filament Yarn",APAC,Asia,South-eastern Asia,South-eastern Asia,Philippines
"Polyamide, Filament Yarn",APAC,Asia,South-eastern Asia,South-eastern Asia,Singapore
"Polyamide, Filament Yarn",APAC,Asia,South-eastern Asia,South-eastern Asia,Thailand
"Polyamide, Filament Yarn",APAC,Asia,South-eastern Asia,South-eastern Asia,Vietnam
"Polyamide, Filament Yarn",APAC,Asia,Southern Asia,Southern Asia,Bangladesh
"Polyamide, Filament Yarn",APAC,Asia,Southern Asia,Southern Asia,India
"Polyamide, Filament Yarn",APAC,Asia,Southern Asia,Southern Asia,Other South Asia
"Polyamide, Filament Yarn",APAC,Asia,Southern Asia,Southern Asia,Pakistan
"Polyamide, Filament Yarn",APAC,Asia,Southern Asia,Southern Asia,Sri Lanka
"Polyamide, Filament Yarn",APAC,Oceania,Australia and New Zealand,Australia and New Zealand,Australia
"Polyamide, Filament Yarn",APAC,Oceania,Australia and New Zealand,Australia and New Zealand,New Zealand
"Polyamide, Filament Yarn",EMEA,Africa,Central Africa,Central Africa,Angola
"Polyamide, Filament Yarn",EMEA,Africa,Central Africa,Central Africa,Cameroon
"Polyamide, Filament Yarn",EMEA,Africa,Central Africa,Central Africa,Equatorial Guinea
"Polyamide, Filament Yarn",EMEA,Africa,Central Africa,Central Africa,Republic of the Congo
"Polyamide, Filament Yarn",EMEA,Africa,Eastern Africa,Eastern Africa,Ethiopia
"Polyamide, Filament Yarn",EMEA,Africa,Eastern Africa,Eastern Africa,Kenya
"Polyamide, Filament Yarn",EMEA,Africa,Eastern Africa,Eastern Africa,Tanzania
"Polyamide, Filament Yarn",EMEA,Africa,Eastern Africa,Eastern Africa,Uganda
"Polyamide, Filament Yarn",EMEA,Africa,Northern Africa,Northern Africa,Algeria
"Polyamide, Filament Yarn",EMEA,Africa,Northern Africa,Northern Africa,Egypt
"Polyamide, Filament Yarn",EMEA,Africa,Northern Africa,Northern Africa,Libya
"Polyamide, Filament Yarn",EMEA,Africa,Northern Africa,Northern Africa,Morocco
"Polyamide, Filament Yarn",EMEA,Africa,Northern Africa,Northern Africa,Tunisia
"Polyamide, Filament Yarn",EMEA,Africa,Other Africa (Region),Other Africa (Region),Other Africa (Country)
"Polyamide, Filament Yarn",EMEA,Africa,Southern Africa,Southern Africa,Mozambique
"Polyamide, Filament Yarn",EMEA,Africa,Southern Africa,Southern Africa,South Africa
"Polyamide, Filament Yarn",EMEA,Africa,Western Africa,Western Africa,Ghana
"Polyamide, Filament Yarn",EMEA,Africa,Western Africa,Western Africa,Nigeria
"Polyamide, Filament Yarn",EMEA,Eurasia,,Eurasia,Azerbaijan
"Polyamide, Filament Yarn",EMEA,Eurasia,,Eurasia,Belarus
"Polyamide, Filament Yarn",EMEA,Eurasia,,Eurasia,Kazakhstan
"Polyamide, Filament Yarn",EMEA,Eurasia,,Eurasia,Other Russia and CIS
"Polyamide, Filament Yarn",EMEA,Eurasia,,Eurasia,Russia
"Polyamide, Filament Yarn",EMEA,Eurasia,,Eurasia,Turkmenistan
"Polyamide, Filament Yarn",EMEA,Eurasia,,Eurasia,Ukraine
"Polyamide, Filament Yarn",EMEA,Eurasia,,Eurasia,Uzbekistan
"Polyamide, Filament Yarn",EMEA,Europe,Eastern Europe,Eastern Europe,Bulgaria
"Polyamide, Filament Yarn",EMEA,Europe,Eastern Europe,Eastern Europe,Czechia
"Polyamide, Filament Yarn",EMEA,Europe,Eastern Europe,Eastern Europe,Hungary
"Polyamide, Filament Yarn",EMEA,Europe,Eastern Europe,Eastern Europe,Poland
"Polyamide, Filament Yarn",EMEA,Europe,Eastern Europe,Eastern Europe,Romania
"Polyamide, Filament Yarn",EMEA,Europe,Eastern Europe,Eastern Europe,Slovakia
"Polyamide, Filament Yarn",EMEA,Europe,Northern Europe,Northern Europe,Denmark
"Polyamide, Filament Yarn",EMEA,Europe,Northern Europe,Northern Europe,Estonia
"Polyamide, Filament Yarn",EMEA,Europe,Northern Europe,Northern Europe,Finland
"Polyamide, Filament Yarn",EMEA,Europe,Northern Europe,Northern Europe,Latvia
"Polyamide, Filament Yarn",EMEA,Europe,Northern Europe,Northern Europe,Lithuania
"Polyamide, Filament Yarn",EMEA,Europe,Northern Europe,Northern Europe,Norway
"Polyamide, Filament Yarn",EMEA,Europe,Northern Europe,Northern Europe,Sweden
"Polyamide, Filament Yarn",EMEA,Europe,Northern Europe,Northern Europe,United Kingdom
"Polyamide, Filament Yarn",EMEA,Europe,Other Central and Eastern Europe (Region),Other Central and Eastern Europe (Region),Other Central and Eastern Europe (Country)
"Polyamide, Filament Yarn",EMEA,Europe,Southern Europe,Southern Europe,Croatia
"Polyamide, Filament Yarn",EMEA,Europe,Southern Europe,Southern Europe,Greece
"Polyamide, Filament Yarn",EMEA,Europe,Southern Europe,Southern Europe,Italy
"Polyamide, Filament Yarn",EMEA,Europe,Southern Europe,Southern Europe,Portugal
"Polyamide, Filament Yarn",EMEA,Europe,Southern Europe,Southern Europe,Serbia
"Polyamide, Filament Yarn",EMEA,Europe,Southern Europe,Southern Europe,Slovenia
"Polyamide, Filament Yarn",EMEA,Europe,Southern Europe,Southern Europe,Spain
"Polyamide, Filament Yarn",EMEA,Europe,Southern Europe,Southern Europe,Turkey
"Polyamide, Filament Yarn",EMEA,Europe,Western Europe,Western Europe,Austria
"Polyamide, Filament Yarn",EMEA,Europe,Western Europe,Western Europe,Belgium
"Polyamide, Filament Yarn",EMEA,Europe,Western Europe,Western Europe,France
"Polyamide, Filament Yarn",EMEA,Europe,Western Europe,Western Europe,Germany
"Polyamide, Filament Yarn",EMEA,Europe,Western Europe,Western Europe,Netherlands
"Polyamide, Filament Yarn",EMEA,Europe,Western Europe,Western Europe,Other Western Europe
"Polyamide, Filament Yarn",EMEA,Europe,Western Europe,Western Europe,Switzerland
"Polyamide, Filament Yarn",EMEA,Middle East,,Middle East,Bahrain
"Polyamide, Filament Yarn",EMEA,Middle East,,Middle East,Iran
"Polyamide, Filament Yarn",EMEA,Middle East,,Middle East,Iraq
"Polyamide, Filament Yarn",EMEA,Middle East,,Middle East,Israel
"Polyamide, Filament Yarn",EMEA,Middle East,,Middle East,Kuwait
"Polyamide, Filament Yarn",EMEA,Middle East,,Middle East,Oman
"Polyamide, Filament Yarn",EMEA,Middle East,,Middle East,Other Middle East
"Polyamide, Filament Yarn",EMEA,Middle East,,Middle East,Qatar
"Polyamide, Filament Yarn",EMEA,Middle East,,Middle East,Saudi Arabia
"Polyamide, Filament Yarn",EMEA,Middle East,,Middle East,United Arab Emirates
"Polyamide, Industrial Yarn",AMER,Latin America and the Caribbean,Caribbean,Caribbean,Trinidad and Tobago
"Polyamide, Industrial Yarn",AMER,Latin America and the Caribbean,Central America,Central America,Mexico
"Polyamide, Industrial Yarn",AMER,Latin America and the Caribbean,Other Central and South America (Region),Other Central and South America (Region),Other Central and South America (Country)
"Polyamide, Industrial Yarn",AMER,Latin America and the Caribbean,South America,South America,Argentina
"Polyamide, Industrial Yarn",AMER,Latin America and the Caribbean,South America,South America,Bolivia
"Polyamide, Industrial Yarn",AMER,Latin America and the Caribbean,South America,South America,Brazil
"Polyamide, Industrial Yarn",AMER,Latin America and the Caribbean,South America,South America,Chile
"Polyamide, Industrial Yarn",AMER,Latin America and the Caribbean,South America,South America,Colombia
"Polyamide, Industrial Yarn",AMER,Latin America and the Caribbean,South America,South America,Ecuador
"Polyamide, Industrial Yarn",AMER,Latin America and the Caribbean,South America,South America,Paraguay
"Polyamide, Industrial Yarn",AMER,Latin America and the Caribbean,South America,South America,Peru
"Polyamide, Industrial Yarn",AMER,Latin America and the Caribbean,South America,South America,Uruguay
"Polyamide, Industrial Yarn",AMER,Latin America and the Caribbean,South America,South America,Venezuela
"Polyamide, Industrial Yarn",AMER,North America,,North America,Canada
"Polyamide, Industrial Yarn",AMER,North America,,North America,Other North America
"Polyamide, Industrial Yarn",AMER,North America,,North America,United States
"Polyamide, Industrial Yarn",APAC,Asia,Eastern Asia,Eastern Asia,China
"Polyamide, Industrial Yarn",APAC,Asia,Eastern Asia,Eastern Asia,Hong Kong
"Polyamide, Industrial Yarn",APAC,Asia,Eastern Asia,Eastern Asia,Japan
"Polyamide, Industrial Yarn",APAC,Asia,Eastern Asia,Eastern Asia,Macao
"Polyamide, Industrial Yarn",APAC,Asia,Eastern Asia,Eastern Asia,Other Northeast Asia ex China
"Polyamide, Industrial Yarn",APAC,Asia,Eastern Asia,Eastern Asia,South Korea
"Polyamide, Industrial Yarn",APAC,Asia,Eastern Asia,Eastern Asia,Taiwan
"Polyamide, Industrial Yarn",APAC,Asia,South-eastern Asia,South-eastern Asia,Brunei Darussalam
"Polyamide, Industrial Yarn",APAC,Asia,South-eastern Asia,South-eastern Asia,Indonesia
"Polyamide, Industrial Yarn",APAC,Asia,South-eastern Asia,South-eastern Asia,Malaysia
"Polyamide, Industrial Yarn",APAC,Asia,South-eastern Asia,South-eastern Asia,Myanmar
"Polyamide, Industrial Yarn",APAC,Asia,South-eastern Asia,South-eastern Asia,Other Southeast Asia
"Polyamide, Industrial Yarn",APAC,Asia,South-eastern Asia,South-eastern Asia,Philippines
"Polyamide, Industrial Yarn",APAC,Asia,South-eastern Asia,South-eastern Asia,Singapore
"Polyamide, Industrial Yarn",APAC,Asia,South-eastern Asia,South-eastern Asia,Thailand
"Polyamide, Industrial Yarn",APAC,Asia,South-eastern Asia,South-eastern Asia,Vietnam
"Polyamide, Industrial Yarn",APAC,Asia,Southern Asia,Southern Asia,Bangladesh
"Polyamide, Industrial Yarn",APAC,Asia,Southern Asia,Southern Asia,India
"Polyamide, Industrial Yarn",APAC,Asia,Southern Asia,Southern Asia,Other South Asia
"Polyamide, Industrial Yarn",APAC,Asia,Southern Asia,Southern Asia,Pakistan
"Polyamide, Industrial Yarn",APAC,Asia,Southern Asia,Southern Asia,Sri Lanka
"Polyamide, Industrial Yarn",APAC,Oceania,Australia and New Zealand,Australia and New Zealand,Australia
"Polyamide, Industrial Yarn",APAC,Oceania,Australia and New Zealand,Australia and New Zealand,New Zealand
"Polyamide, Industrial Yarn",EMEA,Africa,Central Africa,Central Africa,Angola
"Polyamide, Industrial Yarn",EMEA,Africa,Central Africa,Central Africa,Cameroon
"Polyamide, Industrial Yarn",EMEA,Africa,Central Africa,Central Africa,Equatorial Guinea
"Polyamide, Industrial Yarn",EMEA,Africa,Central Africa,Central Africa,Republic of the Congo
"Polyamide, Industrial Yarn",EMEA,Africa,Eastern Africa,Eastern Africa,Ethiopia
"Polyamide, Industrial Yarn",EMEA,Africa,Eastern Africa,Eastern Africa,Kenya
"Polyamide, Industrial Yarn",EMEA,Africa,Eastern Africa,Eastern Africa,Tanzania
"Polyamide, Industrial Yarn",EMEA,Africa,Eastern Africa,Eastern Africa,Uganda
"Polyamide, Industrial Yarn",EMEA,Africa,Northern Africa,Northern Africa,Algeria
"Polyamide, Industrial Yarn",EMEA,Africa,Northern Africa,Northern Africa,Egypt
"Polyamide, Industrial Yarn",EMEA,Africa,Northern Africa,Northern Africa,Libya
"Polyamide, Industrial Yarn",EMEA,Africa,Northern Africa,Northern Africa,Morocco
"Polyamide, Industrial Yarn",EMEA,Africa,Northern Africa,Northern Africa,Tunisia
"Polyamide, Industrial Yarn",EMEA,Africa,Other Africa (Region),Other Africa (Region),Other Africa (Country)
"Polyamide, Industrial Yarn",EMEA,Africa,Southern Africa,Southern Africa,Mozambique
"Polyamide, Industrial Yarn",EMEA,Africa,Southern Africa,Southern Africa,South Africa
"Polyamide, Industrial Yarn",EMEA,Africa,Western Africa,Western Africa,Ghana
"Polyamide, Industrial Yarn",EMEA,Africa,Western Africa,Western Africa,Nigeria
"Polyamide, Industrial Yarn",EMEA,Eurasia,,Eurasia,Azerbaijan
"Polyamide, Industrial Yarn",EMEA,Eurasia,,Eurasia,Belarus
"Polyamide, Industrial Yarn",EMEA,Eurasia,,Eurasia,Kazakhstan
"Polyamide, Industrial Yarn",EMEA,Eurasia,,Eurasia,Other Russia and CIS
"Polyamide, Industrial Yarn",EMEA,Eurasia,,Eurasia,Russia
"Polyamide, Industrial Yarn",EMEA,Eurasia,,Eurasia,Turkmenistan
"Polyamide, Industrial Yarn",EMEA,Eurasia,,Eurasia,Ukraine
"Polyamide, Industrial Yarn",EMEA,Eurasia,,Eurasia,Uzbekistan
"Polyamide, Industrial Yarn",EMEA,Europe,Eastern Europe,Eastern Europe,Bulgaria
"Polyamide, Industrial Yarn",EMEA,Europe,Eastern Europe,Eastern Europe,Czechia
"Polyamide, Industrial Yarn",EMEA,Europe,Eastern Europe,Eastern Europe,Hungary
"Polyamide, Industrial Yarn",EMEA,Europe,Eastern Europe,Eastern Europe,Poland
"Polyamide, Industrial Yarn",EMEA,Europe,Eastern Europe,Eastern Europe,Romania
"Polyamide, Industrial Yarn",EMEA,Europe,Eastern Europe,Eastern Europe,Slovakia
"Polyamide, Industrial Yarn",EMEA,Europe,Northern Europe,Northern Europe,Denmark
"Polyamide, Industrial Yarn",EMEA,Europe,Northern Europe,Northern Europe,Estonia
"Polyamide, Industrial Yarn",EMEA,Europe,Northern Europe,Northern Europe,Finland
"Polyamide, Industrial Yarn",EMEA,Europe,Northern Europe,Northern Europe,Latvia
"Polyamide, Industrial Yarn",EMEA,Europe,Northern Europe,Northern Europe,Lithuania
"Polyamide, Industrial Yarn",EMEA,Europe,Northern Europe,Northern Europe,Norway
"Polyamide, Industrial Yarn",EMEA,Europe,Northern Europe,Northern Europe,Sweden
"Polyamide, Industrial Yarn",EMEA,Europe,Northern Europe,Northern Europe,United Kingdom
"Polyamide, Industrial Yarn",EMEA,Europe,Other Central and Eastern Europe (Region),Other Central and Eastern Europe (Region),Other Central and Eastern Europe (Country)
"Polyamide, Industrial Yarn",EMEA,Europe,Southern Europe,Southern Europe,Croatia
"Polyamide, Industrial Yarn",EMEA,Europe,Southern Europe,Southern Europe,Greece
"Polyamide, Industrial Yarn",EMEA,Europe,Southern Europe,Southern Europe,Italy
"Polyamide, Industrial Yarn",EMEA,Europe,Southern Europe,Southern Europe,Portugal
"Polyamide, Industrial Yarn",EMEA,Europe,Southern Europe,Southern Europe,Serbia
"Polyamide, Industrial Yarn",EMEA,Europe,Southern Europe,Southern Europe,Slovenia
"Polyamide, Industrial Yarn",EMEA,Europe,Southern Europe,Southern Europe,Spain
"Polyamide, Industrial Yarn",EMEA,Europe,Southern Europe,Southern Europe,Turkey
"Polyamide, Industrial Yarn",EMEA,Europe,Western Europe,Western Europe,Austria
"Polyamide, Industrial Yarn",EMEA,Europe,Western Europe,Western Europe,Belgium
"Polyamide, Industrial Yarn",EMEA,Europe,Western Europe,Western Europe,France
"Polyamide, Industrial Yarn",EMEA,Europe,Western Europe,Western Europe,Germany
"Polyamide, Industrial Yarn",EMEA,Europe,Western Europe,Western Europe,Netherlands
"Polyamide, Industrial Yarn",EMEA,Europe,Western Europe,Western Europe,Other Western Europe
"Polyamide, Industrial Yarn",EMEA,Europe,Western Europe,Western Europe,Switzerland
"Polyamide, Industrial Yarn",EMEA,Middle East,,Middle East,Bahrain
"Polyamide, Industrial Yarn",EMEA,Middle East,,Middle East,Iran
"Polyamide, Industrial Yarn",EMEA,Middle East,,Middle East,Iraq
"Polyamide, Industrial Yarn",EMEA,Middle East,,Middle East,Israel
"Polyamide, Industrial Yarn",EMEA,Middle East,,Middle East,Kuwait
"Polyamide, Industrial Yarn",EMEA,Middle East,,Middle East,Oman
"Polyamide, Industrial Yarn",EMEA,Middle East,,Middle East,Other Middle East
"Polyamide, Industrial Yarn",EMEA,Middle East,,Middle East,Qatar
"Polyamide, Industrial Yarn",EMEA,Middle East,,Middle East,Saudi Arabia
"Polyamide, Industrial Yarn",EMEA,Middle East,,Middle East,United Arab Emirates
"Polyamide, Staple Fiber",AMER,Latin America and the Caribbean,Caribbean,Caribbean,Trinidad and Tobago
"Polyamide, Staple Fiber",AMER,Latin America and the Caribbean,Central America,Central America,Mexico
"Polyamide, Staple Fiber",AMER,Latin America and the Caribbean,Other Central and South America (Region),Other Central and South America (Region),Other Central and South America (Country)
"Polyamide, Staple Fiber",AMER,Latin America and the Caribbean,South America,South America,Argentina
"Polyamide, Staple Fiber",AMER,Latin America and the Caribbean,South America,South America,Bolivia
"Polyamide, Staple Fiber",AMER,Latin America and the Caribbean,South America,South America,Brazil
"Polyamide, Staple Fiber",AMER,Latin America and the Caribbean,South America,South America,Chile
"Polyamide, Staple Fiber",AMER,Latin America and the Caribbean,South America,South America,Colombia
"Polyamide, Staple Fiber",AMER,Latin America and the Caribbean,South America,South America,Ecuador
"Polyamide, Staple Fiber",AMER,Latin America and the Caribbean,South America,South America,Paraguay
"Polyamide, Staple Fiber",AMER,Latin America and the Caribbean,South America,South America,Peru
"Polyamide, Staple Fiber",AMER,Latin America and the Caribbean,South America,South America,Uruguay
"Polyamide, Staple Fiber",AMER,Latin America and the Caribbean,South America,South America,Venezuela
"Polyamide, Staple Fiber",AMER,North America,,North America,Canada
"Polyamide, Staple Fiber",AMER,North America,,North America,Other North America
"Polyamide, Staple Fiber",AMER,North America,,North America,United States
"Polyamide, Staple Fiber",APAC,Asia,Eastern Asia,Eastern Asia,China
"Polyamide, Staple Fiber",APAC,Asia,Eastern Asia,Eastern Asia,Hong Kong
"Polyamide, Staple Fiber",APAC,Asia,Eastern Asia,Eastern Asia,Japan
"Polyamide, Staple Fiber",APAC,Asia,Eastern Asia,Eastern Asia,Macao
"Polyamide, Staple Fiber",APAC,Asia,Eastern Asia,Eastern Asia,Other Northeast Asia ex China
"Polyamide, Staple Fiber",APAC,Asia,Eastern Asia,Eastern Asia,South Korea
"Polyamide, Staple Fiber",APAC,Asia,Eastern Asia,Eastern Asia,Taiwan
"Polyamide, Staple Fiber",APAC,Asia,South-eastern Asia,South-eastern Asia,Brunei Darussalam
"Polyamide, Staple Fiber",APAC,Asia,South-eastern Asia,South-eastern Asia,Indonesia
"Polyamide, Staple Fiber",APAC,Asia,South-eastern Asia,South-eastern Asia,Malaysia
"Polyamide, Staple Fiber",APAC,Asia,South-eastern Asia,South-eastern Asia,Myanmar
"Polyamide, Staple Fiber",APAC,Asia,South-eastern Asia,South-eastern Asia,Other Southeast Asia
"Polyamide, Staple Fiber",APAC,Asia,South-eastern Asia,South-eastern Asia,Philippines
"Polyamide, Staple Fiber",APAC,Asia,South-eastern Asia,South-eastern Asia,Singapore
"Polyamide, Staple Fiber",APAC,Asia,South-eastern Asia,South-eastern Asia,Thailand
"Polyamide, Staple Fiber",APAC,Asia,South-eastern Asia,South-eastern Asia,Vietnam
"Polyamide, Staple Fiber",APAC,Asia,Southern Asia,Southern Asia,Bangladesh
"Polyamide, Staple Fiber",APAC,Asia,Southern Asia,Southern Asia,India
"Polyamide, Staple Fiber",APAC,Asia,Southern Asia,Southern Asia,Other South Asia
"Polyamide, Staple Fiber",APAC,Asia,Southern Asia,Southern Asia,Pakistan
"Polyamide, Staple Fiber",APAC,Asia,Southern Asia,Southern Asia,Sri Lanka
"Polyamide, Staple Fiber",APAC,Oceania,Australia and New Zealand,Australia and New Zealand,Australia
"Polyamide, Staple Fiber",APAC,Oceania,Australia and New Zealand,Australia and New Zealand,New Zealand
"Polyamide, Staple Fiber",EMEA,Africa,Central Africa,Central Africa,Angola
"Polyamide, Staple Fiber",EMEA,Africa,Central Africa,Central Africa,Cameroon
"Polyamide, Staple Fiber",EMEA,Africa,Central Africa,Central Africa,Equatorial Guinea
"Polyamide, Staple Fiber",EMEA,Africa,Central Africa,Central Africa,Republic of the Congo
"Polyamide, Staple Fiber",EMEA,Africa,Eastern Africa,Eastern Africa,Ethiopia
"Polyamide, Staple Fiber",EMEA,Africa,Eastern Africa,Eastern Africa,Kenya
"Polyamide, Staple Fiber",EMEA,Africa,Eastern Africa,Eastern Africa,Tanzania
"Polyamide, Staple Fiber",EMEA,Africa,Eastern Africa,Eastern Africa,Uganda
"Polyamide, Staple Fiber",EMEA,Africa,Northern Africa,Northern Africa,Algeria
"Polyamide, Staple Fiber",EMEA,Africa,Northern Africa,Northern Africa,Egypt
"Polyamide, Staple Fiber",EMEA,Africa,Northern Africa,Northern Africa,Libya
"Polyamide, Staple Fiber",EMEA,Africa,Northern Africa,Northern Africa,Morocco
"Polyamide, Staple Fiber",EMEA,Africa,Northern Africa,Northern Africa,Tunisia
"Polyamide, Staple Fiber",EMEA,Africa,Other Africa (Region),Other Africa (Region),Other Africa (Country)
"Polyamide, Staple Fiber",EMEA,Africa,Southern Africa,Southern Africa,Mozambique
"Polyamide, Staple Fiber",EMEA,Africa,Southern Africa,Southern Africa,South Africa
"Polyamide, Staple Fiber",EMEA,Africa,Western Africa,Western Africa,Ghana
"Polyamide, Staple Fiber",EMEA,Africa,Western Africa,Western Africa,Nigeria
"Polyamide, Staple Fiber",EMEA,Eurasia,,Eurasia,Azerbaijan
"Polyamide, Staple Fiber",EMEA,Eurasia,,Eurasia,Belarus
"Polyamide, Staple Fiber",EMEA,Eurasia,,Eurasia,Kazakhstan
"Polyamide, Staple Fiber",EMEA,Eurasia,,Eurasia,Other Russia and CIS
"Polyamide, Staple Fiber",EMEA,Eurasia,,Eurasia,Russia
"Polyamide, Staple Fiber",EMEA,Eurasia,,Eurasia,Turkmenistan
"Polyamide, Staple Fiber",EMEA,Eurasia,,Eurasia,Ukraine
"Polyamide, Staple Fiber",EMEA,Eurasia,,Eurasia,Uzbekistan
"Polyamide, Staple Fiber",EMEA,Europe,Eastern Europe,Eastern Europe,Bulgaria
"Polyamide, Staple Fiber",EMEA,Europe,Eastern Europe,Eastern Europe,Czechia
"Polyamide, Staple Fiber",EMEA,Europe,Eastern Europe,Eastern Europe,Hungary
"Polyamide, Staple Fiber",EMEA,Europe,Eastern Europe,Eastern Europe,Poland
"Polyamide, Staple Fiber",EMEA,Europe,Eastern Europe,Eastern Europe,Romania
"Polyamide, Staple Fiber",EMEA,Europe,Eastern Europe,Eastern Europe,Slovakia
"Polyamide, Staple Fiber",EMEA,Europe,Northern Europe,Northern Europe,Denmark
"Polyamide, Staple Fiber",EMEA,Europe,Northern Europe,Northern Europe,Estonia
"Polyamide, Staple Fiber",EMEA,Europe,Northern Europe,Northern Europe,Finland
"Polyamide, Staple Fiber",EMEA,Europe,Northern Europe,Northern Europe,Latvia
"Polyamide, Staple Fiber",EMEA,Europe,Northern Europe,Northern Europe,Lithuania
"Polyamide, Staple Fiber",EMEA,Europe,Northern Europe,Northern Europe,Norway
"Polyamide, Staple Fiber",EMEA,Europe,Northern Europe,Northern Europe,Sweden
"Polyamide, Staple Fiber",EMEA,Europe,Northern Europe,Northern Europe,United Kingdom
"Polyamide, Staple Fiber",EMEA,Europe,Other Central and Eastern Europe (Region),Other Central and Eastern Europe (Region),Other Central and Eastern Europe (Country)
"Polyamide, Staple Fiber",EMEA,Europe,Southern Europe,Southern Europe,Croatia
"Polyamide, Staple Fiber",EMEA,Europe,Southern Europe,Southern Europe,Greece
"Polyamide, Staple Fiber",EMEA,Europe,Southern Europe,Southern Europe,Italy
"Polyamide, Staple Fiber",EMEA,Europe,Southern Europe,Southern Europe,Portugal
"Polyamide, Staple Fiber",EMEA,Europe,Southern Europe,Southern Europe,Serbia
"Polyamide, Staple Fiber",EMEA,Europe,Southern Europe,Southern Europe,Slovenia
"Polyamide, Staple Fiber",EMEA,Europe,Southern Europe,Southern Europe,Spain
"Polyamide, Staple Fiber",EMEA,Europe,Southern Europe,Southern Europe,Turkey
"Polyamide, Staple Fiber",EMEA,Europe,Western Europe,Western Europe,Austria
"Polyamide, Staple Fiber",EMEA,Europe,Western Europe,Western Europe,Belgium
"Polyamide, Staple Fiber",EMEA,Europe,Western Europe,Western Europe,France
"Polyamide, Staple Fiber",EMEA,Europe,Western Europe,Western Europe,Germany
"Polyamide, Staple Fiber",EMEA,Europe,Western Europe,Western Europe,Netherlands
"Polyamide, Staple Fiber",EMEA,Europe,Western Europe,Western Europe,Other Western Europe
"Polyamide, Staple Fiber",EMEA,Europe,Western Europe,Western Europe,Switzerland
"Polyamide, Staple Fiber",EMEA,Middle East,,Middle East,Bahrain
"Polyamide, Staple Fiber",EMEA,Middle East,,Middle East,Iran
"Polyamide, Staple Fiber",EMEA,Middle East,,Middle East,Iraq
"Polyamide, Staple Fiber",EMEA,Middle East,,Middle East,Israel
"Polyamide, Staple Fiber",EMEA,Middle East,,Middle East,Kuwait
"Polyamide, Staple Fiber",EMEA,Middle East,,Middle East,Oman
"Polyamide, Staple Fiber",EMEA,Middle East,,Middle East,Other Middle East
"Polyamide, Staple Fiber",EMEA,Middle East,,Middle East,Qatar
"Polyamide, Staple Fiber",EMEA,Middle East,,Middle East,Saudi Arabia
"Polyamide, Staple Fiber",EMEA,Middle East,,Middle East,United Arab Emirates
Polybutadiene Rubber,AMER,Latin America and the Caribbean,Caribbean,Caribbean,Trinidad and Tobago
Polybutadiene Rubber,AMER,Latin America and the Caribbean,Central America,Central America,Mexico
Polybutadiene Rubber,AMER,Latin America and the Caribbean,Other Central and South America (Region),Other Central and South America (Region),Other Central and South America (Country)
Polybutadiene Rubber,AMER,Latin America and the Caribbean,South America,South America,Argentina
Polybutadiene Rubber,AMER,Latin America and the Caribbean,South America,South America,Bolivia
Polybutadiene Rubber,AMER,Latin America and the Caribbean,South America,South America,Brazil
Polybutadiene Rubber,AMER,Latin America and the Caribbean,South America,South America,Chile
Polybutadiene Rubber,AMER,Latin America and the Caribbean,South America,South America,Colombia
Polybutadiene Rubber,AMER,Latin America and the Caribbean,South America,South America,Ecuador
Polybutadiene Rubber,AMER,Latin America and the Caribbean,South America,South America,Paraguay
Polybutadiene Rubber,AMER,Latin America and the Caribbean,South America,South America,Peru
Polybutadiene Rubber,AMER,Latin America and the Caribbean,South America,South America,Uruguay
Polybutadiene Rubber,AMER,Latin America and the Caribbean,South America,South America,Venezuela
Polybutadiene Rubber,AMER,North America,,North America,Canada
Polybutadiene Rubber,AMER,North America,,North America,Other North America
Polybutadiene Rubber,AMER,North America,,North America,United States
Polybutadiene Rubber,APAC,Asia,Eastern Asia,Eastern Asia,China
Polybutadiene Rubber,APAC,Asia,Eastern Asia,Eastern Asia,Hong Kong
Polybutadiene Rubber,APAC,Asia,Eastern Asia,Eastern Asia,Japan
Polybutadiene Rubber,APAC,Asia,Eastern Asia,Eastern Asia,Macao
Polybutadiene Rubber,APAC,Asia,Eastern Asia,Eastern Asia,Other Northeast Asia ex China
Polybutadiene Rubber,APAC,Asia,Eastern Asia,Eastern Asia,South Korea
Polybutadiene Rubber,APAC,Asia,Eastern Asia,Eastern Asia,Taiwan
Polybutadiene Rubber,APAC,Asia,South-eastern Asia,South-eastern Asia,Brunei Darussalam
Polybutadiene Rubber,APAC,Asia,South-eastern Asia,South-eastern Asia,Indonesia
Polybutadiene Rubber,APAC,Asia,South-eastern Asia,South-eastern Asia,Malaysia
Polybutadiene Rubber,APAC,Asia,South-eastern Asia,South-eastern Asia,Myanmar
Polybutadiene Rubber,APAC,Asia,South-eastern Asia,South-eastern Asia,Other Southeast Asia
Polybutadiene Rubber,APAC,Asia,South-eastern Asia,South-eastern Asia,Philippines
Polybutadiene Rubber,APAC,Asia,South-eastern Asia,South-eastern Asia,Singapore
Polybutadiene Rubber,APAC,Asia,South-eastern Asia,South-eastern Asia,Thailand
Polybutadiene Rubber,APAC,Asia,South-eastern Asia,South-eastern Asia,Vietnam
Polybutadiene Rubber,APAC,Asia,Southern Asia,Southern Asia,Bangladesh
Polybutadiene Rubber,APAC,Asia,Southern Asia,Southern Asia,India
Polybutadiene Rubber,APAC,Asia,Southern Asia,Southern Asia,Other South Asia
Polybutadiene Rubber,APAC,Asia,Southern Asia,Southern Asia,Pakistan
Polybutadiene Rubber,APAC,Asia,Southern Asia,Southern Asia,Sri Lanka
Polybutadiene Rubber,APAC,Oceania,Australia and New Zealand,Australia and New Zealand,Australia
Polybutadiene Rubber,APAC,Oceania,Australia and New Zealand,Australia and New Zealand,New Zealand
Polybutadiene Rubber,EMEA,Africa,Central Africa,Central Africa,Angola
Polybutadiene Rubber,EMEA,Africa,Central Africa,Central Africa,Cameroon
Polybutadiene Rubber,EMEA,Africa,Central Africa,Central Africa,Equatorial Guinea
Polybutadiene Rubber,EMEA,Africa,Central Africa,Central Africa,Republic of the Congo
Polybutadiene Rubber,EMEA,Africa,Eastern Africa,Eastern Africa,Ethiopia
Polybutadiene Rubber,EMEA,Africa,Eastern Africa,Eastern Africa,Kenya
Polybutadiene Rubber,EMEA,Africa,Eastern Africa,Eastern Africa,Tanzania
Polybutadiene Rubber,EMEA,Africa,Eastern Africa,Eastern Africa,Uganda
Polybutadiene Rubber,EMEA,Africa,Northern Africa,Northern Africa,Algeria
Polybutadiene Rubber,EMEA,Africa,Northern Africa,Northern Africa,Egypt
Polybutadiene Rubber,EMEA,Africa,Northern Africa,Northern Africa,Libya
Polybutadiene Rubber,EMEA,Africa,Northern Africa,Northern Africa,Morocco
Polybutadiene Rubber,EMEA,Africa,Northern Africa,Northern Africa,Tunisia
Polybutadiene Rubber,EMEA,Africa,Other Africa (Region),Other Africa (Region),Other Africa (Country)
Polybutadiene Rubber,EMEA,Africa,Southern Africa,Southern Africa,Mozambique
Polybutadiene Rubber,EMEA,Africa,Southern Africa,Southern Africa,South Africa
Polybutadiene Rubber,EMEA,Africa,Western Africa,Western Africa,Ghana
Polybutadiene Rubber,EMEA,Africa,Western Africa,Western Africa,Nigeria
Polybutadiene Rubber,EMEA,Eurasia,,Eurasia,Azerbaijan
Polybutadiene Rubber,EMEA,Eurasia,,Eurasia,Belarus
Polybutadiene Rubber,EMEA,Eurasia,,Eurasia,Kazakhstan
Polybutadiene Rubber,EMEA,Eurasia,,Eurasia,Other Russia and CIS
Polybutadiene Rubber,EMEA,Eurasia,,Eurasia,Russia
Polybutadiene Rubber,EMEA,Eurasia,,Eurasia,Turkmenistan
Polybutadiene Rubber,EMEA,Eurasia,,Eurasia,Ukraine
Polybutadiene Rubber,EMEA,Eurasia,,Eurasia,Uzbekistan
Polybutadiene Rubber,EMEA,Europe,Eastern Europe,Eastern Europe,Bulgaria
Polybutadiene Rubber,EMEA,Europe,Eastern Europe,Eastern Europe,Czechia
Polybutadiene Rubber,EMEA,Europe,Eastern Europe,Eastern Europe,Hungary
Polybutadiene Rubber,EMEA,Europe,Eastern Europe,Eastern Europe,Poland
Polybutadiene Rubber,EMEA,Europe,Eastern Europe,Eastern Europe,Romania
Polybutadiene Rubber,EMEA,Europe,Eastern Europe,Eastern Europe,Slovakia
Polybutadiene Rubber,EMEA,Europe,Northern Europe,Northern Europe,Denmark
Polybutadiene Rubber,EMEA,Europe,Northern Europe,Northern Europe,Estonia
Polybutadiene Rubber,EMEA,Europe,Northern Europe,Northern Europe,Finland
Polybutadiene Rubber,EMEA,Europe,Northern Europe,Northern Europe,Latvia
Polybutadiene Rubber,EMEA,Europe,Northern Europe,Northern Europe,Lithuania
Polybutadiene Rubber,EMEA,Europe,Northern Europe,Northern Europe,Norway
Polybutadiene Rubber,EMEA,Europe,Northern Europe,Northern Europe,Sweden
Polybutadiene Rubber,EMEA,Europe,Northern Europe,Northern Europe,United Kingdom
Polybutadiene Rubber,EMEA,Europe,Other Central and Eastern Europe (Region),Other Central and Eastern Europe (Region),Other Central and Eastern Europe (Country)
Polybutadiene Rubber,EMEA,Europe,Southern Europe,Southern Europe,Croatia
Polybutadiene Rubber,EMEA,Europe,Southern Europe,Southern Europe,Greece
Polybutadiene Rubber,EMEA,Europe,Southern Europe,Southern Europe,Italy
Polybutadiene Rubber,EMEA,Europe,Southern Europe,Southern Europe,Portugal
Polybutadiene Rubber,EMEA,Europe,Southern Europe,Southern Europe,Serbia
Polybutadiene Rubber,EMEA,Europe,Southern Europe,Southern Europe,Slovenia
Polybutadiene Rubber,EMEA,Europe,Southern Europe,Southern Europe,Spain
Polybutadiene Rubber,EMEA,Europe,Southern Europe,Southern Europe,Turkey
Polybutadiene Rubber,EMEA,Europe,Western Europe,Western Europe,Austria
Polybutadiene Rubber,EMEA,Europe,Western Europe,Western Europe,Belgium
Polybutadiene Rubber,EMEA,Europe,Western Europe,Western Europe,France
Polybutadiene Rubber,EMEA,Europe,Western Europe,Western Europe,Germany
Polybutadiene Rubber,EMEA,Europe,Western Europe,Western Europe,Netherlands
Polybutadiene Rubber,EMEA,Europe,Western Europe,Western Europe,Other Western Europe
Polybutadiene Rubber,EMEA,Europe,Western Europe,Western Europe,Switzerland
Polybutadiene Rubber,EMEA,Middle East,,Middle East,Bahrain
Polybutadiene Rubber,EMEA,Middle East,,Middle East,Iran
Polybutadiene Rubber,EMEA,Middle East,,Middle East,Iraq
Polybutadiene Rubber,EMEA,Middle East,,Middle East,Israel
Polybutadiene Rubber,EMEA,Middle East,,Middle East,Kuwait
Polybutadiene Rubber,EMEA,Middle East,,Middle East,Oman
Polybutadiene Rubber,EMEA,Middle East,,Middle East,Other Middle East
Polybutadiene Rubber,EMEA,Middle East,,Middle East,Qatar
Polybutadiene Rubber,EMEA,Middle East,,Middle East,Saudi Arabia
Polybutadiene Rubber,EMEA,Middle East,,Middle East,United Arab Emirates
"Polyester, Bulk Continuous Filament",AMER,Latin America and the Caribbean,Caribbean,Caribbean,Trinidad and Tobago
"Polyester, Bulk Continuous Filament",AMER,Latin America and the Caribbean,Central America,Central America,Mexico
"Polyester, Bulk Continuous Filament",AMER,Latin America and the Caribbean,Other Central and South America (Region),Other Central and South America (Region),Other Central and South America (Country)
"Polyester, Bulk Continuous Filament",AMER,Latin America and the Caribbean,South America,South America,Argentina
"Polyester, Bulk Continuous Filament",AMER,Latin America and the Caribbean,South America,South America,Bolivia
"Polyester, Bulk Continuous Filament",AMER,Latin America and the Caribbean,South America,South America,Brazil
"Polyester, Bulk Continuous Filament",AMER,Latin America and the Caribbean,South America,South America,Chile
"Polyester, Bulk Continuous Filament",AMER,Latin America and the Caribbean,South America,South America,Colombia
"Polyester, Bulk Continuous Filament",AMER,Latin America and the Caribbean,South America,South America,Ecuador
"Polyester, Bulk Continuous Filament",AMER,Latin America and the Caribbean,South America,South America,Paraguay
"Polyester, Bulk Continuous Filament",AMER,Latin America and the Caribbean,South America,South America,Peru
"Polyester, Bulk Continuous Filament",AMER,Latin America and the Caribbean,South America,South America,Uruguay
"Polyester, Bulk Continuous Filament",AMER,Latin America and the Caribbean,South America,South America,Venezuela
"Polyester, Bulk Continuous Filament",AMER,North America,,North America,Canada
"Polyester, Bulk Continuous Filament",AMER,North America,,North America,Other North America
"Polyester, Bulk Continuous Filament",AMER,North America,,North America,United States
"Polyester, Bulk Continuous Filament",APAC,Asia,Eastern Asia,Eastern Asia,China
"Polyester, Bulk Continuous Filament",APAC,Asia,Eastern Asia,Eastern Asia,Hong Kong
"Polyester, Bulk Continuous Filament",APAC,Asia,Eastern Asia,Eastern Asia,Japan
"Polyester, Bulk Continuous Filament",APAC,Asia,Eastern Asia,Eastern Asia,Macao
"Polyester, Bulk Continuous Filament",APAC,Asia,Eastern Asia,Eastern Asia,Other Northeast Asia ex China
"Polyester, Bulk Continuous Filament",APAC,Asia,Eastern Asia,Eastern Asia,South Korea
"Polyester, Bulk Continuous Filament",APAC,Asia,Eastern Asia,Eastern Asia,Taiwan
"Polyester, Bulk Continuous Filament",APAC,Asia,South-eastern Asia,South-eastern Asia,Brunei Darussalam
"Polyester, Bulk Continuous Filament",APAC,Asia,South-eastern Asia,South-eastern Asia,Indonesia
"Polyester, Bulk Continuous Filament",APAC,Asia,South-eastern Asia,South-eastern Asia,Malaysia
"Polyester, Bulk Continuous Filament",APAC,Asia,South-eastern Asia,South-eastern Asia,Myanmar
"Polyester, Bulk Continuous Filament",APAC,Asia,South-eastern Asia,South-eastern Asia,Other Southeast Asia
"Polyester, Bulk Continuous Filament",APAC,Asia,South-eastern Asia,South-eastern Asia,Philippines
"Polyester, Bulk Continuous Filament",APAC,Asia,South-eastern Asia,South-eastern Asia,Singapore
"Polyester, Bulk Continuous Filament",APAC,Asia,South-eastern Asia,South-eastern Asia,Thailand
"Polyester, Bulk Continuous Filament",APAC,Asia,South-eastern Asia,South-eastern Asia,Vietnam
"Polyester, Bulk Continuous Filament",APAC,Asia,Southern Asia,Southern Asia,Bangladesh
"Polyester, Bulk Continuous Filament",APAC,Asia,Southern Asia,Southern Asia,India
"Polyester, Bulk Continuous Filament",APAC,Asia,Southern Asia,Southern Asia,Other South Asia
"Polyester, Bulk Continuous Filament",APAC,Asia,Southern Asia,Southern Asia,Pakistan
"Polyester, Bulk Continuous Filament",APAC,Asia,Southern Asia,Southern Asia,Sri Lanka
"Polyester, Bulk Continuous Filament",APAC,Oceania,Australia and New Zealand,Australia and New Zealand,Australia
"Polyester, Bulk Continuous Filament",APAC,Oceania,Australia and New Zealand,Australia and New Zealand,New Zealand
"Polyester, Bulk Continuous Filament",EMEA,Africa,Central Africa,Central Africa,Angola
"Polyester, Bulk Continuous Filament",EMEA,Africa,Central Africa,Central Africa,Cameroon
"Polyester, Bulk Continuous Filament",EMEA,Africa,Central Africa,Central Africa,Equatorial Guinea
"Polyester, Bulk Continuous Filament",EMEA,Africa,Central Africa,Central Africa,Republic of the Congo
"Polyester, Bulk Continuous Filament",EMEA,Africa,Eastern Africa,Eastern Africa,Ethiopia
"Polyester, Bulk Continuous Filament",EMEA,Africa,Eastern Africa,Eastern Africa,Kenya
"Polyester, Bulk Continuous Filament",EMEA,Africa,Eastern Africa,Eastern Africa,Tanzania
"Polyester, Bulk Continuous Filament",EMEA,Africa,Eastern Africa,Eastern Africa,Uganda
"Polyester, Bulk Continuous Filament",EMEA,Africa,Northern Africa,Northern Africa,Algeria
"Polyester, Bulk Continuous Filament",EMEA,Africa,Northern Africa,Northern Africa,Egypt
"Polyester, Bulk Continuous Filament",EMEA,Africa,Northern Africa,Northern Africa,Libya
"Polyester, Bulk Continuous Filament",EMEA,Africa,Northern Africa,Northern Africa,Morocco
"Polyester, Bulk Continuous Filament",EMEA,Africa,Northern Africa,Northern Africa,Tunisia
"Polyester, Bulk Continuous Filament",EMEA,Africa,Other Africa (Region),Other Africa (Region),Other Africa (Country)
"Polyester, Bulk Continuous Filament",EMEA,Africa,Southern Africa,Southern Africa,Mozambique
"Polyester, Bulk Continuous Filament",EMEA,Africa,Southern Africa,Southern Africa,South Africa
"Polyester, Bulk Continuous Filament",EMEA,Africa,Western Africa,Western Africa,Ghana
"Polyester, Bulk Continuous Filament",EMEA,Africa,Western Africa,Western Africa,Nigeria
"Polyester, Bulk Continuous Filament",EMEA,Eurasia,,Eurasia,Azerbaijan
"Polyester, Bulk Continuous Filament",EMEA,Eurasia,,Eurasia,Belarus
"Polyester, Bulk Continuous Filament",EMEA,Eurasia,,Eurasia,Kazakhstan
"Polyester, Bulk Continuous Filament",EMEA,Eurasia,,Eurasia,Other Russia and CIS
"Polyester, Bulk Continuous Filament",EMEA,Eurasia,,Eurasia,Russia
"Polyester, Bulk Continuous Filament",EMEA,Eurasia,,Eurasia,Turkmenistan
"Polyester, Bulk Continuous Filament",EMEA,Eurasia,,Eurasia,Ukraine
"Polyester, Bulk Continuous Filament",EMEA,Eurasia,,Eurasia,Uzbekistan
"Polyester, Bulk Continuous Filament",EMEA,Europe,Eastern Europe,Eastern Europe,Bulgaria
"Polyester, Bulk Continuous Filament",EMEA,Europe,Eastern Europe,Eastern Europe,Czechia
"Polyester, Bulk Continuous Filament",EMEA,Europe,Eastern Europe,Eastern Europe,Hungary
"Polyester, Bulk Continuous Filament",EMEA,Europe,Eastern Europe,Eastern Europe,Poland
"Polyester, Bulk Continuous Filament",EMEA,Europe,Eastern Europe,Eastern Europe,Romania
"Polyester, Bulk Continuous Filament",EMEA,Europe,Eastern Europe,Eastern Europe,Slovakia
"Polyester, Bulk Continuous Filament",EMEA,Europe,Northern Europe,Northern Europe,Denmark
"Polyester, Bulk Continuous Filament",EMEA,Europe,Northern Europe,Northern Europe,Estonia
"Polyester, Bulk Continuous Filament",EMEA,Europe,Northern Europe,Northern Europe,Finland
"Polyester, Bulk Continuous Filament",EMEA,Europe,Northern Europe,Northern Europe,Latvia
"Polyester, Bulk Continuous Filament",EMEA,Europe,Northern Europe,Northern Europe,Lithuania
"Polyester, Bulk Continuous Filament",EMEA,Europe,Northern Europe,Northern Europe,Norway
"Polyester, Bulk Continuous Filament",EMEA,Europe,Northern Europe,Northern Europe,Sweden
"Polyester, Bulk Continuous Filament",EMEA,Europe,Northern Europe,Northern Europe,United Kingdom
"Polyester, Bulk Continuous Filament",EMEA,Europe,Other Central and Eastern Europe (Region),Other Central and Eastern Europe (Region),Other Central and Eastern Europe (Country)
"Polyester, Bulk Continuous Filament",EMEA,Europe,Southern Europe,Southern Europe,Croatia
"Polyester, Bulk Continuous Filament",EMEA,Europe,Southern Europe,Southern Europe,Greece
"Polyester, Bulk Continuous Filament",EMEA,Europe,Southern Europe,Southern Europe,Italy
"Polyester, Bulk Continuous Filament",EMEA,Europe,Southern Europe,Southern Europe,Portugal
"Polyester, Bulk Continuous Filament",EMEA,Europe,Southern Europe,Southern Europe,Serbia
"Polyester, Bulk Continuous Filament",EMEA,Europe,Southern Europe,Southern Europe,Slovenia
"Polyester, Bulk Continuous Filament",EMEA,Europe,Southern Europe,Southern Europe,Spain
"Polyester, Bulk Continuous Filament",EMEA,Europe,Southern Europe,Southern Europe,Turkey
"Polyester, Bulk Continuous Filament",EMEA,Europe,Western Europe,Western Europe,Austria
"Polyester, Bulk Continuous Filament",EMEA,Europe,Western Europe,Western Europe,Belgium
"Polyester, Bulk Continuous Filament",EMEA,Europe,Western Europe,Western Europe,France
"Polyester, Bulk Continuous Filament",EMEA,Europe,Western Europe,Western Europe,Germany
"Polyester, Bulk Continuous Filament",EMEA,Europe,Western Europe,Western Europe,Netherlands
"Polyester, Bulk Continuous Filament",EMEA,Europe,Western Europe,Western Europe,Other Western Europe
"Polyester, Bulk Continuous Filament",EMEA,Europe,Western Europe,Western Europe,Switzerland
"Polyester, Bulk Continuous Filament",EMEA,Middle East,,Middle East,Bahrain
"Polyester, Bulk Continuous Filament",EMEA,Middle East,,Middle East,Iran
"Polyester, Bulk Continuous Filament",EMEA,Middle East,,Middle East,Iraq
"Polyester, Bulk Continuous Filament",EMEA,Middle East,,Middle East,Israel
"Polyester, Bulk Continuous Filament",EMEA,Middle East,,Middle East,Kuwait
"Polyester, Bulk Continuous Filament",EMEA,Middle East,,Middle East,Oman
"Polyester, Bulk Continuous Filament",EMEA,Middle East,,Middle East,Other Middle East
"Polyester, Bulk Continuous Filament",EMEA,Middle East,,Middle East,Qatar
"Polyester, Bulk Continuous Filament",EMEA,Middle East,,Middle East,Saudi Arabia
"Polyester, Bulk Continuous Filament",EMEA,Middle East,,Middle East,United Arab Emirates
"Polyester, Filament Yarn",AMER,Latin America and the Caribbean,Caribbean,Caribbean,Trinidad and Tobago
"Polyester, Filament Yarn",AMER,Latin America and the Caribbean,Central America,Central America,Mexico
"Polyester, Filament Yarn",AMER,Latin America and the Caribbean,Other Central and South America (Region),Other Central and South America (Region),Other Central and South America (Country)
"Polyester, Filament Yarn",AMER,Latin America and the Caribbean,South America,South America,Argentina
"Polyester, Filament Yarn",AMER,Latin America and the Caribbean,South America,South America,Bolivia
"Polyester, Filament Yarn",AMER,Latin America and the Caribbean,South America,South America,Brazil
"Polyester, Filament Yarn",AMER,Latin America and the Caribbean,South America,South America,Chile
"Polyester, Filament Yarn",AMER,Latin America and the Caribbean,South America,South America,Colombia
"Polyester, Filament Yarn",AMER,Latin America and the Caribbean,South America,South America,Ecuador
"Polyester, Filament Yarn",AMER,Latin America and the Caribbean,South America,South America,Paraguay
"Polyester, Filament Yarn",AMER,Latin America and the Caribbean,South America,South America,Peru
"Polyester, Filament Yarn",AMER,Latin America and the Caribbean,South America,South America,Uruguay
"Polyester, Filament Yarn",AMER,Latin America and the Caribbean,South America,South America,Venezuela
"Polyester, Filament Yarn",AMER,North America,,North America,Canada
"Polyester, Filament Yarn",AMER,North America,,North America,Other North America
"Polyester, Filament Yarn",AMER,North America,,North America,United States
"Polyester, Filament Yarn",APAC,Asia,Eastern Asia,Eastern Asia,China
"Polyester, Filament Yarn",APAC,Asia,Eastern Asia,Eastern Asia,Hong Kong
"Polyester, Filament Yarn",APAC,Asia,Eastern Asia,Eastern Asia,Japan
"Polyester, Filament Yarn",APAC,Asia,Eastern Asia,Eastern Asia,Macao
"Polyester, Filament Yarn",APAC,Asia,Eastern Asia,Eastern Asia,Other Northeast Asia ex China
"Polyester, Filament Yarn",APAC,Asia,Eastern Asia,Eastern Asia,South Korea
"Polyester, Filament Yarn",APAC,Asia,Eastern Asia,Eastern Asia,Taiwan
"Polyester, Filament Yarn",APAC,Asia,South-eastern Asia,South-eastern Asia,Brunei Darussalam
"Polyester, Filament Yarn",APAC,Asia,South-eastern Asia,South-eastern Asia,Indonesia
"Polyester, Filament Yarn",APAC,Asia,South-eastern Asia,South-eastern Asia,Malaysia
"Polyester, Filament Yarn",APAC,Asia,South-eastern Asia,South-eastern Asia,Myanmar
"Polyester, Filament Yarn",APAC,Asia,South-eastern Asia,South-eastern Asia,Other Southeast Asia
"Polyester, Filament Yarn",APAC,Asia,South-eastern Asia,South-eastern Asia,Philippines
"Polyester, Filament Yarn",APAC,Asia,South-eastern Asia,South-eastern Asia,Singapore
"Polyester, Filament Yarn",APAC,Asia,South-eastern Asia,South-eastern Asia,Thailand
"Polyester, Filament Yarn",APAC,Asia,South-eastern Asia,South-eastern Asia,Vietnam
"Polyester, Filament Yarn",APAC,Asia,Southern Asia,Southern Asia,Bangladesh
"Polyester, Filament Yarn",APAC,Asia,Southern Asia,Southern Asia,India
"Polyester, Filament Yarn",APAC,Asia,Southern Asia,Southern Asia,Other South Asia
"Polyester, Filament Yarn",APAC,Asia,Southern Asia,Southern Asia,Pakistan
"Polyester, Filament Yarn",APAC,Asia,Southern Asia,Southern Asia,Sri Lanka
"Polyester, Filament Yarn",APAC,Oceania,Australia and New Zealand,Australia and New Zealand,Australia
"Polyester, Filament Yarn",APAC,Oceania,Australia and New Zealand,Australia and New Zealand,New Zealand
"Polyester, Filament Yarn",EMEA,Africa,Central Africa,Central Africa,Angola
"Polyester, Filament Yarn",EMEA,Africa,Central Africa,Central Africa,Cameroon
"Polyester, Filament Yarn",EMEA,Africa,Central Africa,Central Africa,Equatorial Guinea
"Polyester, Filament Yarn",EMEA,Africa,Central Africa,Central Africa,Republic of the Congo
"Polyester, Filament Yarn",EMEA,Africa,Eastern Africa,Eastern Africa,Ethiopia
"Polyester, Filament Yarn",EMEA,Africa,Eastern Africa,Eastern Africa,Kenya
"Polyester, Filament Yarn",EMEA,Africa,Eastern Africa,Eastern Africa,Tanzania
"Polyester, Filament Yarn",EMEA,Africa,Eastern Africa,Eastern Africa,Uganda
"Polyester, Filament Yarn",EMEA,Africa,Northern Africa,Northern Africa,Algeria
"Polyester, Filament Yarn",EMEA,Africa,Northern Africa,Northern Africa,Egypt
"Polyester, Filament Yarn",EMEA,Africa,Northern Africa,Northern Africa,Libya
"Polyester, Filament Yarn",EMEA,Africa,Northern Africa,Northern Africa,Morocco
"Polyester, Filament Yarn",EMEA,Africa,Northern Africa,Northern Africa,Tunisia
"Polyester, Filament Yarn",EMEA,Africa,Other Africa (Region),Other Africa (Region),Other Africa (Country)
"Polyester, Filament Yarn",EMEA,Africa,Southern Africa,Southern Africa,Mozambique
"Polyester, Filament Yarn",EMEA,Africa,Southern Africa,Southern Africa,South Africa
"Polyester, Filament Yarn",EMEA,Africa,Western Africa,Western Africa,Ghana
"Polyester, Filament Yarn",EMEA,Africa,Western Africa,Western Africa,Nigeria
"Polyester, Filament Yarn",EMEA,Eurasia,,Eurasia,Azerbaijan
"Polyester, Filament Yarn",EMEA,Eurasia,,Eurasia,Belarus
"Polyester, Filament Yarn",EMEA,Eurasia,,Eurasia,Kazakhstan
"Polyester, Filament Yarn",EMEA,Eurasia,,Eurasia,Other Russia and CIS
"Polyester, Filament Yarn",EMEA,Eurasia,,Eurasia,Russia
"Polyester, Filament Yarn",EMEA,Eurasia,,Eurasia,Turkmenistan
"Polyester, Filament Yarn",EMEA,Eurasia,,Eurasia,Ukraine
"Polyester, Filament Yarn",EMEA,Eurasia,,Eurasia,Uzbekistan
"Polyester, Filament Yarn",EMEA,Europe,Eastern Europe,Eastern Europe,Bulgaria
"Polyester, Filament Yarn",EMEA,Europe,Eastern Europe,Eastern Europe,Czechia
"Polyester, Filament Yarn",EMEA,Europe,Eastern Europe,Eastern Europe,Hungary
"Polyester, Filament Yarn",EMEA,Europe,Eastern Europe,Eastern Europe,Poland
"Polyester, Filament Yarn",EMEA,Europe,Eastern Europe,Eastern Europe,Romania
"Polyester, Filament Yarn",EMEA,Europe,Eastern Europe,Eastern Europe,Slovakia
"Polyester, Filament Yarn",EMEA,Europe,Northern Europe,Northern Europe,Denmark
"Polyester, Filament Yarn",EMEA,Europe,Northern Europe,Northern Europe,Estonia
"Polyester, Filament Yarn",EMEA,Europe,Northern Europe,Northern Europe,Finland
"Polyester, Filament Yarn",EMEA,Europe,Northern Europe,Northern Europe,Latvia
"Polyester, Filament Yarn",EMEA,Europe,Northern Europe,Northern Europe,Lithuania
"Polyester, Filament Yarn",EMEA,Europe,Northern Europe,Northern Europe,Norway
"Polyester, Filament Yarn",EMEA,Europe,Northern Europe,Northern Europe,Sweden
"Polyester, Filament Yarn",EMEA,Europe,Northern Europe,Northern Europe,United Kingdom
"Polyester, Filament Yarn",EMEA,Europe,Other Central and Eastern Europe (Region),Other Central and Eastern Europe (Region),Other Central and Eastern Europe (Country)
"Polyester, Filament Yarn",EMEA,Europe,Southern Europe,Southern Europe,Croatia
"Polyester, Filament Yarn",EMEA,Europe,Southern Europe,Southern Europe,Greece
"Polyester, Filament Yarn",EMEA,Europe,Southern Europe,Southern Europe,Italy
"Polyester, Filament Yarn",EMEA,Europe,Southern Europe,Southern Europe,Portugal
"Polyester, Filament Yarn",EMEA,Europe,Southern Europe,Southern Europe,Serbia
"Polyester, Filament Yarn",EMEA,Europe,Southern Europe,Southern Europe,Slovenia
"Polyester, Filament Yarn",EMEA,Europe,Southern Europe,Southern Europe,Spain
"Polyester, Filament Yarn",EMEA,Europe,Southern Europe,Southern Europe,Turkey
"Polyester, Filament Yarn",EMEA,Europe,Western Europe,Western Europe,Austria
"Polyester, Filament Yarn",EMEA,Europe,Western Europe,Western Europe,Belgium
"Polyester, Filament Yarn",EMEA,Europe,Western Europe,Western Europe,France
"Polyester, Filament Yarn",EMEA,Europe,Western Europe,Western Europe,Germany
"Polyester, Filament Yarn",EMEA,Europe,Western Europe,Western Europe,Netherlands
"Polyester, Filament Yarn",EMEA,Europe,Western Europe,Western Europe,Other Western Europe
"Polyester, Filament Yarn",EMEA,Europe,Western Europe,Western Europe,Switzerland
"Polyester, Filament Yarn",EMEA,Middle East,,Middle East,Bahrain
"Polyester, Filament Yarn",EMEA,Middle East,,Middle East,Iran
"Polyester, Filament Yarn",EMEA,Middle East,,Middle East,Iraq
"Polyester, Filament Yarn",EMEA,Middle East,,Middle East,Israel
"Polyester, Filament Yarn",EMEA,Middle East,,Middle East,Kuwait
"Polyester, Filament Yarn",EMEA,Middle East,,Middle East,Oman
"Polyester, Filament Yarn",EMEA,Middle East,,Middle East,Other Middle East
"Polyester, Filament Yarn",EMEA,Middle East,,Middle East,Qatar
"Polyester, Filament Yarn",EMEA,Middle East,,Middle East,Saudi Arabia
"Polyester, Filament Yarn",EMEA,Middle East,,Middle East,United Arab Emirates
"Polyester, Industrial Yarn",AMER,Latin America and the Caribbean,Caribbean,Caribbean,Trinidad and Tobago
"Polyester, Industrial Yarn",AMER,Latin America and the Caribbean,Central America,Central America,Mexico
"Polyester, Industrial Yarn",AMER,Latin America and the Caribbean,Other Central and South America (Region),Other Central and South America (Region),Other Central and South America (Country)
"Polyester, Industrial Yarn",AMER,Latin America and the Caribbean,South America,South America,Argentina
"Polyester, Industrial Yarn",AMER,Latin America and the Caribbean,South America,South America,Bolivia
"Polyester, Industrial Yarn",AMER,Latin America and the Caribbean,South America,South America,Brazil
"Polyester, Industrial Yarn",AMER,Latin America and the Caribbean,South America,South America,Chile
"Polyester, Industrial Yarn",AMER,Latin America and the Caribbean,South America,South America,Colombia
"Polyester, Industrial Yarn",AMER,Latin America and the Caribbean,South America,South America,Ecuador
"Polyester, Industrial Yarn",AMER,Latin America and the Caribbean,South America,South America,Paraguay
"Polyester, Industrial Yarn",AMER,Latin America and the Caribbean,South America,South America,Peru
"Polyester, Industrial Yarn",AMER,Latin America and the Caribbean,South America,South America,Uruguay
"Polyester, Industrial Yarn",AMER,Latin America and the Caribbean,South America,South America,Venezuela
"Polyester, Industrial Yarn",AMER,North America,,North America,Canada
"Polyester, Industrial Yarn",AMER,North America,,North America,Other North America
"Polyester, Industrial Yarn",AMER,North America,,North America,United States
"Polyester, Industrial Yarn",APAC,Asia,Eastern Asia,Eastern Asia,China
"Polyester, Industrial Yarn",APAC,Asia,Eastern Asia,Eastern Asia,Hong Kong
"Polyester, Industrial Yarn",APAC,Asia,Eastern Asia,Eastern Asia,Japan
"Polyester, Industrial Yarn",APAC,Asia,Eastern Asia,Eastern Asia,Macao
"Polyester, Industrial Yarn",APAC,Asia,Eastern Asia,Eastern Asia,Other Northeast Asia ex China
"Polyester, Industrial Yarn",APAC,Asia,Eastern Asia,Eastern Asia,South Korea
"Polyester, Industrial Yarn",APAC,Asia,Eastern Asia,Eastern Asia,Taiwan
"Polyester, Industrial Yarn",APAC,Asia,South-eastern Asia,South-eastern Asia,Brunei Darussalam
"Polyester, Industrial Yarn",APAC,Asia,South-eastern Asia,South-eastern Asia,Indonesia
"Polyester, Industrial Yarn",APAC,Asia,South-eastern Asia,South-eastern Asia,Malaysia
"Polyester, Industrial Yarn",APAC,Asia,South-eastern Asia,South-eastern Asia,Myanmar
"Polyester, Industrial Yarn",APAC,Asia,South-eastern Asia,South-eastern Asia,Other Southeast Asia
"Polyester, Industrial Yarn",APAC,Asia,South-eastern Asia,South-eastern Asia,Philippines
"Polyester, Industrial Yarn",APAC,Asia,South-eastern Asia,South-eastern Asia,Singapore
"Polyester, Industrial Yarn",APAC,Asia,South-eastern Asia,South-eastern Asia,Thailand
"Polyester, Industrial Yarn",APAC,Asia,South-eastern Asia,South-eastern Asia,Vietnam
"Polyester, Industrial Yarn",APAC,Asia,Southern Asia,Southern Asia,Bangladesh
"Polyester, Industrial Yarn",APAC,Asia,Southern Asia,Southern Asia,India
"Polyester, Industrial Yarn",APAC,Asia,Southern Asia,Southern Asia,Other South Asia
"Polyester, Industrial Yarn",APAC,Asia,Southern Asia,Southern Asia,Pakistan
"Polyester, Industrial Yarn",APAC,Asia,Southern Asia,Southern Asia,Sri Lanka
"Polyester, Industrial Yarn",APAC,Oceania,Australia and New Zealand,Australia and New Zealand,Australia
"Polyester, Industrial Yarn",APAC,Oceania,Australia and New Zealand,Australia and New Zealand,New Zealand
"Polyester, Industrial Yarn",EMEA,Africa,Central Africa,Central Africa,Angola
"Polyester, Industrial Yarn",EMEA,Africa,Central Africa,Central Africa,Cameroon
"Polyester, Industrial Yarn",EMEA,Africa,Central Africa,Central Africa,Equatorial Guinea
"Polyester, Industrial Yarn",EMEA,Africa,Central Africa,Central Africa,Republic of the Congo
"Polyester, Industrial Yarn",EMEA,Africa,Eastern Africa,Eastern Africa,Ethiopia
"Polyester, Industrial Yarn",EMEA,Africa,Eastern Africa,Eastern Africa,Kenya
"Polyester, Industrial Yarn",EMEA,Africa,Eastern Africa,Eastern Africa,Tanzania
"Polyester, Industrial Yarn",EMEA,Africa,Eastern Africa,Eastern Africa,Uganda
"Polyester, Industrial Yarn",EMEA,Africa,Northern Africa,Northern Africa,Algeria
"Polyester, Industrial Yarn",EMEA,Africa,Northern Africa,Northern Africa,Egypt
"Polyester, Industrial Yarn",EMEA,Africa,Northern Africa,Northern Africa,Libya
"Polyester, Industrial Yarn",EMEA,Africa,Northern Africa,Northern Africa,Morocco
"Polyester, Industrial Yarn",EMEA,Africa,Northern Africa,Northern Africa,Tunisia
"Polyester, Industrial Yarn",EMEA,Africa,Other Africa (Region),Other Africa (Region),Other Africa (Country)
"Polyester, Industrial Yarn",EMEA,Africa,Southern Africa,Southern Africa,Mozambique
"Polyester, Industrial Yarn",EMEA,Africa,Southern Africa,Southern Africa,South Africa
"Polyester, Industrial Yarn",EMEA,Africa,Western Africa,Western Africa,Ghana
"Polyester, Industrial Yarn",EMEA,Africa,Western Africa,Western Africa,Nigeria
"Polyester, Industrial Yarn",EMEA,Eurasia,,Eurasia,Azerbaijan
"Polyester, Industrial Yarn",EMEA,Eurasia,,Eurasia,Belarus
"Polyester, Industrial Yarn",EMEA,Eurasia,,Eurasia,Kazakhstan
"Polyester, Industrial Yarn",EMEA,Eurasia,,Eurasia,Other Russia and CIS
"Polyester, Industrial Yarn",EMEA,Eurasia,,Eurasia,Russia
"Polyester, Industrial Yarn",EMEA,Eurasia,,Eurasia,Turkmenistan
"Polyester, Industrial Yarn",EMEA,Eurasia,,Eurasia,Ukraine
"Polyester, Industrial Yarn",EMEA,Eurasia,,Eurasia,Uzbekistan
"Polyester, Industrial Yarn",EMEA,Europe,Eastern Europe,Eastern Europe,Bulgaria
"Polyester, Industrial Yarn",EMEA,Europe,Eastern Europe,Eastern Europe,Czechia
"Polyester, Industrial Yarn",EMEA,Europe,Eastern Europe,Eastern Europe,Hungary
"Polyester, Industrial Yarn",EMEA,Europe,Eastern Europe,Eastern Europe,Poland
"Polyester, Industrial Yarn",EMEA,Europe,Eastern Europe,Eastern Europe,Romania
"Polyester, Industrial Yarn",EMEA,Europe,Eastern Europe,Eastern Europe,Slovakia
"Polyester, Industrial Yarn",EMEA,Europe,Northern Europe,Northern Europe,Denmark
"Polyester, Industrial Yarn",EMEA,Europe,Northern Europe,Northern Europe,Estonia
"Polyester, Industrial Yarn",EMEA,Europe,Northern Europe,Northern Europe,Finland
"Polyester, Industrial Yarn",EMEA,Europe,Northern Europe,Northern Europe,Latvia
"Polyester, Industrial Yarn",EMEA,Europe,Northern Europe,Northern Europe,Lithuania
"Polyester, Industrial Yarn",EMEA,Europe,Northern Europe,Northern Europe,Norway
"Polyester, Industrial Yarn",EMEA,Europe,Northern Europe,Northern Europe,Sweden
"Polyester, Industrial Yarn",EMEA,Europe,Northern Europe,Northern Europe,United Kingdom
"Polyester, Industrial Yarn",EMEA,Europe,Other Central and Eastern Europe (Region),Other Central and Eastern Europe (Region),Other Central and Eastern Europe (Country)
"Polyester, Industrial Yarn",EMEA,Europe,Southern Europe,Southern Europe,Croatia
"Polyester, Industrial Yarn",EMEA,Europe,Southern Europe,Southern Europe,Greece
"Polyester, Industrial Yarn",EMEA,Europe,Southern Europe,Southern Europe,Italy
"Polyester, Industrial Yarn",EMEA,Europe,Southern Europe,Southern Europe,Portugal
"Polyester, Industrial Yarn",EMEA,Europe,Southern Europe,Southern Europe,Serbia
"Polyester, Industrial Yarn",EMEA,Europe,Southern Europe,Southern Europe,Slovenia
"Polyester, Industrial Yarn",EMEA,Europe,Southern Europe,Southern Europe,Spain
"Polyester, Industrial Yarn",EMEA,Europe,Southern Europe,Southern Europe,Turkey
"Polyester, Industrial Yarn",EMEA,Europe,Western Europe,Western Europe,Austria
"Polyester, Industrial Yarn",EMEA,Europe,Western Europe,Western Europe,Belgium
"Polyester, Industrial Yarn",EMEA,Europe,Western Europe,Western Europe,France
"Polyester, Industrial Yarn",EMEA,Europe,Western Europe,Western Europe,Germany
"Polyester, Industrial Yarn",EMEA,Europe,Western Europe,Western Europe,Netherlands
"Polyester, Industrial Yarn",EMEA,Europe,Western Europe,Western Europe,Other Western Europe
"Polyester, Industrial Yarn",EMEA,Europe,Western Europe,Western Europe,Switzerland
"Polyester, Industrial Yarn",EMEA,Middle East,,Middle East,Bahrain
"Polyester, Industrial Yarn",EMEA,Middle East,,Middle East,Iran
"Polyester, Industrial Yarn",EMEA,Middle East,,Middle East,Iraq
"Polyester, Industrial Yarn",EMEA,Middle East,,Middle East,Israel
"Polyester, Industrial Yarn",EMEA,Middle East,,Middle East,Kuwait
"Polyester, Industrial Yarn",EMEA,Middle East,,Middle East,Oman
"Polyester, Industrial Yarn",EMEA,Middle East,,Middle East,Other Middle East
"Polyester, Industrial Yarn",EMEA,Middle East,,Middle East,Qatar
"Polyester, Industrial Yarn",EMEA,Middle East,,Middle East,Saudi Arabia
"Polyester, Industrial Yarn",EMEA,Middle East,,Middle East,United Arab Emirates
"Polyester, Staple Fiber",AMER,Latin America and the Caribbean,Caribbean,Caribbean,Trinidad and Tobago
"Polyester, Staple Fiber",AMER,Latin America and the Caribbean,Central America,Central America,Mexico
"Polyester, Staple Fiber",AMER,Latin America and the Caribbean,Other Central and South America (Region),Other Central and South America (Region),Other Central and South America (Country)
"Polyester, Staple Fiber",AMER,Latin America and the Caribbean,South America,South America,Argentina
"Polyester, Staple Fiber",AMER,Latin America and the Caribbean,South America,South America,Bolivia
"Polyester, Staple Fiber",AMER,Latin America and the Caribbean,South America,South America,Brazil
"Polyester, Staple Fiber",AMER,Latin America and the Caribbean,South America,South America,Chile
"Polyester, Staple Fiber",AMER,Latin America and the Caribbean,South America,South America,Colombia
"Polyester, Staple Fiber",AMER,Latin America and the Caribbean,South America,South America,Ecuador
"Polyester, Staple Fiber",AMER,Latin America and the Caribbean,South America,South America,Paraguay
"Polyester, Staple Fiber",AMER,Latin America and the Caribbean,South America,South America,Peru
"Polyester, Staple Fiber",AMER,Latin America and the Caribbean,South America,South America,Uruguay
"Polyester, Staple Fiber",AMER,Latin America and the Caribbean,South America,South America,Venezuela
"Polyester, Staple Fiber",AMER,North America,,North America,Canada
"Polyester, Staple Fiber",AMER,North America,,North America,Other North America
"Polyester, Staple Fiber",AMER,North America,,North America,United States
"Polyester, Staple Fiber",APAC,Asia,Eastern Asia,Eastern Asia,China
"Polyester, Staple Fiber",APAC,Asia,Eastern Asia,Eastern Asia,Hong Kong
"Polyester, Staple Fiber",APAC,Asia,Eastern Asia,Eastern Asia,Japan
"Polyester, Staple Fiber",APAC,Asia,Eastern Asia,Eastern Asia,Macao
"Polyester, Staple Fiber",APAC,Asia,Eastern Asia,Eastern Asia,Other Northeast Asia ex China
"Polyester, Staple Fiber",APAC,Asia,Eastern Asia,Eastern Asia,South Korea
"Polyester, Staple Fiber",APAC,Asia,Eastern Asia,Eastern Asia,Taiwan
"Polyester, Staple Fiber",APAC,Asia,South-eastern Asia,South-eastern Asia,Brunei Darussalam
"Polyester, Staple Fiber",APAC,Asia,South-eastern Asia,South-eastern Asia,Indonesia
"Polyester, Staple Fiber",APAC,Asia,South-eastern Asia,South-eastern Asia,Malaysia
"Polyester, Staple Fiber",APAC,Asia,South-eastern Asia,South-eastern Asia,Myanmar
"Polyester, Staple Fiber",APAC,Asia,South-eastern Asia,South-eastern Asia,Other Southeast Asia
"Polyester, Staple Fiber",APAC,Asia,South-eastern Asia,South-eastern Asia,Philippines
"Polyester, Staple Fiber",APAC,Asia,South-eastern Asia,South-eastern Asia,Singapore
"Polyester, Staple Fiber",APAC,Asia,South-eastern Asia,South-eastern Asia,Thailand
"Polyester, Staple Fiber",APAC,Asia,South-eastern Asia,South-eastern Asia,Vietnam
"Polyester, Staple Fiber",APAC,Asia,Southern Asia,Southern Asia,Bangladesh
"Polyester, Staple Fiber",APAC,Asia,Southern Asia,Southern Asia,India
"Polyester, Staple Fiber",APAC,Asia,Southern Asia,Southern Asia,Other South Asia
"Polyester, Staple Fiber",APAC,Asia,Southern Asia,Southern Asia,Pakistan
"Polyester, Staple Fiber",APAC,Asia,Southern Asia,Southern Asia,Sri Lanka
"Polyester, Staple Fiber",APAC,Oceania,Australia and New Zealand,Australia and New Zealand,Australia
"Polyester, Staple Fiber",APAC,Oceania,Australia and New Zealand,Australia and New Zealand,New Zealand
"Polyester, Staple Fiber",EMEA,Africa,Central Africa,Central Africa,Angola
"Polyester, Staple Fiber",EMEA,Africa,Central Africa,Central Africa,Cameroon
"Polyester, Staple Fiber",EMEA,Africa,Central Africa,Central Africa,Equatorial Guinea
"Polyester, Staple Fiber",EMEA,Africa,Central Africa,Central Africa,Republic of the Congo
"Polyester, Staple Fiber",EMEA,Africa,Eastern Africa,Eastern Africa,Ethiopia
"Polyester, Staple Fiber",EMEA,Africa,Eastern Africa,Eastern Africa,Kenya
"Polyester, Staple Fiber",EMEA,Africa,Eastern Africa,Eastern Africa,Tanzania
"Polyester, Staple Fiber",EMEA,Africa,Eastern Africa,Eastern Africa,Uganda
"Polyester, Staple Fiber",EMEA,Africa,Northern Africa,Northern Africa,Algeria
"Polyester, Staple Fiber",EMEA,Africa,Northern Africa,Northern Africa,Egypt
"Polyester, Staple Fiber",EMEA,Africa,Northern Africa,Northern Africa,Libya
"Polyester, Staple Fiber",EMEA,Africa,Northern Africa,Northern Africa,Morocco
"Polyester, Staple Fiber",EMEA,Africa,Northern Africa,Northern Africa,Tunisia
"Polyester, Staple Fiber",EMEA,Africa,Other Africa (Region),Other Africa (Region),Other Africa (Country)
"Polyester, Staple Fiber",EMEA,Africa,Southern Africa,Southern Africa,Mozambique
"Polyester, Staple Fiber",EMEA,Africa,Southern Africa,Southern Africa,South Africa
"Polyester, Staple Fiber",EMEA,Africa,Western Africa,Western Africa,Ghana
"Polyester, Staple Fiber",EMEA,Africa,Western Africa,Western Africa,Nigeria
"Polyester, Staple Fiber",EMEA,Eurasia,,Eurasia,Azerbaijan
"Polyester, Staple Fiber",EMEA,Eurasia,,Eurasia,Belarus
"Polyester, Staple Fiber",EMEA,Eurasia,,Eurasia,Kazakhstan
"Polyester, Staple Fiber",EMEA,Eurasia,,Eurasia,Other Russia and CIS
"Polyester, Staple Fiber",EMEA,Eurasia,,Eurasia,Russia
"Polyester, Staple Fiber",EMEA,Eurasia,,Eurasia,Turkmenistan
"Polyester, Staple Fiber",EMEA,Eurasia,,Eurasia,Ukraine
"Polyester, Staple Fiber",EMEA,Eurasia,,Eurasia,Uzbekistan
"Polyester, Staple Fiber",EMEA,Europe,Eastern Europe,Eastern Europe,Bulgaria
"Polyester, Staple Fiber",EMEA,Europe,Eastern Europe,Eastern Europe,Czechia
"Polyester, Staple Fiber",EMEA,Europe,Eastern Europe,Eastern Europe,Hungary
"Polyester, Staple Fiber",EMEA,Europe,Eastern Europe,Eastern Europe,Poland
"Polyester, Staple Fiber",EMEA,Europe,Eastern Europe,Eastern Europe,Romania
"Polyester, Staple Fiber",EMEA,Europe,Eastern Europe,Eastern Europe,Slovakia
"Polyester, Staple Fiber",EMEA,Europe,Northern Europe,Northern Europe,Denmark
"Polyester, Staple Fiber",EMEA,Europe,Northern Europe,Northern Europe,Estonia
"Polyester, Staple Fiber",EMEA,Europe,Northern Europe,Northern Europe,Finland
"Polyester, Staple Fiber",EMEA,Europe,Northern Europe,Northern Europe,Latvia
"Polyester, Staple Fiber",EMEA,Europe,Northern Europe,Northern Europe,Lithuania
"Polyester, Staple Fiber",EMEA,Europe,Northern Europe,Northern Europe,Norway
"Polyester, Staple Fiber",EMEA,Europe,Northern Europe,Northern Europe,Sweden
"Polyester, Staple Fiber",EMEA,Europe,Northern Europe,Northern Europe,United Kingdom
"Polyester, Staple Fiber",EMEA,Europe,Other Central and Eastern Europe (Region),Other Central and Eastern Europe (Region),Other Central and Eastern Europe (Country)
"Polyester, Staple Fiber",EMEA,Europe,Southern Europe,Southern Europe,Croatia
"Polyester, Staple Fiber",EMEA,Europe,Southern Europe,Southern Europe,Greece
"Polyester, Staple Fiber",EMEA,Europe,Southern Europe,Southern Europe,Italy
"Polyester, Staple Fiber",EMEA,Europe,Southern Europe,Southern Europe,Portugal
"Polyester, Staple Fiber",EMEA,Europe,Southern Europe,Southern Europe,Serbia
"Polyester, Staple Fiber",EMEA,Europe,Southern Europe,Southern Europe,Slovenia
"Polyester, Staple Fiber",EMEA,Europe,Southern Europe,Southern Europe,Spain
"Polyester, Staple Fiber",EMEA,Europe,Southern Europe,Southern Europe,Turkey
"Polyester, Staple Fiber",EMEA,Europe,Western Europe,Western Europe,Austria
"Polyester, Staple Fiber",EMEA,Europe,Western Europe,Western Europe,Belgium
"Polyester, Staple Fiber",EMEA,Europe,Western Europe,Western Europe,France
"Polyester, Staple Fiber",EMEA,Europe,Western Europe,Western Europe,Germany
"Polyester, Staple Fiber",EMEA,Europe,Western Europe,Western Europe,Netherlands
"Polyester, Staple Fiber",EMEA,Europe,Western Europe,Western Europe,Other Western Europe
"Polyester, Staple Fiber",EMEA,Europe,Western Europe,Western Europe,Switzerland
"Polyester, Staple Fiber",EMEA,Middle East,,Middle East,Bahrain
"Polyester, Staple Fiber",EMEA,Middle East,,Middle East,Iran
"Polyester, Staple Fiber",EMEA,Middle East,,Middle East,Iraq
"Polyester, Staple Fiber",EMEA,Middle East,,Middle East,Israel
"Polyester, Staple Fiber",EMEA,Middle East,,Middle East,Kuwait
"Polyester, Staple Fiber",EMEA,Middle East,,Middle East,Oman
"Polyester, Staple Fiber",EMEA,Middle East,,Middle East,Other Middle East
"Polyester, Staple Fiber",EMEA,Middle East,,Middle East,Qatar
"Polyester, Staple Fiber",EMEA,Middle East,,Middle East,Saudi Arabia
"Polyester, Staple Fiber",EMEA,Middle East,,Middle East,United Arab Emirates
Polyethylene Terephthalate,AMER,Latin America and the Caribbean,Caribbean,Caribbean,Trinidad and Tobago
Polyethylene Terephthalate,AMER,Latin America and the Caribbean,Central America,Central America,Mexico
Polyethylene Terephthalate,AMER,Latin America and the Caribbean,Other Central and South America (Region),Other Central and South America (Region),Other Central and South America (Country)
Polyethylene Terephthalate,AMER,Latin America and the Caribbean,South America,South America,Argentina
Polyethylene Terephthalate,AMER,Latin America and the Caribbean,South America,South America,Bolivia
Polyethylene Terephthalate,AMER,Latin America and the Caribbean,South America,South America,Brazil
Polyethylene Terephthalate,AMER,Latin America and the Caribbean,South America,South America,Chile
Polyethylene Terephthalate,AMER,Latin America and the Caribbean,South America,South America,Colombia
Polyethylene Terephthalate,AMER,Latin America and the Caribbean,South America,South America,Ecuador
Polyethylene Terephthalate,AMER,Latin America and the Caribbean,South America,South America,Paraguay
Polyethylene Terephthalate,AMER,Latin America and the Caribbean,South America,South America,Peru
Polyethylene Terephthalate,AMER,Latin America and the Caribbean,South America,South America,Uruguay
Polyethylene Terephthalate,AMER,Latin America and the Caribbean,South America,South America,Venezuela
Polyethylene Terephthalate,AMER,North America,,North America,Canada
Polyethylene Terephthalate,AMER,North America,,North America,Other North America
Polyethylene Terephthalate,AMER,North America,,North America,United States
Polyethylene Terephthalate,APAC,Asia,Eastern Asia,Eastern Asia,China
Polyethylene Terephthalate,APAC,Asia,Eastern Asia,Eastern Asia,Hong Kong
Polyethylene Terephthalate,APAC,Asia,Eastern Asia,Eastern Asia,Japan
Polyethylene Terephthalate,APAC,Asia,Eastern Asia,Eastern Asia,Macao
Polyethylene Terephthalate,APAC,Asia,Eastern Asia,Eastern Asia,Other Northeast Asia ex China
Polyethylene Terephthalate,APAC,Asia,Eastern Asia,Eastern Asia,South Korea
Polyethylene Terephthalate,APAC,Asia,Eastern Asia,Eastern Asia,Taiwan
Polyethylene Terephthalate,APAC,Asia,South-eastern Asia,South-eastern Asia,Brunei Darussalam
Polyethylene Terephthalate,APAC,Asia,South-eastern Asia,South-eastern Asia,Indonesia
Polyethylene Terephthalate,APAC,Asia,South-eastern Asia,South-eastern Asia,Malaysia
Polyethylene Terephthalate,APAC,Asia,South-eastern Asia,South-eastern Asia,Myanmar
Polyethylene Terephthalate,APAC,Asia,South-eastern Asia,South-eastern Asia,Other Southeast Asia
Polyethylene Terephthalate,APAC,Asia,South-eastern Asia,South-eastern Asia,Philippines
Polyethylene Terephthalate,APAC,Asia,South-eastern Asia,South-eastern Asia,Singapore
Polyethylene Terephthalate,APAC,Asia,South-eastern Asia,South-eastern Asia,Thailand
Polyethylene Terephthalate,APAC,Asia,South-eastern Asia,South-eastern Asia,Vietnam
Polyethylene Terephthalate,APAC,Asia,Southern Asia,Southern Asia,Bangladesh
Polyethylene Terephthalate,APAC,Asia,Southern Asia,Southern Asia,India
Polyethylene Terephthalate,APAC,Asia,Southern Asia,Southern Asia,Other South Asia
Polyethylene Terephthalate,APAC,Asia,Southern Asia,Southern Asia,Pakistan
Polyethylene Terephthalate,APAC,Asia,Southern Asia,Southern Asia,Sri Lanka
Polyethylene Terephthalate,APAC,Oceania,Australia and New Zealand,Australia and New Zealand,Australia
Polyethylene Terephthalate,APAC,Oceania,Australia and New Zealand,Australia and New Zealand,New Zealand
Polyethylene Terephthalate,EMEA,Africa,Central Africa,Central Africa,Angola
Polyethylene Terephthalate,EMEA,Africa,Central Africa,Central Africa,Cameroon
Polyethylene Terephthalate,EMEA,Africa,Central Africa,Central Africa,Equatorial Guinea
Polyethylene Terephthalate,EMEA,Africa,Central Africa,Central Africa,Republic of the Congo
Polyethylene Terephthalate,EMEA,Africa,Eastern Africa,Eastern Africa,Ethiopia
Polyethylene Terephthalate,EMEA,Africa,Eastern Africa,Eastern Africa,Kenya
Polyethylene Terephthalate,EMEA,Africa,Eastern Africa,Eastern Africa,Tanzania
Polyethylene Terephthalate,EMEA,Africa,Eastern Africa,Eastern Africa,Uganda
Polyethylene Terephthalate,EMEA,Africa,Northern Africa,Northern Africa,Algeria
Polyethylene Terephthalate,EMEA,Africa,Northern Africa,Northern Africa,Egypt
Polyethylene Terephthalate,EMEA,Africa,Northern Africa,Northern Africa,Libya
Polyethylene Terephthalate,EMEA,Africa,Northern Africa,Northern Africa,Morocco
Polyethylene Terephthalate,EMEA,Africa,Northern Africa,Northern Africa,Tunisia
Polyethylene Terephthalate,EMEA,Africa,Other Africa (Region),Other Africa (Region),Other Africa (Country)
Polyethylene Terephthalate,EMEA,Africa,Southern Africa,Southern Africa,Mozambique
Polyethylene Terephthalate,EMEA,Africa,Southern Africa,Southern Africa,South Africa
Polyethylene Terephthalate,EMEA,Africa,Western Africa,Western Africa,Ghana
Polyethylene Terephthalate,EMEA,Africa,Western Africa,Western Africa,Nigeria
Polyethylene Terephthalate,EMEA,Eurasia,,Eurasia,Azerbaijan
Polyethylene Terephthalate,EMEA,Eurasia,,Eurasia,Belarus
Polyethylene Terephthalate,EMEA,Eurasia,,Eurasia,Kazakhstan
Polyethylene Terephthalate,EMEA,Eurasia,,Eurasia,Other Russia and CIS
Polyethylene Terephthalate,EMEA,Eurasia,,Eurasia,Russia
Polyethylene Terephthalate,EMEA,Eurasia,,Eurasia,Turkmenistan
Polyethylene Terephthalate,EMEA,Eurasia,,Eurasia,Ukraine
Polyethylene Terephthalate,EMEA,Eurasia,,Eurasia,Uzbekistan
Polyethylene Terephthalate,EMEA,Europe,Eastern Europe,Eastern Europe,Bulgaria
Polyethylene Terephthalate,EMEA,Europe,Eastern Europe,Eastern Europe,Czechia
Polyethylene Terephthalate,EMEA,Europe,Eastern Europe,Eastern Europe,Hungary
Polyethylene Terephthalate,EMEA,Europe,Eastern Europe,Eastern Europe,Poland
Polyethylene Terephthalate,EMEA,Europe,Eastern Europe,Eastern Europe,Romania
Polyethylene Terephthalate,EMEA,Europe,Eastern Europe,Eastern Europe,Slovakia
Polyethylene Terephthalate,EMEA,Europe,Northern Europe,Northern Europe,Denmark
Polyethylene Terephthalate,EMEA,Europe,Northern Europe,Northern Europe,Estonia
Polyethylene Terephthalate,EMEA,Europe,Northern Europe,Northern Europe,Finland
Polyethylene Terephthalate,EMEA,Europe,Northern Europe,Northern Europe,Latvia
Polyethylene Terephthalate,EMEA,Europe,Northern Europe,Northern Europe,Lithuania
Polyethylene Terephthalate,EMEA,Europe,Northern Europe,Northern Europe,Norway
Polyethylene Terephthalate,EMEA,Europe,Northern Europe,Northern Europe,Sweden
Polyethylene Terephthalate,EMEA,Europe,Northern Europe,Northern Europe,United Kingdom
Polyethylene Terephthalate,EMEA,Europe,Other Central and Eastern Europe (Region),Other Central and Eastern Europe (Region),Other Central and Eastern Europe (Country)
Polyethylene Terephthalate,EMEA,Europe,Southern Europe,Southern Europe,Croatia
Polyethylene Terephthalate,EMEA,Europe,Southern Europe,Southern Europe,Greece
Polyethylene Terephthalate,EMEA,Europe,Southern Europe,Southern Europe,Italy
Polyethylene Terephthalate,EMEA,Europe,Southern Europe,Southern Europe,Portugal
Polyethylene Terephthalate,EMEA,Europe,Southern Europe,Southern Europe,Serbia
Polyethylene Terephthalate,EMEA,Europe,Southern Europe,Southern Europe,Slovenia
Polyethylene Terephthalate,EMEA,Europe,Southern Europe,Southern Europe,Spain
Polyethylene Terephthalate,EMEA,Europe,Southern Europe,Southern Europe,Turkey
Polyethylene Terephthalate,EMEA,Europe,Western Europe,Western Europe,Austria
Polyethylene Terephthalate,EMEA,Europe,Western Europe,Western Europe,Belgium
Polyethylene Terephthalate,EMEA,Europe,Western Europe,Western Europe,France
Polyethylene Terephthalate,EMEA,Europe,Western Europe,Western Europe,Germany
Polyethylene Terephthalate,EMEA,Europe,Western Europe,Western Europe,Netherlands
Polyethylene Terephthalate,EMEA,Europe,Western Europe,Western Europe,Other Western Europe
Polyethylene Terephthalate,EMEA,Europe,Western Europe,Western Europe,Switzerland
Polyethylene Terephthalate,EMEA,Middle East,,Middle East,Bahrain
Polyethylene Terephthalate,EMEA,Middle East,,Middle East,Iran
Polyethylene Terephthalate,EMEA,Middle East,,Middle East,Iraq
Polyethylene Terephthalate,EMEA,Middle East,,Middle East,Israel
Polyethylene Terephthalate,EMEA,Middle East,,Middle East,Kuwait
Polyethylene Terephthalate,EMEA,Middle East,,Middle East,Oman
Polyethylene Terephthalate,EMEA,Middle East,,Middle East,Other Middle East
Polyethylene Terephthalate,EMEA,Middle East,,Middle East,Qatar
Polyethylene Terephthalate,EMEA,Middle East,,Middle East,Saudi Arabia
Polyethylene Terephthalate,EMEA,Middle East,,Middle East,United Arab Emirates
Polyisobutylene,AMER,Latin America and the Caribbean,Caribbean,Caribbean,Trinidad and Tobago
Polyisobutylene,AMER,Latin America and the Caribbean,Central America,Central America,Mexico
Polyisobutylene,AMER,Latin America and the Caribbean,Other Central and South America (Region),Other Central and South America (Region),Other Central and South America (Country)
Polyisobutylene,AMER,Latin America and the Caribbean,South America,South America,Argentina
Polyisobutylene,AMER,Latin America and the Caribbean,South America,South America,Bolivia
Polyisobutylene,AMER,Latin America and the Caribbean,South America,South America,Brazil
Polyisobutylene,AMER,Latin America and the Caribbean,South America,South America,Chile
Polyisobutylene,AMER,Latin America and the Caribbean,South America,South America,Colombia
Polyisobutylene,AMER,Latin America and the Caribbean,South America,South America,Ecuador
Polyisobutylene,AMER,Latin America and the Caribbean,South America,South America,Paraguay
Polyisobutylene,AMER,Latin America and the Caribbean,South America,South America,Peru
Polyisobutylene,AMER,Latin America and the Caribbean,South America,South America,Uruguay
Polyisobutylene,AMER,Latin America and the Caribbean,South America,South America,Venezuela
Polyisobutylene,AMER,North America,,North America,Canada
Polyisobutylene,AMER,North America,,North America,Other North America
Polyisobutylene,AMER,North America,,North America,United States
Polyisobutylene,APAC,Asia,Eastern Asia,Eastern Asia,China
Polyisobutylene,APAC,Asia,Eastern Asia,Eastern Asia,Hong Kong
Polyisobutylene,APAC,Asia,Eastern Asia,Eastern Asia,Japan
Polyisobutylene,APAC,Asia,Eastern Asia,Eastern Asia,Macao
Polyisobutylene,APAC,Asia,Eastern Asia,Eastern Asia,Other Northeast Asia ex China
Polyisobutylene,APAC,Asia,Eastern Asia,Eastern Asia,South Korea
Polyisobutylene,APAC,Asia,Eastern Asia,Eastern Asia,Taiwan
Polyisobutylene,APAC,Asia,South-eastern Asia,South-eastern Asia,Brunei Darussalam
Polyisobutylene,APAC,Asia,South-eastern Asia,South-eastern Asia,Indonesia
Polyisobutylene,APAC,Asia,South-eastern Asia,South-eastern Asia,Malaysia
Polyisobutylene,APAC,Asia,South-eastern Asia,South-eastern Asia,Myanmar
Polyisobutylene,APAC,Asia,South-eastern Asia,South-eastern Asia,Other Southeast Asia
Polyisobutylene,APAC,Asia,South-eastern Asia,South-eastern Asia,Philippines
Polyisobutylene,APAC,Asia,South-eastern Asia,South-eastern Asia,Singapore
Polyisobutylene,APAC,Asia,South-eastern Asia,South-eastern Asia,Thailand
Polyisobutylene,APAC,Asia,South-eastern Asia,South-eastern Asia,Vietnam
Polyisobutylene,APAC,Asia,Southern Asia,Southern Asia,Bangladesh
Polyisobutylene,APAC,Asia,Southern Asia,Southern Asia,India
Polyisobutylene,APAC,Asia,Southern Asia,Southern Asia,Other South Asia
Polyisobutylene,APAC,Asia,Southern Asia,Southern Asia,Pakistan
Polyisobutylene,APAC,Asia,Southern Asia,Southern Asia,Sri Lanka
Polyisobutylene,APAC,Oceania,Australia and New Zealand,Australia and New Zealand,Australia
Polyisobutylene,APAC,Oceania,Australia and New Zealand,Australia and New Zealand,New Zealand
Polyisobutylene,EMEA,Africa,Central Africa,Central Africa,Angola
Polyisobutylene,EMEA,Africa,Central Africa,Central Africa,Cameroon
Polyisobutylene,EMEA,Africa,Central Africa,Central Africa,Equatorial Guinea
Polyisobutylene,EMEA,Africa,Central Africa,Central Africa,Republic of the Congo
Polyisobutylene,EMEA,Africa,Eastern Africa,Eastern Africa,Ethiopia
Polyisobutylene,EMEA,Africa,Eastern Africa,Eastern Africa,Kenya
Polyisobutylene,EMEA,Africa,Eastern Africa,Eastern Africa,Tanzania
Polyisobutylene,EMEA,Africa,Eastern Africa,Eastern Africa,Uganda
Polyisobutylene,EMEA,Africa,Northern Africa,Northern Africa,Algeria
Polyisobutylene,EMEA,Africa,Northern Africa,Northern Africa,Egypt
Polyisobutylene,EMEA,Africa,Northern Africa,Northern Africa,Libya
Polyisobutylene,EMEA,Africa,Northern Africa,Northern Africa,Morocco
Polyisobutylene,EMEA,Africa,Northern Africa,Northern Africa,Tunisia
Polyisobutylene,EMEA,Africa,Other Africa (Region),Other Africa (Region),Other Africa (Country)
Polyisobutylene,EMEA,Africa,Southern Africa,Southern Africa,Mozambique
Polyisobutylene,EMEA,Africa,Southern Africa,Southern Africa,South Africa
Polyisobutylene,EMEA,Africa,Western Africa,Western Africa,Ghana
Polyisobutylene,EMEA,Africa,Western Africa,Western Africa,Nigeria
Polyisobutylene,EMEA,Eurasia,,Eurasia,Azerbaijan
Polyisobutylene,EMEA,Eurasia,,Eurasia,Belarus
Polyisobutylene,EMEA,Eurasia,,Eurasia,Kazakhstan
Polyisobutylene,EMEA,Eurasia,,Eurasia,Other Russia and CIS
Polyisobutylene,EMEA,Eurasia,,Eurasia,Russia
Polyisobutylene,EMEA,Eurasia,,Eurasia,Turkmenistan
Polyisobutylene,EMEA,Eurasia,,Eurasia,Ukraine
Polyisobutylene,EMEA,Eurasia,,Eurasia,Uzbekistan
Polyisobutylene,EMEA,Europe,Eastern Europe,Eastern Europe,Bulgaria
Polyisobutylene,EMEA,Europe,Eastern Europe,Eastern Europe,Czechia
Polyisobutylene,EMEA,Europe,Eastern Europe,Eastern Europe,Hungary
Polyisobutylene,EMEA,Europe,Eastern Europe,Eastern Europe,Poland
Polyisobutylene,EMEA,Europe,Eastern Europe,Eastern Europe,Romania
Polyisobutylene,EMEA,Europe,Eastern Europe,Eastern Europe,Slovakia
Polyisobutylene,EMEA,Europe,Northern Europe,Northern Europe,Denmark
Polyisobutylene,EMEA,Europe,Northern Europe,Northern Europe,Estonia
Polyisobutylene,EMEA,Europe,Northern Europe,Northern Europe,Finland
Polyisobutylene,EMEA,Europe,Northern Europe,Northern Europe,Latvia
Polyisobutylene,EMEA,Europe,Northern Europe,Northern Europe,Lithuania
Polyisobutylene,EMEA,Europe,Northern Europe,Northern Europe,Norway
Polyisobutylene,EMEA,Europe,Northern Europe,Northern Europe,Sweden
Polyisobutylene,EMEA,Europe,Northern Europe,Northern Europe,United Kingdom
Polyisobutylene,EMEA,Europe,Other Central and Eastern Europe (Region),Other Central and Eastern Europe (Region),Other Central and Eastern Europe (Country)
Polyisobutylene,EMEA,Europe,Southern Europe,Southern Europe,Croatia
Polyisobutylene,EMEA,Europe,Southern Europe,Southern Europe,Greece
Polyisobutylene,EMEA,Europe,Southern Europe,Southern Europe,Italy
Polyisobutylene,EMEA,Europe,Southern Europe,Southern Europe,Portugal
Polyisobutylene,EMEA,Europe,Southern Europe,Southern Europe,Serbia
Polyisobutylene,EMEA,Europe,Southern Europe,Southern Europe,Slovenia
Polyisobutylene,EMEA,Europe,Southern Europe,Southern Europe,Spain
Polyisobutylene,EMEA,Europe,Southern Europe,Southern Europe,Turkey
Polyisobutylene,EMEA,Europe,Western Europe,Western Europe,Austria
Polyisobutylene,EMEA,Europe,Western Europe,Western Europe,Belgium
Polyisobutylene,EMEA,Europe,Western Europe,Western Europe,France
Polyisobutylene,EMEA,Europe,Western Europe,Western Europe,Germany
Polyisobutylene,EMEA,Europe,Western Europe,Western Europe,Netherlands
Polyisobutylene,EMEA,Europe,Western Europe,Western Europe,Other Western Europe
Polyisobutylene,EMEA,Europe,Western Europe,Western Europe,Switzerland
Polyisobutylene,EMEA,Middle East,,Middle East,Bahrain
Polyisobutylene,EMEA,Middle East,,Middle East,Iran
Polyisobutylene,EMEA,Middle East,,Middle East,Iraq
Polyisobutylene,EMEA,Middle East,,Middle East,Israel
Polyisobutylene,EMEA,Middle East,,Middle East,Kuwait
Polyisobutylene,EMEA,Middle East,,Middle East,Oman
Polyisobutylene,EMEA,Middle East,,Middle East,Other Middle East
Polyisobutylene,EMEA,Middle East,,Middle East,Qatar
Polyisobutylene,EMEA,Middle East,,Middle East,Saudi Arabia
Polyisobutylene,EMEA,Middle East,,Middle East,United Arab Emirates
Polypropylene,AMER,Latin America and the Caribbean,Caribbean,Caribbean,Trinidad and Tobago
Polypropylene,AMER,Latin America and the Caribbean,Central America,Central America,Mexico
Polypropylene,AMER,Latin America and the Caribbean,Other Central and South America (Region),Other Central and South America (Region),Other Central and South America (Country)
Polypropylene,AMER,Latin America and the Caribbean,South America,South America,Argentina
Polypropylene,AMER,Latin America and the Caribbean,South America,South America,Bolivia
Polypropylene,AMER,Latin America and the Caribbean,South America,South America,Brazil
Polypropylene,AMER,Latin America and the Caribbean,South America,South America,Chile
Polypropylene,AMER,Latin America and the Caribbean,South America,South America,Colombia
Polypropylene,AMER,Latin America and the Caribbean,South America,South America,Ecuador
Polypropylene,AMER,Latin America and the Caribbean,South America,South America,Paraguay
Polypropylene,AMER,Latin America and the Caribbean,South America,South America,Peru
Polypropylene,AMER,Latin America and the Caribbean,South America,South America,Uruguay
Polypropylene,AMER,Latin America and the Caribbean,South America,South America,Venezuela
Polypropylene,AMER,North America,,North America,Canada
Polypropylene,AMER,North America,,North America,Other North America
Polypropylene,AMER,North America,,North America,United States
Polypropylene,APAC,Asia,Eastern Asia,Eastern Asia,China
Polypropylene,APAC,Asia,Eastern Asia,Eastern Asia,Hong Kong
Polypropylene,APAC,Asia,Eastern Asia,Eastern Asia,Japan
Polypropylene,APAC,Asia,Eastern Asia,Eastern Asia,Macao
Polypropylene,APAC,Asia,Eastern Asia,Eastern Asia,Other Northeast Asia ex China
Polypropylene,APAC,Asia,Eastern Asia,Eastern Asia,South Korea
Polypropylene,APAC,Asia,Eastern Asia,Eastern Asia,Taiwan
Polypropylene,APAC,Asia,South-eastern Asia,South-eastern Asia,Brunei Darussalam
Polypropylene,APAC,Asia,South-eastern Asia,South-eastern Asia,Indonesia
Polypropylene,APAC,Asia,South-eastern Asia,South-eastern Asia,Malaysia
Polypropylene,APAC,Asia,South-eastern Asia,South-eastern Asia,Myanmar
Polypropylene,APAC,Asia,South-eastern Asia,South-eastern Asia,Other Southeast Asia
Polypropylene,APAC,Asia,South-eastern Asia,South-eastern Asia,Philippines
Polypropylene,APAC,Asia,South-eastern Asia,South-eastern Asia,Singapore
Polypropylene,APAC,Asia,South-eastern Asia,South-eastern Asia,Thailand
Polypropylene,APAC,Asia,South-eastern Asia,South-eastern Asia,Vietnam
Polypropylene,APAC,Asia,Southern Asia,Southern Asia,Bangladesh
Polypropylene,APAC,Asia,Southern Asia,Southern Asia,India
Polypropylene,APAC,Asia,Southern Asia,Southern Asia,Other South Asia
Polypropylene,APAC,Asia,Southern Asia,Southern Asia,Pakistan
Polypropylene,APAC,Asia,Southern Asia,Southern Asia,Sri Lanka
Polypropylene,APAC,Oceania,Australia and New Zealand,Australia and New Zealand,Australia
Polypropylene,APAC,Oceania,Australia and New Zealand,Australia and New Zealand,New Zealand
Polypropylene,EMEA,Africa,Central Africa,Central Africa,Angola
Polypropylene,EMEA,Africa,Central Africa,Central Africa,Cameroon
Polypropylene,EMEA,Africa,Central Africa,Central Africa,Equatorial Guinea
Polypropylene,EMEA,Africa,Central Africa,Central Africa,Republic of the Congo
Polypropylene,EMEA,Africa,Eastern Africa,Eastern Africa,Ethiopia
Polypropylene,EMEA,Africa,Eastern Africa,Eastern Africa,Kenya
Polypropylene,EMEA,Africa,Eastern Africa,Eastern Africa,Tanzania
Polypropylene,EMEA,Africa,Eastern Africa,Eastern Africa,Uganda
Polypropylene,EMEA,Africa,Northern Africa,Northern Africa,Algeria
Polypropylene,EMEA,Africa,Northern Africa,Northern Africa,Egypt
Polypropylene,EMEA,Africa,Northern Africa,Northern Africa,Libya
Polypropylene,EMEA,Africa,Northern Africa,Northern Africa,Morocco
Polypropylene,EMEA,Africa,Northern Africa,Northern Africa,Tunisia
Polypropylene,EMEA,Africa,Other Africa (Region),Other Africa (Region),Other Africa (Country)
Polypropylene,EMEA,Africa,Southern Africa,Southern Africa,Mozambique
Polypropylene,EMEA,Africa,Southern Africa,Southern Africa,South Africa
Polypropylene,EMEA,Africa,Western Africa,Western Africa,Ghana
Polypropylene,EMEA,Africa,Western Africa,Western Africa,Nigeria
Polypropylene,EMEA,Eurasia,,Eurasia,Azerbaijan
Polypropylene,EMEA,Eurasia,,Eurasia,Belarus
Polypropylene,EMEA,Eurasia,,Eurasia,Kazakhstan
Polypropylene,EMEA,Eurasia,,Eurasia,Other Russia and CIS
Polypropylene,EMEA,Eurasia,,Eurasia,Russia
Polypropylene,EMEA,Eurasia,,Eurasia,Turkmenistan
Polypropylene,EMEA,Eurasia,,Eurasia,Ukraine
Polypropylene,EMEA,Eurasia,,Eurasia,Uzbekistan
Polypropylene,EMEA,Europe,Eastern Europe,Eastern Europe,Bulgaria
Polypropylene,EMEA,Europe,Eastern Europe,Eastern Europe,Czechia
Polypropylene,EMEA,Europe,Eastern Europe,Eastern Europe,Hungary
Polypropylene,EMEA,Europe,Eastern Europe,Eastern Europe,Poland
Polypropylene,EMEA,Europe,Eastern Europe,Eastern Europe,Romania
Polypropylene,EMEA,Europe,Eastern Europe,Eastern Europe,Slovakia
Polypropylene,EMEA,Europe,Northern Europe,Northern Europe,Denmark
Polypropylene,EMEA,Europe,Northern Europe,Northern Europe,Estonia
Polypropylene,EMEA,Europe,Northern Europe,Northern Europe,Finland
Polypropylene,EMEA,Europe,Northern Europe,Northern Europe,Latvia
Polypropylene,EMEA,Europe,Northern Europe,Northern Europe,Lithuania
Polypropylene,EMEA,Europe,Northern Europe,Northern Europe,Norway
Polypropylene,EMEA,Europe,Northern Europe,Northern Europe,Sweden
Polypropylene,EMEA,Europe,Northern Europe,Northern Europe,United Kingdom
Polypropylene,EMEA,Europe,Other Central and Eastern Europe (Region),Other Central and Eastern Europe (Region),Other Central and Eastern Europe (Country)
Polypropylene,EMEA,Europe,Southern Europe,Southern Europe,Croatia
Polypropylene,EMEA,Europe,Southern Europe,Southern Europe,Greece
Polypropylene,EMEA,Europe,Southern Europe,Southern Europe,Italy
Polypropylene,EMEA,Europe,Southern Europe,Southern Europe,Portugal
Polypropylene,EMEA,Europe,Southern Europe,Southern Europe,Serbia
Polypropylene,EMEA,Europe,Southern Europe,Southern Europe,Slovenia
Polypropylene,EMEA,Europe,Southern Europe,Southern Europe,Spain
Polypropylene,EMEA,Europe,Southern Europe,Southern Europe,Turkey
Polypropylene,EMEA,Europe,Western Europe,Western Europe,Austria
Polypropylene,EMEA,Europe,Western Europe,Western Europe,Belgium
Polypropylene,EMEA,Europe,Western Europe,Western Europe,France
Polypropylene,EMEA,Europe,Western Europe,Western Europe,Germany
Polypropylene,EMEA,Europe,Western Europe,Western Europe,Netherlands
Polypropylene,EMEA,Europe,Western Europe,Western Europe,Other Western Europe
Polypropylene,EMEA,Europe,Western Europe,Western Europe,Switzerland
Polypropylene,EMEA,Middle East,,Middle East,Bahrain
Polypropylene,EMEA,Middle East,,Middle East,Iran
Polypropylene,EMEA,Middle East,,Middle East,Iraq
Polypropylene,EMEA,Middle East,,Middle East,Israel
Polypropylene,EMEA,Middle East,,Middle East,Kuwait
Polypropylene,EMEA,Middle East,,Middle East,Oman
Polypropylene,EMEA,Middle East,,Middle East,Other Middle East
Polypropylene,EMEA,Middle East,,Middle East,Qatar
Polypropylene,EMEA,Middle East,,Middle East,Saudi Arabia
Polypropylene,EMEA,Middle East,,Middle East,United Arab Emirates
Propylene Oxide,AMER,Latin America and the Caribbean,Caribbean,Caribbean,Trinidad and Tobago
Propylene Oxide,AMER,Latin America and the Caribbean,Central America,Central America,Mexico
Propylene Oxide,AMER,Latin America and the Caribbean,Other Central and South America (Region),Other Central and South America (Region),Other Central and South America (Country)
Propylene Oxide,AMER,Latin America and the Caribbean,South America,South America,Argentina
Propylene Oxide,AMER,Latin America and the Caribbean,South America,South America,Bolivia
Propylene Oxide,AMER,Latin America and the Caribbean,South America,South America,Brazil
Propylene Oxide,AMER,Latin America and the Caribbean,South America,South America,Chile
Propylene Oxide,AMER,Latin America and the Caribbean,South America,South America,Colombia
Propylene Oxide,AMER,Latin America and the Caribbean,South America,South America,Ecuador
Propylene Oxide,AMER,Latin America and the Caribbean,South America,South America,Paraguay
Propylene Oxide,AMER,Latin America and the Caribbean,South America,South America,Peru
Propylene Oxide,AMER,Latin America and the Caribbean,South America,South America,Uruguay
Propylene Oxide,AMER,Latin America and the Caribbean,South America,South America,Venezuela
Propylene Oxide,AMER,North America,,North America,Canada
Propylene Oxide,AMER,North America,,North America,Other North America
Propylene Oxide,AMER,North America,,North America,United States
Propylene Oxide,APAC,Asia,Eastern Asia,Eastern Asia,China
Propylene Oxide,APAC,Asia,Eastern Asia,Eastern Asia,Hong Kong
Propylene Oxide,APAC,Asia,Eastern Asia,Eastern Asia,Japan
Propylene Oxide,APAC,Asia,Eastern Asia,Eastern Asia,Macao
Propylene Oxide,APAC,Asia,Eastern Asia,Eastern Asia,Other Northeast Asia ex China
Propylene Oxide,APAC,Asia,Eastern Asia,Eastern Asia,South Korea
Propylene Oxide,APAC,Asia,Eastern Asia,Eastern Asia,Taiwan
Propylene Oxide,APAC,Asia,South-eastern Asia,South-eastern Asia,Brunei Darussalam
Propylene Oxide,APAC,Asia,South-eastern Asia,South-eastern Asia,Indonesia
Propylene Oxide,APAC,Asia,South-eastern Asia,South-eastern Asia,Malaysia
Propylene Oxide,APAC,Asia,South-eastern Asia,South-eastern Asia,Myanmar
Propylene Oxide,APAC,Asia,South-eastern Asia,South-eastern Asia,Other Southeast Asia
Propylene Oxide,APAC,Asia,South-eastern Asia,South-eastern Asia,Philippines
Propylene Oxide,APAC,Asia,South-eastern Asia,South-eastern Asia,Singapore
Propylene Oxide,APAC,Asia,South-eastern Asia,South-eastern Asia,Thailand
Propylene Oxide,APAC,Asia,South-eastern Asia,South-eastern Asia,Vietnam
Propylene Oxide,APAC,Asia,Southern Asia,Southern Asia,Bangladesh
Propylene Oxide,APAC,Asia,Southern Asia,Southern Asia,India
Propylene Oxide,APAC,Asia,Southern Asia,Southern Asia,Other South Asia
Propylene Oxide,APAC,Asia,Southern Asia,Southern Asia,Pakistan
Propylene Oxide,APAC,Asia,Southern Asia,Southern Asia,Sri Lanka
Propylene Oxide,APAC,Oceania,Australia and New Zealand,Australia and New Zealand,Australia
Propylene Oxide,APAC,Oceania,Australia and New Zealand,Australia and New Zealand,New Zealand
Propylene Oxide,EMEA,Africa,Central Africa,Central Africa,Angola
Propylene Oxide,EMEA,Africa,Central Africa,Central Africa,Cameroon
Propylene Oxide,EMEA,Africa,Central Africa,Central Africa,Equatorial Guinea
Propylene Oxide,EMEA,Africa,Central Africa,Central Africa,Republic of the Congo
Propylene Oxide,EMEA,Africa,Eastern Africa,Eastern Africa,Ethiopia
Propylene Oxide,EMEA,Africa,Eastern Africa,Eastern Africa,Kenya
Propylene Oxide,EMEA,Africa,Eastern Africa,Eastern Africa,Tanzania
Propylene Oxide,EMEA,Africa,Eastern Africa,Eastern Africa,Uganda
Propylene Oxide,EMEA,Africa,Northern Africa,Northern Africa,Algeria
Propylene Oxide,EMEA,Africa,Northern Africa,Northern Africa,Egypt
Propylene Oxide,EMEA,Africa,Northern Africa,Northern Africa,Libya
Propylene Oxide,EMEA,Africa,Northern Africa,Northern Africa,Morocco
Propylene Oxide,EMEA,Africa,Northern Africa,Northern Africa,Tunisia
Propylene Oxide,EMEA,Africa,Other Africa (Region),Other Africa (Region),Other Africa (Country)
Propylene Oxide,EMEA,Africa,Southern Africa,Southern Africa,Mozambique
Propylene Oxide,EMEA,Africa,Southern Africa,Southern Africa,South Africa
Propylene Oxide,EMEA,Africa,Western Africa,Western Africa,Ghana
Propylene Oxide,EMEA,Africa,Western Africa,Western Africa,Nigeria
Propylene Oxide,EMEA,Eurasia,,Eurasia,Azerbaijan
Propylene Oxide,EMEA,Eurasia,,Eurasia,Belarus
Propylene Oxide,EMEA,Eurasia,,Eurasia,Kazakhstan
Propylene Oxide,EMEA,Eurasia,,Eurasia,Other Russia and CIS
Propylene Oxide,EMEA,Eurasia,,Eurasia,Russia
Propylene Oxide,EMEA,Eurasia,,Eurasia,Turkmenistan
Propylene Oxide,EMEA,Eurasia,,Eurasia,Ukraine
Propylene Oxide,EMEA,Eurasia,,Eurasia,Uzbekistan
Propylene Oxide,EMEA,Europe,Eastern Europe,Eastern Europe,Bulgaria
Propylene Oxide,EMEA,Europe,Eastern Europe,Eastern Europe,Czechia
Propylene Oxide,EMEA,Europe,Eastern Europe,Eastern Europe,Hungary
Propylene Oxide,EMEA,Europe,Eastern Europe,Eastern Europe,Poland
Propylene Oxide,EMEA,Europe,Eastern Europe,Eastern Europe,Romania
Propylene Oxide,EMEA,Europe,Eastern Europe,Eastern Europe,Slovakia
Propylene Oxide,EMEA,Europe,Northern Europe,Northern Europe,Denmark
Propylene Oxide,EMEA,Europe,Northern Europe,Northern Europe,Estonia
Propylene Oxide,EMEA,Europe,Northern Europe,Northern Europe,Finland
Propylene Oxide,EMEA,Europe,Northern Europe,Northern Europe,Latvia
Propylene Oxide,EMEA,Europe,Northern Europe,Northern Europe,Lithuania
Propylene Oxide,EMEA,Europe,Northern Europe,Northern Europe,Norway
Propylene Oxide,EMEA,Europe,Northern Europe,Northern Europe,Sweden
Propylene Oxide,EMEA,Europe,Northern Europe,Northern Europe,United Kingdom
Propylene Oxide,EMEA,Europe,Other Central and Eastern Europe (Region),Other Central and Eastern Europe (Region),Other Central and Eastern Europe (Country)
Propylene Oxide,EMEA,Europe,Southern Europe,Southern Europe,Croatia
Propylene Oxide,EMEA,Europe,Southern Europe,Southern Europe,Greece
Propylene Oxide,EMEA,Europe,Southern Europe,Southern Europe,Italy
Propylene Oxide,EMEA,Europe,Southern Europe,Southern Europe,Portugal
Propylene Oxide,EMEA,Europe,Southern Europe,Southern Europe,Serbia
Propylene Oxide,EMEA,Europe,Southern Europe,Southern Europe,Slovenia
Propylene Oxide,EMEA,Europe,Southern Europe,Southern Europe,Spain
Propylene Oxide,EMEA,Europe,Southern Europe,Southern Europe,Turkey
Propylene Oxide,EMEA,Europe,Western Europe,Western Europe,Austria
Propylene Oxide,EMEA,Europe,Western Europe,Western Europe,Belgium
Propylene Oxide,EMEA,Europe,Western Europe,Western Europe,France
Propylene Oxide,EMEA,Europe,Western Europe,Western Europe,Germany
Propylene Oxide,EMEA,Europe,Western Europe,Western Europe,Netherlands
Propylene Oxide,EMEA,Europe,Western Europe,Western Europe,Other Western Europe
Propylene Oxide,EMEA,Europe,Western Europe,Western Europe,Switzerland
Propylene Oxide,EMEA,Middle East,,Middle East,Bahrain
Propylene Oxide,EMEA,Middle East,,Middle East,Iran
Propylene Oxide,EMEA,Middle East,,Middle East,Iraq
Propylene Oxide,EMEA,Middle East,,Middle East,Israel
Propylene Oxide,EMEA,Middle East,,Middle East,Kuwait
Propylene Oxide,EMEA,Middle East,,Middle East,Oman
Propylene Oxide,EMEA,Middle East,,Middle East,Other Middle East
Propylene Oxide,EMEA,Middle East,,Middle East,Qatar
Propylene Oxide,EMEA,Middle East,,Middle East,Saudi Arabia
Propylene Oxide,EMEA,Middle East,,Middle East,United Arab Emirates
"Propylene, Chemical/Polymer-grade",AMER,Latin America and the Caribbean,Caribbean,Caribbean,Trinidad and Tobago
"Propylene, Chemical/Polymer-grade",AMER,Latin America and the Caribbean,Central America,Central America,Mexico
"Propylene, Chemical/Polymer-grade",AMER,Latin America and the Caribbean,Other Central and South America (Region),Other Central and South America (Region),Other Central and South America (Country)
"Propylene, Chemical/Polymer-grade",AMER,Latin America and the Caribbean,South America,South America,Argentina
"Propylene, Chemical/Polymer-grade",AMER,Latin America and the Caribbean,South America,South America,Bolivia
"Propylene, Chemical/Polymer-grade",AMER,Latin America and the Caribbean,South America,South America,Brazil
"Propylene, Chemical/Polymer-grade",AMER,Latin America and the Caribbean,South America,South America,Chile
"Propylene, Chemical/Polymer-grade",AMER,Latin America and the Caribbean,South America,South America,Colombia
"Propylene, Chemical/Polymer-grade",AMER,Latin America and the Caribbean,South America,South America,Ecuador
"Propylene, Chemical/Polymer-grade",AMER,Latin America and the Caribbean,South America,South America,Paraguay
"Propylene, Chemical/Polymer-grade",AMER,Latin America and the Caribbean,South America,South America,Peru
"Propylene, Chemical/Polymer-grade",AMER,Latin America and the Caribbean,South America,South America,Uruguay
"Propylene, Chemical/Polymer-grade",AMER,Latin America and the Caribbean,South America,South America,Venezuela
"Propylene, Chemical/Polymer-grade",AMER,North America,,North America,Canada
"Propylene, Chemical/Polymer-grade",AMER,North America,,North America,Other North America
"Propylene, Chemical/Polymer-grade",AMER,North America,,North America,United States
"Propylene, Chemical/Polymer-grade",APAC,Asia,Eastern Asia,Eastern Asia,China
"Propylene, Chemical/Polymer-grade",APAC,Asia,Eastern Asia,Eastern Asia,Hong Kong
"Propylene, Chemical/Polymer-grade",APAC,Asia,Eastern Asia,Eastern Asia,Japan
"Propylene, Chemical/Polymer-grade",APAC,Asia,Eastern Asia,Eastern Asia,Macao
"Propylene, Chemical/Polymer-grade",APAC,Asia,Eastern Asia,Eastern Asia,Other Northeast Asia ex China
"Propylene, Chemical/Polymer-grade",APAC,Asia,Eastern Asia,Eastern Asia,South Korea
"Propylene, Chemical/Polymer-grade",APAC,Asia,Eastern Asia,Eastern Asia,Taiwan
"Propylene, Chemical/Polymer-grade",APAC,Asia,South-eastern Asia,South-eastern Asia,Brunei Darussalam
"Propylene, Chemical/Polymer-grade",APAC,Asia,South-eastern Asia,South-eastern Asia,Indonesia
"Propylene, Chemical/Polymer-grade",APAC,Asia,South-eastern Asia,South-eastern Asia,Malaysia
"Propylene, Chemical/Polymer-grade",APAC,Asia,South-eastern Asia,South-eastern Asia,Myanmar
"Propylene, Chemical/Polymer-grade",APAC,Asia,South-eastern Asia,South-eastern Asia,Other Southeast Asia
"Propylene, Chemical/Polymer-grade",APAC,Asia,South-eastern Asia,South-eastern Asia,Philippines
"Propylene, Chemical/Polymer-grade",APAC,Asia,South-eastern Asia,South-eastern Asia,Singapore
"Propylene, Chemical/Polymer-grade",APAC,Asia,South-eastern Asia,South-eastern Asia,Thailand
"Propylene, Chemical/Polymer-grade",APAC,Asia,South-eastern Asia,South-eastern Asia,Vietnam
"Propylene, Chemical/Polymer-grade",APAC,Asia,Southern Asia,Southern Asia,Bangladesh
"Propylene, Chemical/Polymer-grade",APAC,Asia,Southern Asia,Southern Asia,India
"Propylene, Chemical/Polymer-grade",APAC,Asia,Southern Asia,Southern Asia,Other South Asia
"Propylene, Chemical/Polymer-grade",APAC,Asia,Southern Asia,Southern Asia,Pakistan
"Propylene, Chemical/Polymer-grade",APAC,Asia,Southern Asia,Southern Asia,Sri Lanka
"Propylene, Chemical/Polymer-grade",APAC,Oceania,Australia and New Zealand,Australia and New Zealand,Australia
"Propylene, Chemical/Polymer-grade",APAC,Oceania,Australia and New Zealand,Australia and New Zealand,New Zealand
"Propylene, Chemical/Polymer-grade",EMEA,Africa,Central Africa,Central Africa,Angola
"Propylene, Chemical/Polymer-grade",EMEA,Africa,Central Africa,Central Africa,Cameroon
"Propylene, Chemical/Polymer-grade",EMEA,Africa,Central Africa,Central Africa,Equatorial Guinea
"Propylene, Chemical/Polymer-grade",EMEA,Africa,Central Africa,Central Africa,Republic of the Congo
"Propylene, Chemical/Polymer-grade",EMEA,Africa,Eastern Africa,Eastern Africa,Ethiopia
"Propylene, Chemical/Polymer-grade",EMEA,Africa,Eastern Africa,Eastern Africa,Kenya
"Propylene, Chemical/Polymer-grade",EMEA,Africa,Eastern Africa,Eastern Africa,Tanzania
"Propylene, Chemical/Polymer-grade",EMEA,Africa,Eastern Africa,Eastern Africa,Uganda
"Propylene, Chemical/Polymer-grade",EMEA,Africa,Northern Africa,Northern Africa,Algeria
"Propylene, Chemical/Polymer-grade",EMEA,Africa,Northern Africa,Northern Africa,Egypt
"Propylene, Chemical/Polymer-grade",EMEA,Africa,Northern Africa,Northern Africa,Libya
"Propylene, Chemical/Polymer-grade",EMEA,Africa,Northern Africa,Northern Africa,Morocco
"Propylene, Chemical/Polymer-grade",EMEA,Africa,Northern Africa,Northern Africa,Tunisia
"Propylene, Chemical/Polymer-grade",EMEA,Africa,Other Africa (Region),Other Africa (Region),Other Africa (Country)
"Propylene, Chemical/Polymer-grade",EMEA,Africa,Southern Africa,Southern Africa,Mozambique
"Propylene, Chemical/Polymer-grade",EMEA,Africa,Southern Africa,Southern Africa,South Africa
"Propylene, Chemical/Polymer-grade",EMEA,Africa,Western Africa,Western Africa,Ghana
"Propylene, Chemical/Polymer-grade",EMEA,Africa,Western Africa,Western Africa,Nigeria
"Propylene, Chemical/Polymer-grade",EMEA,Eurasia,,Eurasia,Azerbaijan
"Propylene, Chemical/Polymer-grade",EMEA,Eurasia,,Eurasia,Belarus
"Propylene, Chemical/Polymer-grade",EMEA,Eurasia,,Eurasia,Kazakhstan
"Propylene, Chemical/Polymer-grade",EMEA,Eurasia,,Eurasia,Other Russia and CIS
"Propylene, Chemical/Polymer-grade",EMEA,Eurasia,,Eurasia,Russia
"Propylene, Chemical/Polymer-grade",EMEA,Eurasia,,Eurasia,Turkmenistan
"Propylene, Chemical/Polymer-grade",EMEA,Eurasia,,Eurasia,Ukraine
"Propylene, Chemical/Polymer-grade",EMEA,Eurasia,,Eurasia,Uzbekistan
"Propylene, Chemical/Polymer-grade",EMEA,Europe,Eastern Europe,Eastern Europe,Bulgaria
"Propylene, Chemical/Polymer-grade",EMEA,Europe,Eastern Europe,Eastern Europe,Czechia
"Propylene, Chemical/Polymer-grade",EMEA,Europe,Eastern Europe,Eastern Europe,Hungary
"Propylene, Chemical/Polymer-grade",EMEA,Europe,Eastern Europe,Eastern Europe,Poland
"Propylene, Chemical/Polymer-grade",EMEA,Europe,Eastern Europe,Eastern Europe,Romania
"Propylene, Chemical/Polymer-grade",EMEA,Europe,Eastern Europe,Eastern Europe,Slovakia
"Propylene, Chemical/Polymer-grade",EMEA,Europe,Northern Europe,Northern Europe,Denmark
"Propylene, Chemical/Polymer-grade",EMEA,Europe,Northern Europe,Northern Europe,Estonia
"Propylene, Chemical/Polymer-grade",EMEA,Europe,Northern Europe,Northern Europe,Finland
"Propylene, Chemical/Polymer-grade",EMEA,Europe,Northern Europe,Northern Europe,Latvia
"Propylene, Chemical/Polymer-grade",EMEA,Europe,Northern Europe,Northern Europe,Lithuania
"Propylene, Chemical/Polymer-grade",EMEA,Europe,Northern Europe,Northern Europe,Norway
"Propylene, Chemical/Polymer-grade",EMEA,Europe,Northern Europe,Northern Europe,Sweden
"Propylene, Chemical/Polymer-grade",EMEA,Europe,Northern Europe,Northern Europe,United Kingdom
"Propylene, Chemical/Polymer-grade",EMEA,Europe,Other Central and Eastern Europe (Region),Other Central and Eastern Europe (Region),Other Central and Eastern Europe (Country)
"Propylene, Chemical/Polymer-grade",EMEA,Europe,Southern Europe,Southern Europe,Croatia
"Propylene, Chemical/Polymer-grade",EMEA,Europe,Southern Europe,Southern Europe,Greece
"Propylene, Chemical/Polymer-grade",EMEA,Europe,Southern Europe,Southern Europe,Italy
"Propylene, Chemical/Polymer-grade",EMEA,Europe,Southern Europe,Southern Europe,Portugal
"Propylene, Chemical/Polymer-grade",EMEA,Europe,Southern Europe,Southern Europe,Serbia
"Propylene, Chemical/Polymer-grade",EMEA,Europe,Southern Europe,Southern Europe,Slovenia
"Propylene, Chemical/Polymer-grade",EMEA,Europe,Southern Europe,Southern Europe,Spain
"Propylene, Chemical/Polymer-grade",EMEA,Europe,Southern Europe,Southern Europe,Turkey
"Propylene, Chemical/Polymer-grade",EMEA,Europe,Western Europe,Western Europe,Austria
"Propylene, Chemical/Polymer-grade",EMEA,Europe,Western Europe,Western Europe,Belgium
"Propylene, Chemical/Polymer-grade",EMEA,Europe,Western Europe,Western Europe,France
"Propylene, Chemical/Polymer-grade",EMEA,Europe,Western Europe,Western Europe,Germany
"Propylene, Chemical/Polymer-grade",EMEA,Europe,Western Europe,Western Europe,Netherlands
"Propylene, Chemical/Polymer-grade",EMEA,Europe,Western Europe,Western Europe,Other Western Europe
"Propylene, Chemical/Polymer-grade",EMEA,Europe,Western Europe,Western Europe,Switzerland
"Propylene, Chemical/Polymer-grade",EMEA,Middle East,,Middle East,Bahrain
"Propylene, Chemical/Polymer-grade",EMEA,Middle East,,Middle East,Iran
"Propylene, Chemical/Polymer-grade",EMEA,Middle East,,Middle East,Iraq
"Propylene, Chemical/Polymer-grade",EMEA,Middle East,,Middle East,Israel
"Propylene, Chemical/Polymer-grade",EMEA,Middle East,,Middle East,Kuwait
"Propylene, Chemical/Polymer-grade",EMEA,Middle East,,Middle East,Oman
"Propylene, Chemical/Polymer-grade",EMEA,Middle East,,Middle East,Other Middle East
"Propylene, Chemical/Polymer-grade",EMEA,Middle East,,Middle East,Qatar
"Propylene, Chemical/Polymer-grade",EMEA,Middle East,,Middle East,Saudi Arabia
"Propylene, Chemical/Polymer-grade",EMEA,Middle East,,Middle East,United Arab Emirates
"Propylene, Refinery-grade",AMER,Latin America and the Caribbean,Caribbean,Caribbean,Trinidad and Tobago
"Propylene, Refinery-grade",AMER,Latin America and the Caribbean,Central America,Central America,Mexico
"Propylene, Refinery-grade",AMER,Latin America and the Caribbean,Other Central and South America (Region),Other Central and South America (Region),Other Central and South America (Country)
"Propylene, Refinery-grade",AMER,Latin America and the Caribbean,South America,South America,Argentina
"Propylene, Refinery-grade",AMER,Latin America and the Caribbean,South America,South America,Bolivia
"Propylene, Refinery-grade",AMER,Latin America and the Caribbean,South America,South America,Brazil
"Propylene, Refinery-grade",AMER,Latin America and the Caribbean,South America,South America,Chile
"Propylene, Refinery-grade",AMER,Latin America and the Caribbean,South America,South America,Colombia
"Propylene, Refinery-grade",AMER,Latin America and the Caribbean,South America,South America,Ecuador
"Propylene, Refinery-grade",AMER,Latin America and the Caribbean,South America,South America,Paraguay
"Propylene, Refinery-grade",AMER,Latin America and the Caribbean,South America,South America,Peru
"Propylene, Refinery-grade",AMER,Latin America and the Caribbean,South America,South America,Uruguay
"Propylene, Refinery-grade",AMER,Latin America and the Caribbean,South America,South America,Venezuela
"Propylene, Refinery-grade",AMER,North America,,North America,Canada
"Propylene, Refinery-grade",AMER,North America,,North America,Other North America
"Propylene, Refinery-grade",AMER,North America,,North America,United States
"Propylene, Refinery-grade",APAC,Asia,Eastern Asia,Eastern Asia,China
"Propylene, Refinery-grade",APAC,Asia,Eastern Asia,Eastern Asia,Hong Kong
"Propylene, Refinery-grade",APAC,Asia,Eastern Asia,Eastern Asia,Japan
"Propylene, Refinery-grade",APAC,Asia,Eastern Asia,Eastern Asia,Macao
"Propylene, Refinery-grade",APAC,Asia,Eastern Asia,Eastern Asia,Other Northeast Asia ex China
"Propylene, Refinery-grade",APAC,Asia,Eastern Asia,Eastern Asia,South Korea
"Propylene, Refinery-grade",APAC,Asia,Eastern Asia,Eastern Asia,Taiwan
"Propylene, Refinery-grade",APAC,Asia,South-eastern Asia,South-eastern Asia,Brunei Darussalam
"Propylene, Refinery-grade",APAC,Asia,South-eastern Asia,South-eastern Asia,Indonesia
"Propylene, Refinery-grade",APAC,Asia,South-eastern Asia,South-eastern Asia,Malaysia
"Propylene, Refinery-grade",APAC,Asia,South-eastern Asia,South-eastern Asia,Myanmar
"Propylene, Refinery-grade",APAC,Asia,South-eastern Asia,South-eastern Asia,Other Southeast Asia
"Propylene, Refinery-grade",APAC,Asia,South-eastern Asia,South-eastern Asia,Philippines
"Propylene, Refinery-grade",APAC,Asia,South-eastern Asia,South-eastern Asia,Singapore
"Propylene, Refinery-grade",APAC,Asia,South-eastern Asia,South-eastern Asia,Thailand
"Propylene, Refinery-grade",APAC,Asia,South-eastern Asia,South-eastern Asia,Vietnam
"Propylene, Refinery-grade",APAC,Asia,Southern Asia,Southern Asia,Bangladesh
"Propylene, Refinery-grade",APAC,Asia,Southern Asia,Southern Asia,India
"Propylene, Refinery-grade",APAC,Asia,Southern Asia,Southern Asia,Other South Asia
"Propylene, Refinery-grade",APAC,Asia,Southern Asia,Southern Asia,Pakistan
"Propylene, Refinery-grade",APAC,Asia,Southern Asia,Southern Asia,Sri Lanka
"Propylene, Refinery-grade",APAC,Oceania,Australia and New Zealand,Australia and New Zealand,Australia
"Propylene, Refinery-grade",APAC,Oceania,Australia and New Zealand,Australia and New Zealand,New Zealand
"Propylene, Refinery-grade",EMEA,Africa,Central Africa,Central Africa,Angola
"Propylene, Refinery-grade",EMEA,Africa,Central Africa,Central Africa,Cameroon
"Propylene, Refinery-grade",EMEA,Africa,Central Africa,Central Africa,Equatorial Guinea
"Propylene, Refinery-grade",EMEA,Africa,Central Africa,Central Africa,Republic of the Congo
"Propylene, Refinery-grade",EMEA,Africa,Eastern Africa,Eastern Africa,Ethiopia
"Propylene, Refinery-grade",EMEA,Africa,Eastern Africa,Eastern Africa,Kenya
"Propylene, Refinery-grade",EMEA,Africa,Eastern Africa,Eastern Africa,Tanzania
"Propylene, Refinery-grade",EMEA,Africa,Eastern Africa,Eastern Africa,Uganda
"Propylene, Refinery-grade",EMEA,Africa,Northern Africa,Northern Africa,Algeria
"Propylene, Refinery-grade",EMEA,Africa,Northern Africa,Northern Africa,Egypt
"Propylene, Refinery-grade",EMEA,Africa,Northern Africa,Northern Africa,Libya
"Propylene, Refinery-grade",EMEA,Africa,Northern Africa,Northern Africa,Morocco
"Propylene, Refinery-grade",EMEA,Africa,Northern Africa,Northern Africa,Tunisia
"Propylene, Refinery-grade",EMEA,Africa,Other Africa (Region),Other Africa (Region),Other Africa (Country)
"Propylene, Refinery-grade",EMEA,Africa,Southern Africa,Southern Africa,Mozambique
"Propylene, Refinery-grade",EMEA,Africa,Southern Africa,Southern Africa,South Africa
"Propylene, Refinery-grade",EMEA,Africa,Western Africa,Western Africa,Ghana
"Propylene, Refinery-grade",EMEA,Africa,Western Africa,Western Africa,Nigeria
"Propylene, Refinery-grade",EMEA,Eurasia,,Eurasia,Azerbaijan
"Propylene, Refinery-grade",EMEA,Eurasia,,Eurasia,Belarus
"Propylene, Refinery-grade",EMEA,Eurasia,,Eurasia,Kazakhstan
"Propylene, Refinery-grade",EMEA,Eurasia,,Eurasia,Other Russia and CIS
"Propylene, Refinery-grade",EMEA,Eurasia,,Eurasia,Russia
"Propylene, Refinery-grade",EMEA,Eurasia,,Eurasia,Turkmenistan
"Propylene, Refinery-grade",EMEA,Eurasia,,Eurasia,Ukraine
"Propylene, Refinery-grade",EMEA,Eurasia,,Eurasia,Uzbekistan
"Propylene, Refinery-grade",EMEA,Europe,Eastern Europe,Eastern Europe,Bulgaria
"Propylene, Refinery-grade",EMEA,Europe,Eastern Europe,Eastern Europe,Czechia
"Propylene, Refinery-grade",EMEA,Europe,Eastern Europe,Eastern Europe,Hungary
"Propylene, Refinery-grade",EMEA,Europe,Eastern Europe,Eastern Europe,Poland
"Propylene, Refinery-grade",EMEA,Europe,Eastern Europe,Eastern Europe,Romania
"Propylene, Refinery-grade",EMEA,Europe,Eastern Europe,Eastern Europe,Slovakia
"Propylene, Refinery-grade",EMEA,Europe,Northern Europe,Northern Europe,Denmark
"Propylene, Refinery-grade",EMEA,Europe,Northern Europe,Northern Europe,Estonia
"Propylene, Refinery-grade",EMEA,Europe,Northern Europe,Northern Europe,Finland
"Propylene, Refinery-grade",EMEA,Europe,Northern Europe,Northern Europe,Latvia
"Propylene, Refinery-grade",EMEA,Europe,Northern Europe,Northern Europe,Lithuania
"Propylene, Refinery-grade",EMEA,Europe,Northern Europe,Northern Europe,Norway
"Propylene, Refinery-grade",EMEA,Europe,Northern Europe,Northern Europe,Sweden
"Propylene, Refinery-grade",EMEA,Europe,Northern Europe,Northern Europe,United Kingdom
"Propylene, Refinery-grade",EMEA,Europe,Other Central and Eastern Europe (Region),Other Central and Eastern Europe (Region),Other Central and Eastern Europe (Country)
"Propylene, Refinery-grade",EMEA,Europe,Southern Europe,Southern Europe,Croatia
"Propylene, Refinery-grade",EMEA,Europe,Southern Europe,Southern Europe,Greece
"Propylene, Refinery-grade",EMEA,Europe,Southern Europe,Southern Europe,Italy
"Propylene, Refinery-grade",EMEA,Europe,Southern Europe,Southern Europe,Portugal
"Propylene, Refinery-grade",EMEA,Europe,Southern Europe,Southern Europe,Serbia
"Propylene, Refinery-grade",EMEA,Europe,Southern Europe,Southern Europe,Slovenia
"Propylene, Refinery-grade",EMEA,Europe,Southern Europe,Southern Europe,Spain
"Propylene, Refinery-grade",EMEA,Europe,Southern Europe,Southern Europe,Turkey
"Propylene, Refinery-grade",EMEA,Europe,Western Europe,Western Europe,Austria
"Propylene, Refinery-grade",EMEA,Europe,Western Europe,Western Europe,Belgium
"Propylene, Refinery-grade",EMEA,Europe,Western Europe,Western Europe,France
"Propylene, Refinery-grade",EMEA,Europe,Western Europe,Western Europe,Germany
"Propylene, Refinery-grade",EMEA,Europe,Western Europe,Western Europe,Netherlands
"Propylene, Refinery-grade",EMEA,Europe,Western Europe,Western Europe,Other Western Europe
"Propylene, Refinery-grade",EMEA,Europe,Western Europe,Western Europe,Switzerland
"Propylene, Refinery-grade",EMEA,Middle East,,Middle East,Bahrain
"Propylene, Refinery-grade",EMEA,Middle East,,Middle East,Iran
"Propylene, Refinery-grade",EMEA,Middle East,,Middle East,Iraq
"Propylene, Refinery-grade",EMEA,Middle East,,Middle East,Israel
"Propylene, Refinery-grade",EMEA,Middle East,,Middle East,Kuwait
"Propylene, Refinery-grade",EMEA,Middle East,,Middle East,Oman
"Propylene, Refinery-grade",EMEA,Middle East,,Middle East,Other Middle East
"Propylene, Refinery-grade",EMEA,Middle East,,Middle East,Qatar
"Propylene, Refinery-grade",EMEA,Middle East,,Middle East,Saudi Arabia
"Propylene, Refinery-grade",EMEA,Middle East,,Middle East,United Arab Emirates
Styrene,AMER,Latin America and the Caribbean,Caribbean,Caribbean,Trinidad and Tobago
Styrene,AMER,Latin America and the Caribbean,Central America,Central America,Mexico
Styrene,AMER,Latin America and the Caribbean,Other Central and South America (Region),Other Central and South America (Region),Other Central and South America (Country)
Styrene,AMER,Latin America and the Caribbean,South America,South America,Argentina
Styrene,AMER,Latin America and the Caribbean,South America,South America,Bolivia
Styrene,AMER,Latin America and the Caribbean,South America,South America,Brazil
Styrene,AMER,Latin America and the Caribbean,South America,South America,Chile
Styrene,AMER,Latin America and the Caribbean,South America,South America,Colombia
Styrene,AMER,Latin America and the Caribbean,South America,South America,Ecuador
Styrene,AMER,Latin America and the Caribbean,South America,South America,Paraguay
Styrene,AMER,Latin America and the Caribbean,South America,South America,Peru
Styrene,AMER,Latin America and the Caribbean,South America,South America,Uruguay
Styrene,AMER,Latin America and the Caribbean,South America,South America,Venezuela
Styrene,AMER,North America,,North America,Canada
Styrene,AMER,North America,,North America,Other North America
Styrene,AMER,North America,,North America,United States
Styrene,APAC,Asia,Eastern Asia,Eastern Asia,China
Styrene,APAC,Asia,Eastern Asia,Eastern Asia,Hong Kong
Styrene,APAC,Asia,Eastern Asia,Eastern Asia,Japan
Styrene,APAC,Asia,Eastern Asia,Eastern Asia,Macao
Styrene,APAC,Asia,Eastern Asia,Eastern Asia,Other Northeast Asia ex China
Styrene,APAC,Asia,Eastern Asia,Eastern Asia,South Korea
Styrene,APAC,Asia,Eastern Asia,Eastern Asia,Taiwan
Styrene,APAC,Asia,South-eastern Asia,South-eastern Asia,Brunei Darussalam
Styrene,APAC,Asia,South-eastern Asia,South-eastern Asia,Indonesia
Styrene,APAC,Asia,South-eastern Asia,South-eastern Asia,Malaysia
Styrene,APAC,Asia,South-eastern Asia,South-eastern Asia,Myanmar
Styrene,APAC,Asia,South-eastern Asia,South-eastern Asia,Other Southeast Asia
Styrene,APAC,Asia,South-eastern Asia,South-eastern Asia,Philippines
Styrene,APAC,Asia,South-eastern Asia,South-eastern Asia,Singapore
Styrene,APAC,Asia,South-eastern Asia,South-eastern Asia,Thailand
Styrene,APAC,Asia,South-eastern Asia,South-eastern Asia,Vietnam
Styrene,APAC,Asia,Southern Asia,Southern Asia,Bangladesh
Styrene,APAC,Asia,Southern Asia,Southern Asia,India
Styrene,APAC,Asia,Southern Asia,Southern Asia,Other South Asia
Styrene,APAC,Asia,Southern Asia,Southern Asia,Pakistan
Styrene,APAC,Asia,Southern Asia,Southern Asia,Sri Lanka
Styrene,APAC,Oceania,Australia and New Zealand,Australia and New Zealand,Australia
Styrene,APAC,Oceania,Australia and New Zealand,Australia and New Zealand,New Zealand
Styrene,EMEA,Africa,Central Africa,Central Africa,Angola
Styrene,EMEA,Africa,Central Africa,Central Africa,Cameroon
Styrene,EMEA,Africa,Central Africa,Central Africa,Equatorial Guinea
Styrene,EMEA,Africa,Central Africa,Central Africa,Republic of the Congo
Styrene,EMEA,Africa,Eastern Africa,Eastern Africa,Ethiopia
Styrene,EMEA,Africa,Eastern Africa,Eastern Africa,Kenya
Styrene,EMEA,Africa,Eastern Africa,Eastern Africa,Tanzania
Styrene,EMEA,Africa,Eastern Africa,Eastern Africa,Uganda
Styrene,EMEA,Africa,Northern Africa,Northern Africa,Algeria
Styrene,EMEA,Africa,Northern Africa,Northern Africa,Egypt
Styrene,EMEA,Africa,Northern Africa,Northern Africa,Libya
Styrene,EMEA,Africa,Northern Africa,Northern Africa,Morocco
Styrene,EMEA,Africa,Northern Africa,Northern Africa,Tunisia
Styrene,EMEA,Africa,Other Africa (Region),Other Africa (Region),Other Africa (Country)
Styrene,EMEA,Africa,Southern Africa,Southern Africa,Mozambique
Styrene,EMEA,Africa,Southern Africa,Southern Africa,South Africa
Styrene,EMEA,Africa,Western Africa,Western Africa,Ghana
Styrene,EMEA,Africa,Western Africa,Western Africa,Nigeria
Styrene,EMEA,Eurasia,,Eurasia,Azerbaijan
Styrene,EMEA,Eurasia,,Eurasia,Belarus
Styrene,EMEA,Eurasia,,Eurasia,Kazakhstan
Styrene,EMEA,Eurasia,,Eurasia,Other Russia and CIS
Styrene,EMEA,Eurasia,,Eurasia,Russia
Styrene,EMEA,Eurasia,,Eurasia,Turkmenistan
Styrene,EMEA,Eurasia,,Eurasia,Ukraine
Styrene,EMEA,Eurasia,,Eurasia,Uzbekistan
Styrene,EMEA,Europe,Eastern Europe,Eastern Europe,Bulgaria
Styrene,EMEA,Europe,Eastern Europe,Eastern Europe,Czechia
Styrene,EMEA,Europe,Eastern Europe,Eastern Europe,Hungary
Styrene,EMEA,Europe,Eastern Europe,Eastern Europe,Poland
Styrene,EMEA,Europe,Eastern Europe,Eastern Europe,Romania
Styrene,EMEA,Europe,Eastern Europe,Eastern Europe,Slovakia
Styrene,EMEA,Europe,Northern Europe,Northern Europe,Denmark
Styrene,EMEA,Europe,Northern Europe,Northern Europe,Estonia
Styrene,EMEA,Europe,Northern Europe,Northern Europe,Finland
Styrene,EMEA,Europe,Northern Europe,Northern Europe,Latvia
Styrene,EMEA,Europe,Northern Europe,Northern Europe,Lithuania
Styrene,EMEA,Europe,Northern Europe,Northern Europe,Norway
Styrene,EMEA,Europe,Northern Europe,Northern Europe,Sweden
Styrene,EMEA,Europe,Northern Europe,Northern Europe,United Kingdom
Styrene,EMEA,Europe,Other Central and Eastern Europe (Region),Other Central and Eastern Europe (Region),Other Central and Eastern Europe (Country)
Styrene,EMEA,Europe,Southern Europe,Southern Europe,Croatia
Styrene,EMEA,Europe,Southern Europe,Southern Europe,Greece
Styrene,EMEA,Europe,Southern Europe,Southern Europe,Italy
Styrene,EMEA,Europe,Southern Europe,Southern Europe,Portugal
Styrene,EMEA,Europe,Southern Europe,Southern Europe,Serbia
Styrene,EMEA,Europe,Southern Europe,Southern Europe,Slovenia
Styrene,EMEA,Europe,Southern Europe,Southern Europe,Spain
Styrene,EMEA,Europe,Southern Europe,Southern Europe,Turkey
Styrene,EMEA,Europe,Western Europe,Western Europe,Austria
Styrene,EMEA,Europe,Western Europe,Western Europe,Belgium
Styrene,EMEA,Europe,Western Europe,Western Europe,France
Styrene,EMEA,Europe,Western Europe,Western Europe,Germany
Styrene,EMEA,Europe,Western Europe,Western Europe,Netherlands
Styrene,EMEA,Europe,Western Europe,Western Europe,Other Western Europe
Styrene,EMEA,Europe,Western Europe,Western Europe,Switzerland
Styrene,EMEA,Middle East,,Middle East,Bahrain
Styrene,EMEA,Middle East,,Middle East,Iran
Styrene,EMEA,Middle East,,Middle East,Iraq
Styrene,EMEA,Middle East,,Middle East,Israel
Styrene,EMEA,Middle East,,Middle East,Kuwait
Styrene,EMEA,Middle East,,Middle East,Oman
Styrene,EMEA,Middle East,,Middle East,Other Middle East
Styrene,EMEA,Middle East,,Middle East,Qatar
Styrene,EMEA,Middle East,,Middle East,Saudi Arabia
Styrene,EMEA,Middle East,,Middle East,United Arab Emirates
Styrene Butadiene Latex,AMER,Latin America and the Caribbean,Caribbean,Caribbean,Trinidad and Tobago
Styrene Butadiene Latex,AMER,Latin America and the Caribbean,Central America,Central America,Mexico
Styrene Butadiene Latex,AMER,Latin America and the Caribbean,Other Central and South America (Region),Other Central and South America (Region),Other Central and South America (Country)
Styrene Butadiene Latex,AMER,Latin America and the Caribbean,South America,South America,Argentina
Styrene Butadiene Latex,AMER,Latin America and the Caribbean,South America,South America,Bolivia
Styrene Butadiene Latex,AMER,Latin America and the Caribbean,South America,South America,Brazil
Styrene Butadiene Latex,AMER,Latin America and the Caribbean,South America,South America,Chile
Styrene Butadiene Latex,AMER,Latin America and the Caribbean,South America,South America,Colombia
Styrene Butadiene Latex,AMER,Latin America and the Caribbean,South America,South America,Ecuador
Styrene Butadiene Latex,AMER,Latin America and the Caribbean,South America,South America,Paraguay
Styrene Butadiene Latex,AMER,Latin America and the Caribbean,South America,South America,Peru
Styrene Butadiene Latex,AMER,Latin America and the Caribbean,South America,South America,Uruguay
Styrene Butadiene Latex,AMER,Latin America and the Caribbean,South America,South America,Venezuela
Styrene Butadiene Latex,AMER,North America,,North America,Canada
Styrene Butadiene Latex,AMER,North America,,North America,Other North America
Styrene Butadiene Latex,AMER,North America,,North America,United States
Styrene Butadiene Latex,APAC,Asia,Eastern Asia,Eastern Asia,China
Styrene Butadiene Latex,APAC,Asia,Eastern Asia,Eastern Asia,Hong Kong
Styrene Butadiene Latex,APAC,Asia,Eastern Asia,Eastern Asia,Japan
Styrene Butadiene Latex,APAC,Asia,Eastern Asia,Eastern Asia,Macao
Styrene Butadiene Latex,APAC,Asia,Eastern Asia,Eastern Asia,Other Northeast Asia ex China
Styrene Butadiene Latex,APAC,Asia,Eastern Asia,Eastern Asia,South Korea
Styrene Butadiene Latex,APAC,Asia,Eastern Asia,Eastern Asia,Taiwan
Styrene Butadiene Latex,APAC,Asia,South-eastern Asia,South-eastern Asia,Brunei Darussalam
Styrene Butadiene Latex,APAC,Asia,South-eastern Asia,South-eastern Asia,Indonesia
Styrene Butadiene Latex,APAC,Asia,South-eastern Asia,South-eastern Asia,Malaysia
Styrene Butadiene Latex,APAC,Asia,South-eastern Asia,South-eastern Asia,Myanmar
Styrene Butadiene Latex,APAC,Asia,South-eastern Asia,South-eastern Asia,Other Southeast Asia
Styrene Butadiene Latex,APAC,Asia,South-eastern Asia,South-eastern Asia,Philippines
Styrene Butadiene Latex,APAC,Asia,South-eastern Asia,South-eastern Asia,Singapore
Styrene Butadiene Latex,APAC,Asia,South-eastern Asia,South-eastern Asia,Thailand
Styrene Butadiene Latex,APAC,Asia,South-eastern Asia,South-eastern Asia,Vietnam
Styrene Butadiene Latex,APAC,Asia,Southern Asia,Southern Asia,Bangladesh
Styrene Butadiene Latex,APAC,Asia,Southern Asia,Southern Asia,India
Styrene Butadiene Latex,APAC,Asia,Southern Asia,Southern Asia,Other South Asia
Styrene Butadiene Latex,APAC,Asia,Southern Asia,Southern Asia,Pakistan
Styrene Butadiene Latex,APAC,Asia,Southern Asia,Southern Asia,Sri Lanka
Styrene Butadiene Latex,APAC,Oceania,Australia and New Zealand,Australia and New Zealand,Australia
Styrene Butadiene Latex,APAC,Oceania,Australia and New Zealand,Australia and New Zealand,New Zealand
Styrene Butadiene Latex,EMEA,Africa,Central Africa,Central Africa,Angola
Styrene Butadiene Latex,EMEA,Africa,Central Africa,Central Africa,Cameroon
Styrene Butadiene Latex,EMEA,Africa,Central Africa,Central Africa,Equatorial Guinea
Styrene Butadiene Latex,EMEA,Africa,Central Africa,Central Africa,Republic of the Congo
Styrene Butadiene Latex,EMEA,Africa,Eastern Africa,Eastern Africa,Ethiopia
Styrene Butadiene Latex,EMEA,Africa,Eastern Africa,Eastern Africa,Kenya
Styrene Butadiene Latex,EMEA,Africa,Eastern Africa,Eastern Africa,Tanzania
Styrene Butadiene Latex,EMEA,Africa,Eastern Africa,Eastern Africa,Uganda
Styrene Butadiene Latex,EMEA,Africa,Northern Africa,Northern Africa,Algeria
Styrene Butadiene Latex,EMEA,Africa,Northern Africa,Northern Africa,Egypt
Styrene Butadiene Latex,EMEA,Africa,Northern Africa,Northern Africa,Libya
Styrene Butadiene Latex,EMEA,Africa,Northern Africa,Northern Africa,Morocco
Styrene Butadiene Latex,EMEA,Africa,Northern Africa,Northern Africa,Tunisia
Styrene Butadiene Latex,EMEA,Africa,Other Africa (Region),Other Africa (Region),Other Africa (Country)
Styrene Butadiene Latex,EMEA,Africa,Southern Africa,Southern Africa,Mozambique
Styrene Butadiene Latex,EMEA,Africa,Southern Africa,Southern Africa,South Africa
Styrene Butadiene Latex,EMEA,Africa,Western Africa,Western Africa,Ghana
Styrene Butadiene Latex,EMEA,Africa,Western Africa,Western Africa,Nigeria
Styrene Butadiene Latex,EMEA,Eurasia,,Eurasia,Azerbaijan
Styrene Butadiene Latex,EMEA,Eurasia,,Eurasia,Belarus
Styrene Butadiene Latex,EMEA,Eurasia,,Eurasia,Kazakhstan
Styrene Butadiene Latex,EMEA,Eurasia,,Eurasia,Other Russia and CIS
Styrene Butadiene Latex,EMEA,Eurasia,,Eurasia,Russia
Styrene Butadiene Latex,EMEA,Eurasia,,Eurasia,Turkmenistan
Styrene Butadiene Latex,EMEA,Eurasia,,Eurasia,Ukraine
Styrene Butadiene Latex,EMEA,Eurasia,,Eurasia,Uzbekistan
Styrene Butadiene Latex,EMEA,Europe,Eastern Europe,Eastern Europe,Bulgaria
Styrene Butadiene Latex,EMEA,Europe,Eastern Europe,Eastern Europe,Czechia
Styrene Butadiene Latex,EMEA,Europe,Eastern Europe,Eastern Europe,Hungary
Styrene Butadiene Latex,EMEA,Europe,Eastern Europe,Eastern Europe,Poland
Styrene Butadiene Latex,EMEA,Europe,Eastern Europe,Eastern Europe,Romania
Styrene Butadiene Latex,EMEA,Europe,Eastern Europe,Eastern Europe,Slovakia
Styrene Butadiene Latex,EMEA,Europe,Northern Europe,Northern Europe,Denmark
Styrene Butadiene Latex,EMEA,Europe,Northern Europe,Northern Europe,Estonia
Styrene Butadiene Latex,EMEA,Europe,Northern Europe,Northern Europe,Finland
Styrene Butadiene Latex,EMEA,Europe,Northern Europe,Northern Europe,Latvia
Styrene Butadiene Latex,EMEA,Europe,Northern Europe,Northern Europe,Lithuania
Styrene Butadiene Latex,EMEA,Europe,Northern Europe,Northern Europe,Norway
Styrene Butadiene Latex,EMEA,Europe,Northern Europe,Northern Europe,Sweden
Styrene Butadiene Latex,EMEA,Europe,Northern Europe,Northern Europe,United Kingdom
Styrene Butadiene Latex,EMEA,Europe,Other Central and Eastern Europe (Region),Other Central and Eastern Europe (Region),Other Central and Eastern Europe (Country)
Styrene Butadiene Latex,EMEA,Europe,Southern Europe,Southern Europe,Croatia
Styrene Butadiene Latex,EMEA,Europe,Southern Europe,Southern Europe,Greece
Styrene Butadiene Latex,EMEA,Europe,Southern Europe,Southern Europe,Italy
Styrene Butadiene Latex,EMEA,Europe,Southern Europe,Southern Europe,Portugal
Styrene Butadiene Latex,EMEA,Europe,Southern Europe,Southern Europe,Serbia
Styrene Butadiene Latex,EMEA,Europe,Southern Europe,Southern Europe,Slovenia
Styrene Butadiene Latex,EMEA,Europe,Southern Europe,Southern Europe,Spain
Styrene Butadiene Latex,EMEA,Europe,Southern Europe,Southern Europe,Turkey
Styrene Butadiene Latex,EMEA,Europe,Western Europe,Western Europe,Austria
Styrene Butadiene Latex,EMEA,Europe,Western Europe,Western Europe,Belgium
Styrene Butadiene Latex,EMEA,Europe,Western Europe,Western Europe,France
Styrene Butadiene Latex,EMEA,Europe,Western Europe,Western Europe,Germany
Styrene Butadiene Latex,EMEA,Europe,Western Europe,Western Europe,Netherlands
Styrene Butadiene Latex,EMEA,Europe,Western Europe,Western Europe,Other Western Europe
Styrene Butadiene Latex,EMEA,Europe,Western Europe,Western Europe,Switzerland
Styrene Butadiene Latex,EMEA,Middle East,,Middle East,Bahrain
Styrene Butadiene Latex,EMEA,Middle East,,Middle East,Iran
Styrene Butadiene Latex,EMEA,Middle East,,Middle East,Iraq
Styrene Butadiene Latex,EMEA,Middle East,,Middle East,Israel
Styrene Butadiene Latex,EMEA,Middle East,,Middle East,Kuwait
Styrene Butadiene Latex,EMEA,Middle East,,Middle East,Oman
Styrene Butadiene Latex,EMEA,Middle East,,Middle East,Other Middle East
Styrene Butadiene Latex,EMEA,Middle East,,Middle East,Qatar
Styrene Butadiene Latex,EMEA,Middle East,,Middle East,Saudi Arabia
Styrene Butadiene Latex,EMEA,Middle East,,Middle East,United Arab Emirates
Terephthalic Acid,AMER,Latin America and the Caribbean,Caribbean,Caribbean,Trinidad and Tobago
Terephthalic Acid,AMER,Latin America and the Caribbean,Central America,Central America,Mexico
Terephthalic Acid,AMER,Latin America and the Caribbean,Other Central and South America (Region),Other Central and South America (Region),Other Central and South America (Country)
Terephthalic Acid,AMER,Latin America and the Caribbean,South America,South America,Argentina
Terephthalic Acid,AMER,Latin America and the Caribbean,South America,South America,Bolivia
Terephthalic Acid,AMER,Latin America and the Caribbean,South America,South America,Brazil
Terephthalic Acid,AMER,Latin America and the Caribbean,South America,South America,Chile
Terephthalic Acid,AMER,Latin America and the Caribbean,South America,South America,Colombia
Terephthalic Acid,AMER,Latin America and the Caribbean,South America,South America,Ecuador
Terephthalic Acid,AMER,Latin America and the Caribbean,South America,South America,Paraguay
Terephthalic Acid,AMER,Latin America and the Caribbean,South America,South America,Peru
Terephthalic Acid,AMER,Latin America and the Caribbean,South America,South America,Uruguay
Terephthalic Acid,AMER,Latin America and the Caribbean,South America,South America,Venezuela
Terephthalic Acid,AMER,North America,,North America,Canada
Terephthalic Acid,AMER,North America,,North America,Other North America
Terephthalic Acid,AMER,North America,,North America,United States
Terephthalic Acid,APAC,Asia,Eastern Asia,Eastern Asia,China
Terephthalic Acid,APAC,Asia,Eastern Asia,Eastern Asia,Hong Kong
Terephthalic Acid,APAC,Asia,Eastern Asia,Eastern Asia,Japan
Terephthalic Acid,APAC,Asia,Eastern Asia,Eastern Asia,Macao
Terephthalic Acid,APAC,Asia,Eastern Asia,Eastern Asia,Other Northeast Asia ex China
Terephthalic Acid,APAC,Asia,Eastern Asia,Eastern Asia,South Korea
Terephthalic Acid,APAC,Asia,Eastern Asia,Eastern Asia,Taiwan
Terephthalic Acid,APAC,Asia,South-eastern Asia,South-eastern Asia,Brunei Darussalam
Terephthalic Acid,APAC,Asia,South-eastern Asia,South-eastern Asia,Indonesia
Terephthalic Acid,APAC,Asia,South-eastern Asia,South-eastern Asia,Malaysia
Terephthalic Acid,APAC,Asia,South-eastern Asia,South-eastern Asia,Myanmar
Terephthalic Acid,APAC,Asia,South-eastern Asia,South-eastern Asia,Other Southeast Asia
Terephthalic Acid,APAC,Asia,South-eastern Asia,South-eastern Asia,Philippines
Terephthalic Acid,APAC,Asia,South-eastern Asia,South-eastern Asia,Singapore
Terephthalic Acid,APAC,Asia,South-eastern Asia,South-eastern Asia,Thailand
Terephthalic Acid,APAC,Asia,South-eastern Asia,South-eastern Asia,Vietnam
Terephthalic Acid,APAC,Asia,Southern Asia,Southern Asia,Bangladesh
Terephthalic Acid,APAC,Asia,Southern Asia,Southern Asia,India
Terephthalic Acid,APAC,Asia,Southern Asia,Southern Asia,Other South Asia
Terephthalic Acid,APAC,Asia,Southern Asia,Southern Asia,Pakistan
Terephthalic Acid,APAC,Asia,Southern Asia,Southern Asia,Sri Lanka
Terephthalic Acid,APAC,Oceania,Australia and New Zealand,Australia and New Zealand,Australia
Terephthalic Acid,APAC,Oceania,Australia and New Zealand,Australia and New Zealand,New Zealand
Terephthalic Acid,EMEA,Africa,Central Africa,Central Africa,Angola
Terephthalic Acid,EMEA,Africa,Central Africa,Central Africa,Cameroon
Terephthalic Acid,EMEA,Africa,Central Africa,Central Africa,Equatorial Guinea
Terephthalic Acid,EMEA,Africa,Central Africa,Central Africa,Republic of the Congo
Terephthalic Acid,EMEA,Africa,Eastern Africa,Eastern Africa,Ethiopia
Terephthalic Acid,EMEA,Africa,Eastern Africa,Eastern Africa,Kenya
Terephthalic Acid,EMEA,Africa,Eastern Africa,Eastern Africa,Tanzania
Terephthalic Acid,EMEA,Africa,Eastern Africa,Eastern Africa,Uganda
Terephthalic Acid,EMEA,Africa,Northern Africa,Northern Africa,Algeria
Terephthalic Acid,EMEA,Africa,Northern Africa,Northern Africa,Egypt
Terephthalic Acid,EMEA,Africa,Northern Africa,Northern Africa,Libya
Terephthalic Acid,EMEA,Africa,Northern Africa,Northern Africa,Morocco
Terephthalic Acid,EMEA,Africa,Northern Africa,Northern Africa,Tunisia
Terephthalic Acid,EMEA,Africa,Other Africa (Region),Other Africa (Region),Other Africa (Country)
Terephthalic Acid,EMEA,Africa,Southern Africa,Southern Africa,Mozambique
Terephthalic Acid,EMEA,Africa,Southern Africa,Southern Africa,South Africa
Terephthalic Acid,EMEA,Africa,Western Africa,Western Africa,Ghana
Terephthalic Acid,EMEA,Africa,Western Africa,Western Africa,Nigeria
Terephthalic Acid,EMEA,Eurasia,,Eurasia,Azerbaijan
Terephthalic Acid,EMEA,Eurasia,,Eurasia,Belarus
Terephthalic Acid,EMEA,Eurasia,,Eurasia,Kazakhstan
Terephthalic Acid,EMEA,Eurasia,,Eurasia,Other Russia and CIS
Terephthalic Acid,EMEA,Eurasia,,Eurasia,Russia
Terephthalic Acid,EMEA,Eurasia,,Eurasia,Turkmenistan
Terephthalic Acid,EMEA,Eurasia,,Eurasia,Ukraine
Terephthalic Acid,EMEA,Eurasia,,Eurasia,Uzbekistan
Terephthalic Acid,EMEA,Europe,Eastern Europe,Eastern Europe,Bulgaria
Terephthalic Acid,EMEA,Europe,Eastern Europe,Eastern Europe,Czechia
Terephthalic Acid,EMEA,Europe,Eastern Europe,Eastern Europe,Hungary
Terephthalic Acid,EMEA,Europe,Eastern Europe,Eastern Europe,Poland
Terephthalic Acid,EMEA,Europe,Eastern Europe,Eastern Europe,Romania
Terephthalic Acid,EMEA,Europe,Eastern Europe,Eastern Europe,Slovakia
Terephthalic Acid,EMEA,Europe,Northern Europe,Northern Europe,Denmark
Terephthalic Acid,EMEA,Europe,Northern Europe,Northern Europe,Estonia
Terephthalic Acid,EMEA,Europe,Northern Europe,Northern Europe,Finland
Terephthalic Acid,EMEA,Europe,Northern Europe,Northern Europe,Latvia
Terephthalic Acid,EMEA,Europe,Northern Europe,Northern Europe,Lithuania
Terephthalic Acid,EMEA,Europe,Northern Europe,Northern Europe,Norway
Terephthalic Acid,EMEA,Europe,Northern Europe,Northern Europe,Sweden
Terephthalic Acid,EMEA,Europe,Northern Europe,Northern Europe,United Kingdom
Terephthalic Acid,EMEA,Europe,Other Central and Eastern Europe (Region),Other Central and Eastern Europe (Region),Other Central and Eastern Europe (Country)
Terephthalic Acid,EMEA,Europe,Southern Europe,Southern Europe,Croatia
Terephthalic Acid,EMEA,Europe,Southern Europe,Southern Europe,Greece
Terephthalic Acid,EMEA,Europe,Southern Europe,Southern Europe,Italy
Terephthalic Acid,EMEA,Europe,Southern Europe,Southern Europe,Portugal
Terephthalic Acid,EMEA,Europe,Southern Europe,Southern Europe,Serbia
Terephthalic Acid,EMEA,Europe,Southern Europe,Southern Europe,Slovenia
Terephthalic Acid,EMEA,Europe,Southern Europe,Southern Europe,Spain
Terephthalic Acid,EMEA,Europe,Southern Europe,Southern Europe,Turkey
Terephthalic Acid,EMEA,Europe,Western Europe,Western Europe,Austria
Terephthalic Acid,EMEA,Europe,Western Europe,Western Europe,Belgium
Terephthalic Acid,EMEA,Europe,Western Europe,Western Europe,France
Terephthalic Acid,EMEA,Europe,Western Europe,Western Europe,Germany
Terephthalic Acid,EMEA,Europe,Western Europe,Western Europe,Netherlands
Terephthalic Acid,EMEA,Europe,Western Europe,Western Europe,Other Western Europe
Terephthalic Acid,EMEA,Europe,Western Europe,Western Europe,Switzerland
Terephthalic Acid,EMEA,Middle East,,Middle East,Bahrain
Terephthalic Acid,EMEA,Middle East,,Middle East,Iran
Terephthalic Acid,EMEA,Middle East,,Middle East,Iraq
Terephthalic Acid,EMEA,Middle East,,Middle East,Israel
Terephthalic Acid,EMEA,Middle East,,Middle East,Kuwait
Terephthalic Acid,EMEA,Middle East,,Middle East,Oman
Terephthalic Acid,EMEA,Middle East,,Middle East,Other Middle East
Terephthalic Acid,EMEA,Middle East,,Middle East,Qatar
Terephthalic Acid,EMEA,Middle East,,Middle East,Saudi Arabia
Terephthalic Acid,EMEA,Middle East,,Middle East,United Arab Emirates
Toluene,AMER,Latin America and the Caribbean,Caribbean,Caribbean,Trinidad and Tobago
Toluene,AMER,Latin America and the Caribbean,Central America,Central America,Mexico
Toluene,AMER,Latin America and the Caribbean,Other Central and South America (Region),Other Central and South America (Region),Other Central and South America (Country)
Toluene,AMER,Latin America and the Caribbean,South America,South America,Argentina
Toluene,AMER,Latin America and the Caribbean,South America,South America,Bolivia
Toluene,AMER,Latin America and the Caribbean,South America,South America,Brazil
Toluene,AMER,Latin America and the Caribbean,South America,South America,Chile
Toluene,AMER,Latin America and the Caribbean,South America,South America,Colombia
Toluene,AMER,Latin America and the Caribbean,South America,South America,Ecuador
Toluene,AMER,Latin America and the Caribbean,South America,South America,Paraguay
Toluene,AMER,Latin America and the Caribbean,South America,South America,Peru
Toluene,AMER,Latin America and the Caribbean,South America,South America,Uruguay
Toluene,AMER,Latin America and the Caribbean,South America,South America,Venezuela
Toluene,AMER,North America,,North America,Canada
Toluene,AMER,North America,,North America,Other North America
Toluene,AMER,North America,,North America,United States
Toluene,APAC,Asia,Eastern Asia,Eastern Asia,China
Toluene,APAC,Asia,Eastern Asia,Eastern Asia,Hong Kong
Toluene,APAC,Asia,Eastern Asia,Eastern Asia,Japan
Toluene,APAC,Asia,Eastern Asia,Eastern Asia,Macao
Toluene,APAC,Asia,Eastern Asia,Eastern Asia,Other Northeast Asia ex China
Toluene,APAC,Asia,Eastern Asia,Eastern Asia,South Korea
Toluene,APAC,Asia,Eastern Asia,Eastern Asia,Taiwan
Toluene,APAC,Asia,South-eastern Asia,South-eastern Asia,Brunei Darussalam
Toluene,APAC,Asia,South-eastern Asia,South-eastern Asia,Indonesia
Toluene,APAC,Asia,South-eastern Asia,South-eastern Asia,Malaysia
Toluene,APAC,Asia,South-eastern Asia,South-eastern Asia,Myanmar
Toluene,APAC,Asia,South-eastern Asia,South-eastern Asia,Other Southeast Asia
Toluene,APAC,Asia,South-eastern Asia,South-eastern Asia,Philippines
Toluene,APAC,Asia,South-eastern Asia,South-eastern Asia,Singapore
Toluene,APAC,Asia,South-eastern Asia,South-eastern Asia,Thailand
Toluene,APAC,Asia,South-eastern Asia,South-eastern Asia,Vietnam
Toluene,APAC,Asia,Southern Asia,Southern Asia,Bangladesh
Toluene,APAC,Asia,Southern Asia,Southern Asia,India
Toluene,APAC,Asia,Southern Asia,Southern Asia,Other South Asia
Toluene,APAC,Asia,Southern Asia,Southern Asia,Pakistan
Toluene,APAC,Asia,Southern Asia,Southern Asia,Sri Lanka
Toluene,APAC,Oceania,Australia and New Zealand,Australia and New Zealand,Australia
Toluene,APAC,Oceania,Australia and New Zealand,Australia and New Zealand,New Zealand
Toluene,EMEA,Africa,Central Africa,Central Africa,Angola
Toluene,EMEA,Africa,Central Africa,Central Africa,Cameroon
Toluene,EMEA,Africa,Central Africa,Central Africa,Equatorial Guinea
Toluene,EMEA,Africa,Central Africa,Central Africa,Republic of the Congo
Toluene,EMEA,Africa,Eastern Africa,Eastern Africa,Ethiopia
Toluene,EMEA,Africa,Eastern Africa,Eastern Africa,Kenya
Toluene,EMEA,Africa,Eastern Africa,Eastern Africa,Tanzania
Toluene,EMEA,Africa,Eastern Africa,Eastern Africa,Uganda
Toluene,EMEA,Africa,Northern Africa,Northern Africa,Algeria
Toluene,EMEA,Africa,Northern Africa,Northern Africa,Egypt
Toluene,EMEA,Africa,Northern Africa,Northern Africa,Libya
Toluene,EMEA,Africa,Northern Africa,Northern Africa,Morocco
Toluene,EMEA,Africa,Northern Africa,Northern Africa,Tunisia
Toluene,EMEA,Africa,Other Africa (Region),Other Africa (Region),Other Africa (Country)
Toluene,EMEA,Africa,Southern Africa,Southern Africa,Mozambique
Toluene,EMEA,Africa,Southern Africa,Southern Africa,South Africa
Toluene,EMEA,Africa,Western Africa,Western Africa,Ghana
Toluene,EMEA,Africa,Western Africa,Western Africa,Nigeria
Toluene,EMEA,Eurasia,,Eurasia,Azerbaijan
Toluene,EMEA,Eurasia,,Eurasia,Belarus
Toluene,EMEA,Eurasia,,Eurasia,Kazakhstan
Toluene,EMEA,Eurasia,,Eurasia,Other Russia and CIS
Toluene,EMEA,Eurasia,,Eurasia,Russia
Toluene,EMEA,Eurasia,,Eurasia,Turkmenistan
Toluene,EMEA,Eurasia,,Eurasia,Ukraine
Toluene,EMEA,Eurasia,,Eurasia,Uzbekistan
Toluene,EMEA,Europe,Eastern Europe,Eastern Europe,Bulgaria
Toluene,EMEA,Europe,Eastern Europe,Eastern Europe,Czechia
Toluene,EMEA,Europe,Eastern Europe,Eastern Europe,Hungary
Toluene,EMEA,Europe,Eastern Europe,Eastern Europe,Poland
Toluene,EMEA,Europe,Eastern Europe,Eastern Europe,Romania
Toluene,EMEA,Europe,Eastern Europe,Eastern Europe,Slovakia
Toluene,EMEA,Europe,Northern Europe,Northern Europe,Denmark
Toluene,EMEA,Europe,Northern Europe,Northern Europe,Estonia
Toluene,EMEA,Europe,Northern Europe,Northern Europe,Finland
Toluene,EMEA,Europe,Northern Europe,Northern Europe,Latvia
Toluene,EMEA,Europe,Northern Europe,Northern Europe,Lithuania
Toluene,EMEA,Europe,Northern Europe,Northern Europe,Norway
Toluene,EMEA,Europe,Northern Europe,Northern Europe,Sweden
Toluene,EMEA,Europe,Northern Europe,Northern Europe,United Kingdom
Toluene,EMEA,Europe,Other Central and Eastern Europe (Region),Other Central and Eastern Europe (Region),Other Central and Eastern Europe (Country)
Toluene,EMEA,Europe,Southern Europe,Southern Europe,Croatia
Toluene,EMEA,Europe,Southern Europe,Southern Europe,Greece
Toluene,EMEA,Europe,Southern Europe,Southern Europe,Italy
Toluene,EMEA,Europe,Southern Europe,Southern Europe,Portugal
Toluene,EMEA,Europe,Southern Europe,Southern Europe,Serbia
Toluene,EMEA,Europe,Southern Europe,Southern Europe,Slovenia
Toluene,EMEA,Europe,Southern Europe,Southern Europe,Spain
Toluene,EMEA,Europe,Southern Europe,Southern Europe,Turkey
Toluene,EMEA,Europe,Western Europe,Western Europe,Austria
Toluene,EMEA,Europe,Western Europe,Western Europe,Belgium
Toluene,EMEA,Europe,Western Europe,Western Europe,France
Toluene,EMEA,Europe,Western Europe,Western Europe,Germany
Toluene,EMEA,Europe,Western Europe,Western Europe,Netherlands
Toluene,EMEA,Europe,Western Europe,Western Europe,Other Western Europe
Toluene,EMEA,Europe,Western Europe,Western Europe,Switzerland
Toluene,EMEA,Middle East,,Middle East,Bahrain
Toluene,EMEA,Middle East,,Middle East,Iran
Toluene,EMEA,Middle East,,Middle East,Iraq
Toluene,EMEA,Middle East,,Middle East,Israel
Toluene,EMEA,Middle East,,Middle East,Kuwait
Toluene,EMEA,Middle East,,Middle East,Oman
Toluene,EMEA,Middle East,,Middle East,Other Middle East
Toluene,EMEA,Middle East,,Middle East,Qatar
Toluene,EMEA,Middle East,,Middle East,Saudi Arabia
Toluene,EMEA,Middle East,,Middle East,United Arab Emirates
Toluene Diisocyanate,AMER,Latin America and the Caribbean,Caribbean,Caribbean,Trinidad and Tobago
Toluene Diisocyanate,AMER,Latin America and the Caribbean,Central America,Central America,Mexico
Toluene Diisocyanate,AMER,Latin America and the Caribbean,Other Central and South America (Region),Other Central and South America (Region),Other Central and South America (Country)
Toluene Diisocyanate,AMER,Latin America and the Caribbean,South America,South America,Argentina
Toluene Diisocyanate,AMER,Latin America and the Caribbean,South America,South America,Bolivia
Toluene Diisocyanate,AMER,Latin America and the Caribbean,South America,South America,Brazil
Toluene Diisocyanate,AMER,Latin America and the Caribbean,South America,South America,Chile
Toluene Diisocyanate,AMER,Latin America and the Caribbean,South America,South America,Colombia
Toluene Diisocyanate,AMER,Latin America and the Caribbean,South America,South America,Ecuador
Toluene Diisocyanate,AMER,Latin America and the Caribbean,South America,South America,Paraguay
Toluene Diisocyanate,AMER,Latin America and the Caribbean,South America,South America,Peru
Toluene Diisocyanate,AMER,Latin America and the Caribbean,South America,South America,Uruguay
Toluene Diisocyanate,AMER,Latin America and the Caribbean,South America,South America,Venezuela
Toluene Diisocyanate,AMER,North America,,North America,Canada
Toluene Diisocyanate,AMER,North America,,North America,Other North America
Toluene Diisocyanate,AMER,North America,,North America,United States
Toluene Diisocyanate,APAC,Asia,Eastern Asia,Eastern Asia,China
Toluene Diisocyanate,APAC,Asia,Eastern Asia,Eastern Asia,Hong Kong
Toluene Diisocyanate,APAC,Asia,Eastern Asia,Eastern Asia,Japan
Toluene Diisocyanate,APAC,Asia,Eastern Asia,Eastern Asia,Macao
Toluene Diisocyanate,APAC,Asia,Eastern Asia,Eastern Asia,Other Northeast Asia ex China
Toluene Diisocyanate,APAC,Asia,Eastern Asia,Eastern Asia,South Korea
Toluene Diisocyanate,APAC,Asia,Eastern Asia,Eastern Asia,Taiwan
Toluene Diisocyanate,APAC,Asia,South-eastern Asia,South-eastern Asia,Brunei Darussalam
Toluene Diisocyanate,APAC,Asia,South-eastern Asia,South-eastern Asia,Indonesia
Toluene Diisocyanate,APAC,Asia,South-eastern Asia,South-eastern Asia,Malaysia
Toluene Diisocyanate,APAC,Asia,South-eastern Asia,South-eastern Asia,Myanmar
Toluene Diisocyanate,APAC,Asia,South-eastern Asia,South-eastern Asia,Other Southeast Asia
Toluene Diisocyanate,APAC,Asia,South-eastern Asia,South-eastern Asia,Philippines
Toluene Diisocyanate,APAC,Asia,South-eastern Asia,South-eastern Asia,Singapore
Toluene Diisocyanate,APAC,Asia,South-eastern Asia,South-eastern Asia,Thailand
Toluene Diisocyanate,APAC,Asia,South-eastern Asia,South-eastern Asia,Vietnam
Toluene Diisocyanate,APAC,Asia,Southern Asia,Southern Asia,Bangladesh
Toluene Diisocyanate,APAC,Asia,Southern Asia,Southern Asia,India
Toluene Diisocyanate,APAC,Asia,Southern Asia,Southern Asia,Other South Asia
Toluene Diisocyanate,APAC,Asia,Southern Asia,Southern Asia,Pakistan
Toluene Diisocyanate,APAC,Asia,Southern Asia,Southern Asia,Sri Lanka
Toluene Diisocyanate,APAC,Oceania,Australia and New Zealand,Australia and New Zealand,Australia
Toluene Diisocyanate,APAC,Oceania,Australia and New Zealand,Australia and New Zealand,New Zealand
Toluene Diisocyanate,EMEA,Africa,Central Africa,Central Africa,Angola
Toluene Diisocyanate,EMEA,Africa,Central Africa,Central Africa,Cameroon
Toluene Diisocyanate,EMEA,Africa,Central Africa,Central Africa,Equatorial Guinea
Toluene Diisocyanate,EMEA,Africa,Central Africa,Central Africa,Republic of the Congo
Toluene Diisocyanate,EMEA,Africa,Eastern Africa,Eastern Africa,Ethiopia
Toluene Diisocyanate,EMEA,Africa,Eastern Africa,Eastern Africa,Kenya
Toluene Diisocyanate,EMEA,Africa,Eastern Africa,Eastern Africa,Tanzania
Toluene Diisocyanate,EMEA,Africa,Eastern Africa,Eastern Africa,Uganda
Toluene Diisocyanate,EMEA,Africa,Northern Africa,Northern Africa,Algeria
Toluene Diisocyanate,EMEA,Africa,Northern Africa,Northern Africa,Egypt
Toluene Diisocyanate,EMEA,Africa,Northern Africa,Northern Africa,Libya
Toluene Diisocyanate,EMEA,Africa,Northern Africa,Northern Africa,Morocco
Toluene Diisocyanate,EMEA,Africa,Northern Africa,Northern Africa,Tunisia
Toluene Diisocyanate,EMEA,Africa,Other Africa (Region),Other Africa (Region),Other Africa (Country)
Toluene Diisocyanate,EMEA,Africa,Southern Africa,Southern Africa,Mozambique
Toluene Diisocyanate,EMEA,Africa,Southern Africa,Southern Africa,South Africa
Toluene Diisocyanate,EMEA,Africa,Western Africa,Western Africa,Ghana
Toluene Diisocyanate,EMEA,Africa,Western Africa,Western Africa,Nigeria
Toluene Diisocyanate,EMEA,Eurasia,,Eurasia,Azerbaijan
Toluene Diisocyanate,EMEA,Eurasia,,Eurasia,Belarus
Toluene Diisocyanate,EMEA,Eurasia,,Eurasia,Kazakhstan
Toluene Diisocyanate,EMEA,Eurasia,,Eurasia,Other Russia and CIS
Toluene Diisocyanate,EMEA,Eurasia,,Eurasia,Russia
Toluene Diisocyanate,EMEA,Eurasia,,Eurasia,Turkmenistan
Toluene Diisocyanate,EMEA,Eurasia,,Eurasia,Ukraine
Toluene Diisocyanate,EMEA,Eurasia,,Eurasia,Uzbekistan
Toluene Diisocyanate,EMEA,Europe,Eastern Europe,Eastern Europe,Bulgaria
Toluene Diisocyanate,EMEA,Europe,Eastern Europe,Eastern Europe,Czechia
Toluene Diisocyanate,EMEA,Europe,Eastern Europe,Eastern Europe,Hungary
Toluene Diisocyanate,EMEA,Europe,Eastern Europe,Eastern Europe,Poland
Toluene Diisocyanate,EMEA,Europe,Eastern Europe,Eastern Europe,Romania
Toluene Diisocyanate,EMEA,Europe,Eastern Europe,Eastern Europe,Slovakia
Toluene Diisocyanate,EMEA,Europe,Northern Europe,Northern Europe,Denmark
Toluene Diisocyanate,EMEA,Europe,Northern Europe,Northern Europe,Estonia
Toluene Diisocyanate,EMEA,Europe,Northern Europe,Northern Europe,Finland
Toluene Diisocyanate,EMEA,Europe,Northern Europe,Northern Europe,Latvia
Toluene Diisocyanate,EMEA,Europe,Northern Europe,Northern Europe,Lithuania
Toluene Diisocyanate,EMEA,Europe,Northern Europe,Northern Europe,Norway
Toluene Diisocyanate,EMEA,Europe,Northern Europe,Northern Europe,Sweden
Toluene Diisocyanate,EMEA,Europe,Northern Europe,Northern Europe,United Kingdom
Toluene Diisocyanate,EMEA,Europe,Other Central and Eastern Europe (Region),Other Central and Eastern Europe (Region),Other Central and Eastern Europe (Country)
Toluene Diisocyanate,EMEA,Europe,Southern Europe,Southern Europe,Croatia
Toluene Diisocyanate,EMEA,Europe,Southern Europe,Southern Europe,Greece
Toluene Diisocyanate,EMEA,Europe,Southern Europe,Southern Europe,Italy
Toluene Diisocyanate,EMEA,Europe,Southern Europe,Southern Europe,Portugal
Toluene Diisocyanate,EMEA,Europe,Southern Europe,Southern Europe,Serbia
Toluene Diisocyanate,EMEA,Europe,Southern Europe,Southern Europe,Slovenia
Toluene Diisocyanate,EMEA,Europe,Southern Europe,Southern Europe,Spain
Toluene Diisocyanate,EMEA,Europe,Southern Europe,Southern Europe,Turkey
Toluene Diisocyanate,EMEA,Europe,Western Europe,Western Europe,Austria
Toluene Diisocyanate,EMEA,Europe,Western Europe,Western Europe,Belgium
Toluene Diisocyanate,EMEA,Europe,Western Europe,Western Europe,France
Toluene Diisocyanate,EMEA,Europe,Western Europe,Western Europe,Germany
Toluene Diisocyanate,EMEA,Europe,Western Europe,Western Europe,Netherlands
Toluene Diisocyanate,EMEA,Europe,Western Europe,Western Europe,Other Western Europe
Toluene Diisocyanate,EMEA,Europe,Western Europe,Western Europe,Switzerland
Toluene Diisocyanate,EMEA,Middle East,,Middle East,Bahrain
Toluene Diisocyanate,EMEA,Middle East,,Middle East,Iran
Toluene Diisocyanate,EMEA,Middle East,,Middle East,Iraq
Toluene Diisocyanate,EMEA,Middle East,,Middle East,Israel
Toluene Diisocyanate,EMEA,Middle East,,Middle East,Kuwait
Toluene Diisocyanate,EMEA,Middle East,,Middle East,Oman
Toluene Diisocyanate,EMEA,Middle East,,Middle East,Other Middle East
Toluene Diisocyanate,EMEA,Middle East,,Middle East,Qatar
Toluene Diisocyanate,EMEA,Middle East,,Middle East,Saudi Arabia
Toluene Diisocyanate,EMEA,Middle East,,Middle East,United Arab Emirates
Triethylene Glycol,AMER,Latin America and the Caribbean,Caribbean,Caribbean,Trinidad and Tobago
Triethylene Glycol,AMER,Latin America and the Caribbean,Central America,Central America,Mexico
Triethylene Glycol,AMER,Latin America and the Caribbean,Other Central and South America (Region),Other Central and South America (Region),Other Central and South America (Country)
Triethylene Glycol,AMER,Latin America and the Caribbean,South America,South America,Argentina
Triethylene Glycol,AMER,Latin America and the Caribbean,South America,South America,Bolivia
Triethylene Glycol,AMER,Latin America and the Caribbean,South America,South America,Brazil
Triethylene Glycol,AMER,Latin America and the Caribbean,South America,South America,Chile
Triethylene Glycol,AMER,Latin America and the Caribbean,South America,South America,Colombia
Triethylene Glycol,AMER,Latin America and the Caribbean,South America,South America,Ecuador
Triethylene Glycol,AMER,Latin America and the Caribbean,South America,South America,Paraguay
Triethylene Glycol,AMER,Latin America and the Caribbean,South America,South America,Peru
Triethylene Glycol,AMER,Latin America and the Caribbean,South America,South America,Uruguay
Triethylene Glycol,AMER,Latin America and the Caribbean,South America,South America,Venezuela
Triethylene Glycol,AMER,North America,,North America,Canada
Triethylene Glycol,AMER,North America,,North America,Other North America
Triethylene Glycol,AMER,North America,,North America,United States
Triethylene Glycol,APAC,Asia,Eastern Asia,Eastern Asia,China
Triethylene Glycol,APAC,Asia,Eastern Asia,Eastern Asia,Hong Kong
Triethylene Glycol,APAC,Asia,Eastern Asia,Eastern Asia,Japan
Triethylene Glycol,APAC,Asia,Eastern Asia,Eastern Asia,Macao
Triethylene Glycol,APAC,Asia,Eastern Asia,Eastern Asia,Other Northeast Asia ex China
Triethylene Glycol,APAC,Asia,Eastern Asia,Eastern Asia,South Korea
Triethylene Glycol,APAC,Asia,Eastern Asia,Eastern Asia,Taiwan
Triethylene Glycol,APAC,Asia,South-eastern Asia,South-eastern Asia,Brunei Darussalam
Triethylene Glycol,APAC,Asia,South-eastern Asia,South-eastern Asia,Indonesia
Triethylene Glycol,APAC,Asia,South-eastern Asia,South-eastern Asia,Malaysia
Triethylene Glycol,APAC,Asia,South-eastern Asia,South-eastern Asia,Myanmar
Triethylene Glycol,APAC,Asia,South-eastern Asia,South-eastern Asia,Other Southeast Asia
Triethylene Glycol,APAC,Asia,South-eastern Asia,South-eastern Asia,Philippines
Triethylene Glycol,APAC,Asia,South-eastern Asia,South-eastern Asia,Singapore
Triethylene Glycol,APAC,Asia,South-eastern Asia,South-eastern Asia,Thailand
Triethylene Glycol,APAC,Asia,South-eastern Asia,South-eastern Asia,Vietnam
Triethylene Glycol,APAC,Asia,Southern Asia,Southern Asia,Bangladesh
Triethylene Glycol,APAC,Asia,Southern Asia,Southern Asia,India
Triethylene Glycol,APAC,Asia,Southern Asia,Southern Asia,Other South Asia
Triethylene Glycol,APAC,Asia,Southern Asia,Southern Asia,Pakistan
Triethylene Glycol,APAC,Asia,Southern Asia,Southern Asia,Sri Lanka
Triethylene Glycol,APAC,Oceania,Australia and New Zealand,Australia and New Zealand,Australia
Triethylene Glycol,APAC,Oceania,Australia and New Zealand,Australia and New Zealand,New Zealand
Triethylene Glycol,EMEA,Africa,Central Africa,Central Africa,Angola
Triethylene Glycol,EMEA,Africa,Central Africa,Central Africa,Cameroon
Triethylene Glycol,EMEA,Africa,Central Africa,Central Africa,Equatorial Guinea
Triethylene Glycol,EMEA,Africa,Central Africa,Central Africa,Republic of the Congo
Triethylene Glycol,EMEA,Africa,Eastern Africa,Eastern Africa,Ethiopia
Triethylene Glycol,EMEA,Africa,Eastern Africa,Eastern Africa,Kenya
Triethylene Glycol,EMEA,Africa,Eastern Africa,Eastern Africa,Tanzania
Triethylene Glycol,EMEA,Africa,Eastern Africa,Eastern Africa,Uganda
Triethylene Glycol,EMEA,Africa,Northern Africa,Northern Africa,Algeria
Triethylene Glycol,EMEA,Africa,Northern Africa,Northern Africa,Egypt
Triethylene Glycol,EMEA,Africa,Northern Africa,Northern Africa,Libya
Triethylene Glycol,EMEA,Africa,Northern Africa,Northern Africa,Morocco
Triethylene Glycol,EMEA,Africa,Northern Africa,Northern Africa,Tunisia
Triethylene Glycol,EMEA,Africa,Other Africa (Region),Other Africa (Region),Other Africa (Country)
Triethylene Glycol,EMEA,Africa,Southern Africa,Southern Africa,Mozambique
Triethylene Glycol,EMEA,Africa,Southern Africa,Southern Africa,South Africa
Triethylene Glycol,EMEA,Africa,Western Africa,Western Africa,Ghana
Triethylene Glycol,EMEA,Africa,Western Africa,Western Africa,Nigeria
Triethylene Glycol,EMEA,Eurasia,,Eurasia,Azerbaijan
Triethylene Glycol,EMEA,Eurasia,,Eurasia,Belarus
Triethylene Glycol,EMEA,Eurasia,,Eurasia,Kazakhstan
Triethylene Glycol,EMEA,Eurasia,,Eurasia,Other Russia and CIS
Triethylene Glycol,EMEA,Eurasia,,Eurasia,Russia
Triethylene Glycol,EMEA,Eurasia,,Eurasia,Turkmenistan
Triethylene Glycol,EMEA,Eurasia,,Eurasia,Ukraine
Triethylene Glycol,EMEA,Eurasia,,Eurasia,Uzbekistan
Triethylene Glycol,EMEA,Europe,Eastern Europe,Eastern Europe,Bulgaria
Triethylene Glycol,EMEA,Europe,Eastern Europe,Eastern Europe,Czechia
Triethylene Glycol,EMEA,Europe,Eastern Europe,Eastern Europe,Hungary
Triethylene Glycol,EMEA,Europe,Eastern Europe,Eastern Europe,Poland
Triethylene Glycol,EMEA,Europe,Eastern Europe,Eastern Europe,Romania
Triethylene Glycol,EMEA,Europe,Eastern Europe,Eastern Europe,Slovakia
Triethylene Glycol,EMEA,Europe,Northern Europe,Northern Europe,Denmark
Triethylene Glycol,EMEA,Europe,Northern Europe,Northern Europe,Estonia
Triethylene Glycol,EMEA,Europe,Northern Europe,Northern Europe,Finland
Triethylene Glycol,EMEA,Europe,Northern Europe,Northern Europe,Latvia
Triethylene Glycol,EMEA,Europe,Northern Europe,Northern Europe,Lithuania
Triethylene Glycol,EMEA,Europe,Northern Europe,Northern Europe,Norway
Triethylene Glycol,EMEA,Europe,Northern Europe,Northern Europe,Sweden
Triethylene Glycol,EMEA,Europe,Northern Europe,Northern Europe,United Kingdom
Triethylene Glycol,EMEA,Europe,Other Central and Eastern Europe (Region),Other Central and Eastern Europe (Region),Other Central and Eastern Europe (Country)
Triethylene Glycol,EMEA,Europe,Southern Europe,Southern Europe,Croatia
Triethylene Glycol,EMEA,Europe,Southern Europe,Southern Europe,Greece
Triethylene Glycol,EMEA,Europe,Southern Europe,Southern Europe,Italy
Triethylene Glycol,EMEA,Europe,Southern Europe,Southern Europe,Portugal
Triethylene Glycol,EMEA,Europe,Southern Europe,Southern Europe,Serbia
Triethylene Glycol,EMEA,Europe,Southern Europe,Southern Europe,Slovenia
Triethylene Glycol,EMEA,Europe,Southern Europe,Southern Europe,Spain
Triethylene Glycol,EMEA,Europe,Southern Europe,Southern Europe,Turkey
Triethylene Glycol,EMEA,Europe,Western Europe,Western Europe,Austria
Triethylene Glycol,EMEA,Europe,Western Europe,Western Europe,Belgium
Triethylene Glycol,EMEA,Europe,Western Europe,Western Europe,France
Triethylene Glycol,EMEA,Europe,Western Europe,Western Europe,Germany
Triethylene Glycol,EMEA,Europe,Western Europe,Western Europe,Netherlands
Triethylene Glycol,EMEA,Europe,Western Europe,Western Europe,Other Western Europe
Triethylene Glycol,EMEA,Europe,Western Europe,Western Europe,Switzerland
Triethylene Glycol,EMEA,Middle East,,Middle East,Bahrain
Triethylene Glycol,EMEA,Middle East,,Middle East,Iran
Triethylene Glycol,EMEA,Middle East,,Middle East,Iraq
Triethylene Glycol,EMEA,Middle East,,Middle East,Israel
Triethylene Glycol,EMEA,Middle East,,Middle East,Kuwait
Triethylene Glycol,EMEA,Middle East,,Middle East,Oman
Triethylene Glycol,EMEA,Middle East,,Middle East,Other Middle East
Triethylene Glycol,EMEA,Middle East,,Middle East,Qatar
Triethylene Glycol,EMEA,Middle East,,Middle East,Saudi Arabia
Triethylene Glycol,EMEA,Middle East,,Middle East,United Arab Emirates
Vinyl Acetate Monomer,AMER,Latin America and the Caribbean,Caribbean,Caribbean,Trinidad and Tobago
Vinyl Acetate Monomer,AMER,Latin America and the Caribbean,Central America,Central America,Mexico
Vinyl Acetate Monomer,AMER,Latin America and the Caribbean,Other Central and South America (Region),Other Central and South America (Region),Other Central and South America (Country)
Vinyl Acetate Monomer,AMER,Latin America and the Caribbean,South America,South America,Argentina
Vinyl Acetate Monomer,AMER,Latin America and the Caribbean,South America,South America,Bolivia
Vinyl Acetate Monomer,AMER,Latin America and the Caribbean,South America,South America,Brazil
Vinyl Acetate Monomer,AMER,Latin America and the Caribbean,South America,South America,Chile
Vinyl Acetate Monomer,AMER,Latin America and the Caribbean,South America,South America,Colombia
Vinyl Acetate Monomer,AMER,Latin America and the Caribbean,South America,South America,Ecuador
Vinyl Acetate Monomer,AMER,Latin America and the Caribbean,South America,South America,Paraguay
Vinyl Acetate Monomer,AMER,Latin America and the Caribbean,South America,South America,Peru
Vinyl Acetate Monomer,AMER,Latin America and the Caribbean,South America,South America,Uruguay
Vinyl Acetate Monomer,AMER,Latin America and the Caribbean,South America,South America,Venezuela
Vinyl Acetate Monomer,AMER,North America,,North America,Canada
Vinyl Acetate Monomer,AMER,North America,,North America,Other North America
Vinyl Acetate Monomer,AMER,North America,,North America,United States
Vinyl Acetate Monomer,APAC,Asia,Eastern Asia,Eastern Asia,China
Vinyl Acetate Monomer,APAC,Asia,Eastern Asia,Eastern Asia,Hong Kong
Vinyl Acetate Monomer,APAC,Asia,Eastern Asia,Eastern Asia,Japan
Vinyl Acetate Monomer,APAC,Asia,Eastern Asia,Eastern Asia,Macao
Vinyl Acetate Monomer,APAC,Asia,Eastern Asia,Eastern Asia,Other Northeast Asia ex China
Vinyl Acetate Monomer,APAC,Asia,Eastern Asia,Eastern Asia,South Korea
Vinyl Acetate Monomer,APAC,Asia,Eastern Asia,Eastern Asia,Taiwan
Vinyl Acetate Monomer,APAC,Asia,South-eastern Asia,South-eastern Asia,Brunei Darussalam
Vinyl Acetate Monomer,APAC,Asia,South-eastern Asia,South-eastern Asia,Indonesia
Vinyl Acetate Monomer,APAC,Asia,South-eastern Asia,South-eastern Asia,Malaysia
Vinyl Acetate Monomer,APAC,Asia,South-eastern Asia,South-eastern Asia,Myanmar
Vinyl Acetate Monomer,APAC,Asia,South-eastern Asia,South-eastern Asia,Other Southeast Asia
Vinyl Acetate Monomer,APAC,Asia,South-eastern Asia,South-eastern Asia,Philippines
Vinyl Acetate Monomer,APAC,Asia,South-eastern Asia,South-eastern Asia,Singapore
Vinyl Acetate Monomer,APAC,Asia,South-eastern Asia,South-eastern Asia,Thailand
Vinyl Acetate Monomer,APAC,Asia,South-eastern Asia,South-eastern Asia,Vietnam
Vinyl Acetate Monomer,APAC,Asia,Southern Asia,Southern Asia,Bangladesh
Vinyl Acetate Monomer,APAC,Asia,Southern Asia,Southern Asia,India
Vinyl Acetate Monomer,APAC,Asia,Southern Asia,Southern Asia,Other South Asia
Vinyl Acetate Monomer,APAC,Asia,Southern Asia,Southern Asia,Pakistan
Vinyl Acetate Monomer,APAC,Asia,Southern Asia,Southern Asia,Sri Lanka
Vinyl Acetate Monomer,APAC,Oceania,Australia and New Zealand,Australia and New Zealand,Australia
Vinyl Acetate Monomer,APAC,Oceania,Australia and New Zealand,Australia and New Zealand,New Zealand
Vinyl Acetate Monomer,EMEA,Africa,Central Africa,Central Africa,Angola
Vinyl Acetate Monomer,EMEA,Africa,Central Africa,Central Africa,Cameroon
Vinyl Acetate Monomer,EMEA,Africa,Central Africa,Central Africa,Equatorial Guinea
Vinyl Acetate Monomer,EMEA,Africa,Central Africa,Central Africa,Republic of the Congo
Vinyl Acetate Monomer,EMEA,Africa,Eastern Africa,Eastern Africa,Ethiopia
Vinyl Acetate Monomer,EMEA,Africa,Eastern Africa,Eastern Africa,Kenya
Vinyl Acetate Monomer,EMEA,Africa,Eastern Africa,Eastern Africa,Tanzania
Vinyl Acetate Monomer,EMEA,Africa,Eastern Africa,Eastern Africa,Uganda
Vinyl Acetate Monomer,EMEA,Africa,Northern Africa,Northern Africa,Algeria
Vinyl Acetate Monomer,EMEA,Africa,Northern Africa,Northern Africa,Egypt
Vinyl Acetate Monomer,EMEA,Africa,Northern Africa,Northern Africa,Libya
Vinyl Acetate Monomer,EMEA,Africa,Northern Africa,Northern Africa,Morocco
Vinyl Acetate Monomer,EMEA,Africa,Northern Africa,Northern Africa,Tunisia
Vinyl Acetate Monomer,EMEA,Africa,Other Africa (Region),Other Africa (Region),Other Africa (Country)
Vinyl Acetate Monomer,EMEA,Africa,Southern Africa,Southern Africa,Mozambique
Vinyl Acetate Monomer,EMEA,Africa,Southern Africa,Southern Africa,South Africa
Vinyl Acetate Monomer,EMEA,Africa,Western Africa,Western Africa,Ghana
Vinyl Acetate Monomer,EMEA,Africa,Western Africa,Western Africa,Nigeria
Vinyl Acetate Monomer,EMEA,Eurasia,,Eurasia,Azerbaijan
Vinyl Acetate Monomer,EMEA,Eurasia,,Eurasia,Belarus
Vinyl Acetate Monomer,EMEA,Eurasia,,Eurasia,Kazakhstan
Vinyl Acetate Monomer,EMEA,Eurasia,,Eurasia,Other Russia and CIS
Vinyl Acetate Monomer,EMEA,Eurasia,,Eurasia,Russia
Vinyl Acetate Monomer,EMEA,Eurasia,,Eurasia,Turkmenistan
Vinyl Acetate Monomer,EMEA,Eurasia,,Eurasia,Ukraine
Vinyl Acetate Monomer,EMEA,Eurasia,,Eurasia,Uzbekistan
Vinyl Acetate Monomer,EMEA,Europe,Eastern Europe,Eastern Europe,Bulgaria
Vinyl Acetate Monomer,EMEA,Europe,Eastern Europe,Eastern Europe,Czechia
Vinyl Acetate Monomer,EMEA,Europe,Eastern Europe,Eastern Europe,Hungary
Vinyl Acetate Monomer,EMEA,Europe,Eastern Europe,Eastern Europe,Poland
Vinyl Acetate Monomer,EMEA,Europe,Eastern Europe,Eastern Europe,Romania
Vinyl Acetate Monomer,EMEA,Europe,Eastern Europe,Eastern Europe,Slovakia
Vinyl Acetate Monomer,EMEA,Europe,Northern Europe,Northern Europe,Denmark
Vinyl Acetate Monomer,EMEA,Europe,Northern Europe,Northern Europe,Estonia
Vinyl Acetate Monomer,EMEA,Europe,Northern Europe,Northern Europe,Finland
Vinyl Acetate Monomer,EMEA,Europe,Northern Europe,Northern Europe,Latvia
Vinyl Acetate Monomer,EMEA,Europe,Northern Europe,Northern Europe,Lithuania
Vinyl Acetate Monomer,EMEA,Europe,Northern Europe,Northern Europe,Norway
Vinyl Acetate Monomer,EMEA,Europe,Northern Europe,Northern Europe,Sweden
Vinyl Acetate Monomer,EMEA,Europe,Northern Europe,Northern Europe,United Kingdom
Vinyl Acetate Monomer,EMEA,Europe,Other Central and Eastern Europe (Region),Other Central and Eastern Europe (Region),Other Central and Eastern Europe (Country)
Vinyl Acetate Monomer,EMEA,Europe,Southern Europe,Southern Europe,Croatia
Vinyl Acetate Monomer,EMEA,Europe,Southern Europe,Southern Europe,Greece
Vinyl Acetate Monomer,EMEA,Europe,Southern Europe,Southern Europe,Italy
Vinyl Acetate Monomer,EMEA,Europe,Southern Europe,Southern Europe,Portugal
Vinyl Acetate Monomer,EMEA,Europe,Southern Europe,Southern Europe,Serbia
Vinyl Acetate Monomer,EMEA,Europe,Southern Europe,Southern Europe,Slovenia
Vinyl Acetate Monomer,EMEA,Europe,Southern Europe,Southern Europe,Spain
Vinyl Acetate Monomer,EMEA,Europe,Southern Europe,Southern Europe,Turkey
Vinyl Acetate Monomer,EMEA,Europe,Western Europe,Western Europe,Austria
Vinyl Acetate Monomer,EMEA,Europe,Western Europe,Western Europe,Belgium
Vinyl Acetate Monomer,EMEA,Europe,Western Europe,Western Europe,France
Vinyl Acetate Monomer,EMEA,Europe,Western Europe,Western Europe,Germany
Vinyl Acetate Monomer,EMEA,Europe,Western Europe,Western Europe,Netherlands
Vinyl Acetate Monomer,EMEA,Europe,Western Europe,Western Europe,Other Western Europe
Vinyl Acetate Monomer,EMEA,Europe,Western Europe,Western Europe,Switzerland
Vinyl Acetate Monomer,EMEA,Middle East,,Middle East,Bahrain
Vinyl Acetate Monomer,EMEA,Middle East,,Middle East,Iran
Vinyl Acetate Monomer,EMEA,Middle East,,Middle East,Iraq
Vinyl Acetate Monomer,EMEA,Middle East,,Middle East,Israel
Vinyl Acetate Monomer,EMEA,Middle East,,Middle East,Kuwait
Vinyl Acetate Monomer,EMEA,Middle East,,Middle East,Oman
Vinyl Acetate Monomer,EMEA,Middle East,,Middle East,Other Middle East
Vinyl Acetate Monomer,EMEA,Middle East,,Middle East,Qatar
Vinyl Acetate Monomer,EMEA,Middle East,,Middle East,Saudi Arabia
Vinyl Acetate Monomer,EMEA,Middle East,,Middle East,United Arab Emirates
Vinyl Chloride Monomer,AMER,Latin America and the Caribbean,Caribbean,Caribbean,Trinidad and Tobago
Vinyl Chloride Monomer,AMER,Latin America and the Caribbean,Central America,Central America,Mexico
Vinyl Chloride Monomer,AMER,Latin America and the Caribbean,Other Central and South America (Region),Other Central and South America (Region),Other Central and South America (Country)
Vinyl Chloride Monomer,AMER,Latin America and the Caribbean,South America,South America,Argentina
Vinyl Chloride Monomer,AMER,Latin America and the Caribbean,South America,South America,Bolivia
Vinyl Chloride Monomer,AMER,Latin America and the Caribbean,South America,South America,Brazil
Vinyl Chloride Monomer,AMER,Latin America and the Caribbean,South America,South America,Chile
Vinyl Chloride Monomer,AMER,Latin America and the Caribbean,South America,South America,Colombia
Vinyl Chloride Monomer,AMER,Latin America and the Caribbean,South America,South America,Ecuador
Vinyl Chloride Monomer,AMER,Latin America and the Caribbean,South America,South America,Paraguay
Vinyl Chloride Monomer,AMER,Latin America and the Caribbean,South America,South America,Peru
Vinyl Chloride Monomer,AMER,Latin America and the Caribbean,South America,South America,Uruguay
Vinyl Chloride Monomer,AMER,Latin America and the Caribbean,South America,South America,Venezuela
Vinyl Chloride Monomer,AMER,North America,,North America,Canada
Vinyl Chloride Monomer,AMER,North America,,North America,Other North America
Vinyl Chloride Monomer,AMER,North America,,North America,United States
Vinyl Chloride Monomer,APAC,Asia,Eastern Asia,Eastern Asia,China
Vinyl Chloride Monomer,APAC,Asia,Eastern Asia,Eastern Asia,Hong Kong
Vinyl Chloride Monomer,APAC,Asia,Eastern Asia,Eastern Asia,Japan
Vinyl Chloride Monomer,APAC,Asia,Eastern Asia,Eastern Asia,Macao
Vinyl Chloride Monomer,APAC,Asia,Eastern Asia,Eastern Asia,Other Northeast Asia ex China
Vinyl Chloride Monomer,APAC,Asia,Eastern Asia,Eastern Asia,South Korea
Vinyl Chloride Monomer,APAC,Asia,Eastern Asia,Eastern Asia,Taiwan
Vinyl Chloride Monomer,APAC,Asia,South-eastern Asia,South-eastern Asia,Brunei Darussalam
Vinyl Chloride Monomer,APAC,Asia,South-eastern Asia,South-eastern Asia,Indonesia
Vinyl Chloride Monomer,APAC,Asia,South-eastern Asia,South-eastern Asia,Malaysia
Vinyl Chloride Monomer,APAC,Asia,South-eastern Asia,South-eastern Asia,Myanmar
Vinyl Chloride Monomer,APAC,Asia,South-eastern Asia,South-eastern Asia,Other Southeast Asia
Vinyl Chloride Monomer,APAC,Asia,South-eastern Asia,South-eastern Asia,Philippines
Vinyl Chloride Monomer,APAC,Asia,South-eastern Asia,South-eastern Asia,Singapore
Vinyl Chloride Monomer,APAC,Asia,South-eastern Asia,South-eastern Asia,Thailand
Vinyl Chloride Monomer,APAC,Asia,South-eastern Asia,South-eastern Asia,Vietnam
Vinyl Chloride Monomer,APAC,Asia,Southern Asia,Southern Asia,Bangladesh
Vinyl Chloride Monomer,APAC,Asia,Southern Asia,Southern Asia,India
Vinyl Chloride Monomer,APAC,Asia,Southern Asia,Southern Asia,Other South Asia
Vinyl Chloride Monomer,APAC,Asia,Southern Asia,Southern Asia,Pakistan
Vinyl Chloride Monomer,APAC,Asia,Southern Asia,Southern Asia,Sri Lanka
Vinyl Chloride Monomer,APAC,Oceania,Australia and New Zealand,Australia and New Zealand,Australia
Vinyl Chloride Monomer,APAC,Oceania,Australia and New Zealand,Australia and New Zealand,New Zealand
Vinyl Chloride Monomer,EMEA,Africa,Central Africa,Central Africa,Angola
Vinyl Chloride Monomer,EMEA,Africa,Central Africa,Central Africa,Cameroon
Vinyl Chloride Monomer,EMEA,Africa,Central Africa,Central Africa,Equatorial Guinea
Vinyl Chloride Monomer,EMEA,Africa,Central Africa,Central Africa,Republic of the Congo
Vinyl Chloride Monomer,EMEA,Africa,Eastern Africa,Eastern Africa,Ethiopia
Vinyl Chloride Monomer,EMEA,Africa,Eastern Africa,Eastern Africa,Kenya
Vinyl Chloride Monomer,EMEA,Africa,Eastern Africa,Eastern Africa,Tanzania
Vinyl Chloride Monomer,EMEA,Africa,Eastern Africa,Eastern Africa,Uganda
Vinyl Chloride Monomer,EMEA,Africa,Northern Africa,Northern Africa,Algeria
Vinyl Chloride Monomer,EMEA,Africa,Northern Africa,Northern Africa,Egypt
Vinyl Chloride Monomer,EMEA,Africa,Northern Africa,Northern Africa,Libya
Vinyl Chloride Monomer,EMEA,Africa,Northern Africa,Northern Africa,Morocco
Vinyl Chloride Monomer,EMEA,Africa,Northern Africa,Northern Africa,Tunisia
Vinyl Chloride Monomer,EMEA,Africa,Other Africa (Region),Other Africa (Region),Other Africa (Country)
Vinyl Chloride Monomer,EMEA,Africa,Southern Africa,Southern Africa,Mozambique
Vinyl Chloride Monomer,EMEA,Africa,Southern Africa,Southern Africa,South Africa
Vinyl Chloride Monomer,EMEA,Africa,Western Africa,Western Africa,Ghana
Vinyl Chloride Monomer,EMEA,Africa,Western Africa,Western Africa,Nigeria
Vinyl Chloride Monomer,EMEA,Eurasia,,Eurasia,Azerbaijan
Vinyl Chloride Monomer,EMEA,Eurasia,,Eurasia,Belarus
Vinyl Chloride Monomer,EMEA,Eurasia,,Eurasia,Kazakhstan
Vinyl Chloride Monomer,EMEA,Eurasia,,Eurasia,Other Russia and CIS
Vinyl Chloride Monomer,EMEA,Eurasia,,Eurasia,Russia
Vinyl Chloride Monomer,EMEA,Eurasia,,Eurasia,Turkmenistan
Vinyl Chloride Monomer,EMEA,Eurasia,,Eurasia,Ukraine
Vinyl Chloride Monomer,EMEA,Eurasia,,Eurasia,Uzbekistan
Vinyl Chloride Monomer,EMEA,Europe,Eastern Europe,Eastern Europe,Bulgaria
Vinyl Chloride Monomer,EMEA,Europe,Eastern Europe,Eastern Europe,Czechia
Vinyl Chloride Monomer,EMEA,Europe,Eastern Europe,Eastern Europe,Hungary
Vinyl Chloride Monomer,EMEA,Europe,Eastern Europe,Eastern Europe,Poland
Vinyl Chloride Monomer,EMEA,Europe,Eastern Europe,Eastern Europe,Romania
Vinyl Chloride Monomer,EMEA,Europe,Eastern Europe,Eastern Europe,Slovakia
Vinyl Chloride Monomer,EMEA,Europe,Northern Europe,Northern Europe,Denmark
Vinyl Chloride Monomer,EMEA,Europe,Northern Europe,Northern Europe,Estonia
Vinyl Chloride Monomer,EMEA,Europe,Northern Europe,Northern Europe,Finland
Vinyl Chloride Monomer,EMEA,Europe,Northern Europe,Northern Europe,Latvia
Vinyl Chloride Monomer,EMEA,Europe,Northern Europe,Northern Europe,Lithuania
Vinyl Chloride Monomer,EMEA,Europe,Northern Europe,Northern Europe,Norway
Vinyl Chloride Monomer,EMEA,Europe,Northern Europe,Northern Europe,Sweden
Vinyl Chloride Monomer,EMEA,Europe,Northern Europe,Northern Europe,United Kingdom
Vinyl Chloride Monomer,EMEA,Europe,Other Central and Eastern Europe (Region),Other Central and Eastern Europe (Region),Other Central and Eastern Europe (Country)
Vinyl Chloride Monomer,EMEA,Europe,Southern Europe,Southern Europe,Croatia
Vinyl Chloride Monomer,EMEA,Europe,Southern Europe,Southern Europe,Greece
Vinyl Chloride Monomer,EMEA,Europe,Southern Europe,Southern Europe,Italy
Vinyl Chloride Monomer,EMEA,Europe,Southern Europe,Southern Europe,Portugal
Vinyl Chloride Monomer,EMEA,Europe,Southern Europe,Southern Europe,Serbia
Vinyl Chloride Monomer,EMEA,Europe,Southern Europe,Southern Europe,Slovenia
Vinyl Chloride Monomer,EMEA,Europe,Southern Europe,Southern Europe,Spain
Vinyl Chloride Monomer,EMEA,Europe,Southern Europe,Southern Europe,Turkey
Vinyl Chloride Monomer,EMEA,Europe,Western Europe,Western Europe,Austria
Vinyl Chloride Monomer,EMEA,Europe,Western Europe,Western Europe,Belgium
Vinyl Chloride Monomer,EMEA,Europe,Western Europe,Western Europe,France
Vinyl Chloride Monomer,EMEA,Europe,Western Europe,Western Europe,Germany
Vinyl Chloride Monomer,EMEA,Europe,Western Europe,Western Europe,Netherlands
Vinyl Chloride Monomer,EMEA,Europe,Western Europe,Western Europe,Other Western Europe
Vinyl Chloride Monomer,EMEA,Europe,Western Europe,Western Europe,Switzerland
Vinyl Chloride Monomer,EMEA,Middle East,,Middle East,Bahrain
Vinyl Chloride Monomer,EMEA,Middle East,,Middle East,Iran
Vinyl Chloride Monomer,EMEA,Middle East,,Middle East,Iraq
Vinyl Chloride Monomer,EMEA,Middle East,,Middle East,Israel
Vinyl Chloride Monomer,EMEA,Middle East,,Middle East,Kuwait
Vinyl Chloride Monomer,EMEA,Middle East,,Middle East,Oman
Vinyl Chloride Monomer,EMEA,Middle East,,Middle East,Other Middle East
Vinyl Chloride Monomer,EMEA,Middle East,,Middle East,Qatar
Vinyl Chloride Monomer,EMEA,Middle East,,Middle East,Saudi Arabia
Vinyl Chloride Monomer,EMEA,Middle East,,Middle East,United Arab Emirates
e-SBR,AMER,Latin America and the Caribbean,Caribbean,Caribbean,Trinidad and Tobago
e-SBR,AMER,Latin America and the Caribbean,Central America,Central America,Mexico
e-SBR,AMER,Latin America and the Caribbean,Other Central and South America (Region),Other Central and South America (Region),Other Central and South America (Country)
e-SBR,AMER,Latin America and the Caribbean,South America,South America,Argentina
e-SBR,AMER,Latin America and the Caribbean,South America,South America,Bolivia
e-SBR,AMER,Latin America and the Caribbean,South America,South America,Brazil
e-SBR,AMER,Latin America and the Caribbean,South America,South America,Chile
e-SBR,AMER,Latin America and the Caribbean,South America,South America,Colombia
e-SBR,AMER,Latin America and the Caribbean,South America,South America,Ecuador
e-SBR,AMER,Latin America and the Caribbean,South America,South America,Paraguay
e-SBR,AMER,Latin America and the Caribbean,South America,South America,Peru
e-SBR,AMER,Latin America and the Caribbean,South America,South America,Uruguay
e-SBR,AMER,Latin America and the Caribbean,South America,South America,Venezuela
e-SBR,AMER,North America,,North America,Canada
e-SBR,AMER,North America,,North America,Other North America
e-SBR,AMER,North America,,North America,United States
e-SBR,APAC,Asia,Eastern Asia,Eastern Asia,China
e-SBR,APAC,Asia,Eastern Asia,Eastern Asia,Hong Kong
e-SBR,APAC,Asia,Eastern Asia,Eastern Asia,Japan
e-SBR,APAC,Asia,Eastern Asia,Eastern Asia,Macao
e-SBR,APAC,Asia,Eastern Asia,Eastern Asia,Other Northeast Asia ex China
e-SBR,APAC,Asia,Eastern Asia,Eastern Asia,South Korea
e-SBR,APAC,Asia,Eastern Asia,Eastern Asia,Taiwan
e-SBR,APAC,Asia,South-eastern Asia,South-eastern Asia,Brunei Darussalam
e-SBR,APAC,Asia,South-eastern Asia,South-eastern Asia,Indonesia
e-SBR,APAC,Asia,South-eastern Asia,South-eastern Asia,Malaysia
e-SBR,APAC,Asia,South-eastern Asia,South-eastern Asia,Myanmar
e-SBR,APAC,Asia,South-eastern Asia,South-eastern Asia,Other Southeast Asia
e-SBR,APAC,Asia,South-eastern Asia,South-eastern Asia,Philippines
e-SBR,APAC,Asia,South-eastern Asia,South-eastern Asia,Singapore
e-SBR,APAC,Asia,South-eastern Asia,South-eastern Asia,Thailand
e-SBR,APAC,Asia,South-eastern Asia,South-eastern Asia,Vietnam
e-SBR,APAC,Asia,Southern Asia,Southern Asia,Bangladesh
e-SBR,APAC,Asia,Southern Asia,Southern Asia,India
e-SBR,APAC,Asia,Southern Asia,Southern Asia,Other South Asia
e-SBR,APAC,Asia,Southern Asia,Southern Asia,Pakistan
e-SBR,APAC,Asia,Southern Asia,Southern Asia,Sri Lanka
e-SBR,APAC,Oceania,Australia and New Zealand,Australia and New Zealand,Australia
e-SBR,APAC,Oceania,Australia and New Zealand,Australia and New Zealand,New Zealand
e-SBR,EMEA,Africa,Central Africa,Central Africa,Angola
e-SBR,EMEA,Africa,Central Africa,Central Africa,Cameroon
e-SBR,EMEA,Africa,Central Africa,Central Africa,Equatorial Guinea
e-SBR,EMEA,Africa,Central Africa,Central Africa,Republic of the Congo
e-SBR,EMEA,Africa,Eastern Africa,Eastern Africa,Ethiopia
e-SBR,EMEA,Africa,Eastern Africa,Eastern Africa,Kenya
e-SBR,EMEA,Africa,Eastern Africa,Eastern Africa,Tanzania
e-SBR,EMEA,Africa,Eastern Africa,Eastern Africa,Uganda
e-SBR,EMEA,Africa,Northern Africa,Northern Africa,Algeria
e-SBR,EMEA,Africa,Northern Africa,Northern Africa,Egypt
e-SBR,EMEA,Africa,Northern Africa,Northern Africa,Libya
e-SBR,EMEA,Africa,Northern Africa,Northern Africa,Morocco
e-SBR,EMEA,Africa,Northern Africa,Northern Africa,Tunisia
e-SBR,EMEA,Africa,Other Africa (Region),Other Africa (Region),Other Africa (Country)
e-SBR,EMEA,Africa,Southern Africa,Southern Africa,Mozambique
e-SBR,EMEA,Africa,Southern Africa,Southern Africa,South Africa
e-SBR,EMEA,Africa,Western Africa,Western Africa,Ghana
e-SBR,EMEA,Africa,Western Africa,Western Africa,Nigeria
e-SBR,EMEA,Eurasia,,Eurasia,Azerbaijan
e-SBR,EMEA,Eurasia,,Eurasia,Belarus
e-SBR,EMEA,Eurasia,,Eurasia,Kazakhstan
e-SBR,EMEA,Eurasia,,Eurasia,Other Russia and CIS
e-SBR,EMEA,Eurasia,,Eurasia,Russia
e-SBR,EMEA,Eurasia,,Eurasia,Turkmenistan
e-SBR,EMEA,Eurasia,,Eurasia,Ukraine
e-SBR,EMEA,Eurasia,,Eurasia,Uzbekistan
e-SBR,EMEA,Europe,Eastern Europe,Eastern Europe,Bulgaria
e-SBR,EMEA,Europe,Eastern Europe,Eastern Europe,Czechia
e-SBR,EMEA,Europe,Eastern Europe,Eastern Europe,Hungary
e-SBR,EMEA,Europe,Eastern Europe,Eastern Europe,Poland
e-SBR,EMEA,Europe,Eastern Europe,Eastern Europe,Romania
e-SBR,EMEA,Europe,Eastern Europe,Eastern Europe,Slovakia
e-SBR,EMEA,Europe,Northern Europe,Northern Europe,Denmark
e-SBR,EMEA,Europe,Northern Europe,Northern Europe,Estonia
e-SBR,EMEA,Europe,Northern Europe,Northern Europe,Finland
e-SBR,EMEA,Europe,Northern Europe,Northern Europe,Latvia
e-SBR,EMEA,Europe,Northern Europe,Northern Europe,Lithuania
e-SBR,EMEA,Europe,Northern Europe,Northern Europe,Norway
e-SBR,EMEA,Europe,Northern Europe,Northern Europe,Sweden
e-SBR,EMEA,Europe,Northern Europe,Northern Europe,United Kingdom
e-SBR,EMEA,Europe,Other Central and Eastern Europe (Region),Other Central and Eastern Europe (Region),Other Central and Eastern Europe (Country)
e-SBR,EMEA,Europe,Southern Europe,Southern Europe,Croatia
e-SBR,EMEA,Europe,Southern Europe,Southern Europe,Greece
e-SBR,EMEA,Europe,Southern Europe,Southern Europe,Italy
e-SBR,EMEA,Europe,Southern Europe,Southern Europe,Portugal
e-SBR,EMEA,Europe,Southern Europe,Southern Europe,Serbia
e-SBR,EMEA,Europe,Southern Europe,Southern Europe,Slovenia
e-SBR,EMEA,Europe,Southern Europe,Southern Europe,Spain
e-SBR,EMEA,Europe,Southern Europe,Southern Europe,Turkey
e-SBR,EMEA,Europe,Western Europe,Western Europe,Austria
e-SBR,EMEA,Europe,Western Europe,Western Europe,Belgium
e-SBR,EMEA,Europe,Western Europe,Western Europe,France
e-SBR,EMEA,Europe,Western Europe,Western Europe,Germany
e-SBR,EMEA,Europe,Western Europe,Western Europe,Netherlands
e-SBR,EMEA,Europe,Western Europe,Western Europe,Other Western Europe
e-SBR,EMEA,Europe,Western Europe,Western Europe,Switzerland
e-SBR,EMEA,Middle East,,Middle East,Bahrain
e-SBR,EMEA,Middle East,,Middle East,Iran
e-SBR,EMEA,Middle East,,Middle East,Iraq
e-SBR,EMEA,Middle East,,Middle East,Israel
e-SBR,EMEA,Middle East,,Middle East,Kuwait
e-SBR,EMEA,Middle East,,Middle East,Oman
e-SBR,EMEA,Middle East,,Middle East,Other Middle East
e-SBR,EMEA,Middle East,,Middle East,Qatar
e-SBR,EMEA,Middle East,,Middle East,Saudi Arabia
e-SBR,EMEA,Middle East,,Middle East,United Arab Emirates
s-SBR,AMER,Latin America and the Caribbean,Caribbean,Caribbean,Trinidad and Tobago
s-SBR,AMER,Latin America and the Caribbean,Central America,Central America,Mexico
s-SBR,AMER,Latin America and the Caribbean,Other Central and South America (Region),Other Central and South America (Region),Other Central and South America (Country)
s-SBR,AMER,Latin America and the Caribbean,South America,South America,Argentina
s-SBR,AMER,Latin America and the Caribbean,South America,South America,Bolivia
s-SBR,AMER,Latin America and the Caribbean,South America,South America,Brazil
s-SBR,AMER,Latin America and the Caribbean,South America,South America,Chile
s-SBR,AMER,Latin America and the Caribbean,South America,South America,Colombia
s-SBR,AMER,Latin America and the Caribbean,South America,South America,Ecuador
s-SBR,AMER,Latin America and the Caribbean,South America,South America,Paraguay
s-SBR,AMER,Latin America and the Caribbean,South America,South America,Peru
s-SBR,AMER,Latin America and the Caribbean,South America,South America,Uruguay
s-SBR,AMER,Latin America and the Caribbean,South America,South America,Venezuela
s-SBR,AMER,North America,,North America,Canada
s-SBR,AMER,North America,,North America,Other North America
s-SBR,AMER,North America,,North America,United States
s-SBR,APAC,Asia,Eastern Asia,Eastern Asia,China
s-SBR,APAC,Asia,Eastern Asia,Eastern Asia,Hong Kong
s-SBR,APAC,Asia,Eastern Asia,Eastern Asia,Japan
s-SBR,APAC,Asia,Eastern Asia,Eastern Asia,Macao
s-SBR,APAC,Asia,Eastern Asia,Eastern Asia,Other Northeast Asia ex China
s-SBR,APAC,Asia,Eastern Asia,Eastern Asia,South Korea
s-SBR,APAC,Asia,Eastern Asia,Eastern Asia,Taiwan
s-SBR,APAC,Asia,South-eastern Asia,South-eastern Asia,Brunei Darussalam
s-SBR,APAC,Asia,South-eastern Asia,South-eastern Asia,Indonesia
s-SBR,APAC,Asia,South-eastern Asia,South-eastern Asia,Malaysia
s-SBR,APAC,Asia,South-eastern Asia,South-eastern Asia,Myanmar
s-SBR,APAC,Asia,South-eastern Asia,South-eastern Asia,Other Southeast Asia
s-SBR,APAC,Asia,South-eastern Asia,South-eastern Asia,Philippines
s-SBR,APAC,Asia,South-eastern Asia,South-eastern Asia,Singapore
s-SBR,APAC,Asia,South-eastern Asia,South-eastern Asia,Thailand
s-SBR,APAC,Asia,South-eastern Asia,South-eastern Asia,Vietnam
s-SBR,APAC,Asia,Southern Asia,Southern Asia,Bangladesh
s-SBR,APAC,Asia,Southern Asia,Southern Asia,India
s-SBR,APAC,Asia,Southern Asia,Southern Asia,Other South Asia
s-SBR,APAC,Asia,Southern Asia,Southern Asia,Pakistan
s-SBR,APAC,Asia,Southern Asia,Southern Asia,Sri Lanka
s-SBR,APAC,Oceania,Australia and New Zealand,Australia and New Zealand,Australia
s-SBR,APAC,Oceania,Australia and New Zealand,Australia and New Zealand,New Zealand
s-SBR,EMEA,Africa,Central Africa,Central Africa,Angola
s-SBR,EMEA,Africa,Central Africa,Central Africa,Cameroon
s-SBR,EMEA,Africa,Central Africa,Central Africa,Equatorial Guinea
s-SBR,EMEA,Africa,Central Africa,Central Africa,Republic of the Congo
s-SBR,EMEA,Africa,Eastern Africa,Eastern Africa,Ethiopia
s-SBR,EMEA,Africa,Eastern Africa,Eastern Africa,Kenya
s-SBR,EMEA,Africa,Eastern Africa,Eastern Africa,Tanzania
s-SBR,EMEA,Africa,Eastern Africa,Eastern Africa,Uganda
s-SBR,EMEA,Africa,Northern Africa,Northern Africa,Algeria
s-SBR,EMEA,Africa,Northern Africa,Northern Africa,Egypt
s-SBR,EMEA,Africa,Northern Africa,Northern Africa,Libya
s-SBR,EMEA,Africa,Northern Africa,Northern Africa,Morocco
s-SBR,EMEA,Africa,Northern Africa,Northern Africa,Tunisia
s-SBR,EMEA,Africa,Other Africa (Region),Other Africa (Region),Other Africa (Country)
s-SBR,EMEA,Africa,Southern Africa,Southern Africa,Mozambique
s-SBR,EMEA,Africa,Southern Africa,Southern Africa,South Africa
s-SBR,EMEA,Africa,Western Africa,Western Africa,Ghana
s-SBR,EMEA,Africa,Western Africa,Western Africa,Nigeria
s-SBR,EMEA,Eurasia,,Eurasia,Azerbaijan
s-SBR,EMEA,Eurasia,,Eurasia,Belarus
s-SBR,EMEA,Eurasia,,Eurasia,Kazakhstan
s-SBR,EMEA,Eurasia,,Eurasia,Other Russia and CIS
s-SBR,EMEA,Eurasia,,Eurasia,Russia
s-SBR,EMEA,Eurasia,,Eurasia,Turkmenistan
s-SBR,EMEA,Eurasia,,Eurasia,Ukraine
s-SBR,EMEA,Eurasia,,Eurasia,Uzbekistan
s-SBR,EMEA,Europe,Eastern Europe,Eastern Europe,Bulgaria
s-SBR,EMEA,Europe,Eastern Europe,Eastern Europe,Czechia
s-SBR,EMEA,Europe,Eastern Europe,Eastern Europe,Hungary
s-SBR,EMEA,Europe,Eastern Europe,Eastern Europe,Poland
s-SBR,EMEA,Europe,Eastern Europe,Eastern Europe,Romania
s-SBR,EMEA,Europe,Eastern Europe,Eastern Europe,Slovakia
s-SBR,EMEA,Europe,Northern Europe,Northern Europe,Denmark
s-SBR,EMEA,Europe,Northern Europe,Northern Europe,Estonia
s-SBR,EMEA,Europe,Northern Europe,Northern Europe,Finland
s-SBR,EMEA,Europe,Northern Europe,Northern Europe,Latvia
s-SBR,EMEA,Europe,Northern Europe,Northern Europe,Lithuania
s-SBR,EMEA,Europe,Northern Europe,Northern Europe,Norway
s-SBR,EMEA,Europe,Northern Europe,Northern Europe,Sweden
s-SBR,EMEA,Europe,Northern Europe,Northern Europe,United Kingdom
s-SBR,EMEA,Europe,Other Central and Eastern Europe (Region),Other Central and Eastern Europe (Region),Other Central and Eastern Europe (Country)
s-SBR,EMEA,Europe,Southern Europe,Southern Europe,Croatia
s-SBR,EMEA,Europe,Southern Europe,Southern Europe,Greece
s-SBR,EMEA,Europe,Southern Europe,Southern Europe,Italy
s-SBR,EMEA,Europe,Southern Europe,Southern Europe,Portugal
s-SBR,EMEA,Europe,Southern Europe,Southern Europe,Serbia
s-SBR,EMEA,Europe,Southern Europe,Southern Europe,Slovenia
s-SBR,EMEA,Europe,Southern Europe,Southern Europe,Spain
s-SBR,EMEA,Europe,Southern Europe,Southern Europe,Turkey
s-SBR,EMEA,Europe,Western Europe,Western Europe,Austria
s-SBR,EMEA,Europe,Western Europe,Western Europe,Belgium
s-SBR,EMEA,Europe,Western Europe,Western Europe,France
s-SBR,EMEA,Europe,Western Europe,Western Europe,Germany
s-SBR,EMEA,Europe,Western Europe,Western Europe,Netherlands
s-SBR,EMEA,Europe,Western Europe,Western Europe,Other Western Europe
s-SBR,EMEA,Europe,Western Europe,Western Europe,Switzerland
s-SBR,EMEA,Middle East,,Middle East,Bahrain
s-SBR,EMEA,Middle East,,Middle East,Iran
s-SBR,EMEA,Middle East,,Middle East,Iraq
s-SBR,EMEA,Middle East,,Middle East,Israel
s-SBR,EMEA,Middle East,,Middle East,Kuwait
s-SBR,EMEA,Middle East,,Middle East,Oman
s-SBR,EMEA,Middle East,,Middle East,Other Middle East
s-SBR,EMEA,Middle East,,Middle East,Qatar
s-SBR,EMEA,Middle East,,Middle East,Saudi Arabia
s-SBR,EMEA,Middle East,,Middle East,United Arab Emirates
